name,lat,lon,country,name_slug
Mürzzuschlag,47.6079138,15.6772482,AT,murzzuschlag
Semmering,47.6395943,15.8308831,AT,semmering
Stein-Mautern,48.399412,15.5720601,AT,stein-mautern
Klangen,48.1200588,15.5411759,AT,klangen
Hofstetten-Grünau,48.0965812,15.5076006,AT,hofstetten-grunau
Birkfeld,47.3529562,15.6981653,AT,birkfeld
Oberfeistritz,47.2610397,15.714401,AT,oberfeistritz
Eichberg,47.6721752,15.9110463,AT,eichberg
Ober Grafendorf,48.1520921,15.5398852,AT,ober-grafendorf
Wilhelmsburg an der Traisen,48.1116918,15.6084476,AT,wilhelmsburg-an-der-traisen
Traisen,48.0568811,15.6123079,AT,traisen
Hirschwang,47.7071195,15.816064,AT,hirschwang
Reichenau,47.6980413,15.8393456,AT,reichenau
Dürnstein-Oberloiben,48.3933628,15.5251499,AT,durnstein-oberloiben
Baumgartner,47.7534728,15.8507477,AT,baumgartner
Unterfladnitz,47.1795712,15.6672828,AT,unterfladnitz
Anger,47.270749,15.6989902,AT,anger
Rosegg,47.3016055,15.693509,AT,rosegg
Payerbach Lokalbahn,47.6960879,15.8592977,AT,payerbach-lokalbahn
Hochschneeberg Bergbahnhof,47.7603246,15.8342548,AT,hochschneeberg-bergbahnhof
St. Pölten Hauptbahnhof,48.2082798,15.6246812,AT,st-polten-hauptbahnhof
Tullnerfeld,48.2951469,15.9965244,AT,tullnerfeld
Payerbach-Reichenau,47.696056,15.8632084,AT,payerbach-reichenau
Gloggnitz,47.6776851,15.9471974,AT,gloggnitz
St. Pölten Alpenbahnhof-Kaiserwald,48.1989346,15.6138812,AT,st-polten-alpenbahnhof-kaiserwald
Hadersdorf am Kamp,48.446545,15.7147461,AT,hadersdorf-am-kamp
Krems an der Donau,48.4088718,15.604992,AT,krems-an-der-donau
Absdorf-Hippersdorf,48.4019982,15.9857488,AT,absdorf-hippersdorf
Langenlois,48.4774856,15.6863744,AT,langenlois
Etsdorf-Straß,48.4531106,15.7303084,AT,etsdorf-stra
Fels am Wagram,48.4289861,15.8228666,AT,fels-am-wagram
Kirchberg am Wagram,48.4275339,15.8942341,AT,kirchberg-am-wagram
Sebersdorf,47.188928,15.9990432,AT,sebersdorf
Moosbierbaum-Heiligeneich,48.3060457,15.9009116,AT,moosbierbaum-heiligeneich
Traismauer,48.3479142,15.7455666,AT,traismauer
Viehofen,48.2306506,15.6527846,AT,viehofen
Herzogenburg,48.2765919,15.6964668,AT,herzogenburg
Statzendorf,48.3096216,15.6320309,AT,statzendorf
Paudorf,48.3516816,15.6158303,AT,paudorf
Furth-Palt,48.3846012,15.6057089,AT,furth-palt
Breitenstein,47.6600216,15.8204882,AT,breitenstein
Spital am Semmering,47.6163825,15.7480016,AT,spital-am-semmering
Krieglach,47.5472776,15.5602213,AT,krieglach
Hartberg,47.2814296,15.9852442,AT,hartberg
St. Pölten Alpenbahnhof,48.1984178,15.6129779,AT,st-polten-alpenbahnhof
Prinzersdorf,48.203083,15.5261698,AT,prinzersdorf
Peesen,47.2277778,15.6724301,AT,peesen
Großweikersdorf,48.4690027,15.9762231,AT,groweikersdorf
Kirchstetten,48.190246,15.8216213,AT,kirchstetten
Neulengbach,48.1995335,15.8928106,AT,neulengbach
Schrambach,48.0020385,15.5753128,AT,schrambach
Hainfeld,48.0397197,15.7677023,AT,hainfeld
Mitterdorf-Veitsch,47.5367371,15.5132788,AT,mitterdorf-veitsch
Lilienfeld,48.0137804,15.5933151,AT,lilienfeld
Ortmann,47.8934687,15.9790911,AT,ortmann
Grünbach am Schneeberg,47.7974631,15.9979464,AT,grunbach-am-schneeberg
Gutenstein,47.8769191,15.9108551,AT,gutenstein
Pernitz-Muggendorf,47.8957931,15.9577538,AT,pernitz-muggendorf
Böheimkirchen,48.1999832,15.7538943,AT,boheimkirchen
Rohrbach an der Gölsen,48.0477528,15.7428737,AT,rohrbach-an-der-golsen
St. Veit an der Gölsen,48.0451784,15.6715738,AT,st-veit-an-der-golsen
Rohrbach-Vorau,47.3894098,15.9858163,AT,rohrbach-vorau
Weiz Bahnhof,47.2146561,15.6306138,AT,weiz-bahnhof
Стамболийски,42.1332185,24.5364004,BG,
Банско,41.8439702,23.4902688,BG,
Обеля,42.7406882,23.2761026,BG,
Сарафово,42.5675123,27.492716,BG,
Добринище,41.8254363,23.5622341,BG,
Червен Бряг,43.2822393,24.0789073,BG,
Стадион Васил Левски,42.6861116,23.3324048,BG,
Люлин,42.7179986,23.258081,BG,
Западен парк,42.7116109,23.2697663,BG,
Вардар,42.7059742,23.2848286,BG,
Константин Величков,42.701712,23.2993033,BG,
Кочани,41.9125328,22.4153635,MK,
Мусагеница,42.658552,23.3644139,BG,
Суково,43.0722005,22.6681171,RS,
Жолио Кюри,42.6716025,23.3504925,BG,
Младост 1,42.6529948,23.3733445,BG,1
Тулово,42.5719986,25.554532,BG,
Софийски университет Св. Климент Охридски,42.6919636,23.3349869,BG,
Опълченска,42.6997018,23.311201,BG,
Телиш,43.3305096,24.2527142,BG,
Централна жп гара,42.7107565,23.3205464,BG,
Лъвов мост,42.7056634,23.3238526,BG,
Европейски съюз,42.6795963,23.3214829,BG,
Сердика II,42.6983689,23.3219092,BG,ii
Скутаре,42.1883562,24.8511583,BG,
Варвара,42.1556003,24.1376407,BG,
Белица,41.9175715,23.5796397,BG,
Якоруда,42.0231124,23.6720961,BG,
Разлог,41.880683,23.4731711,BG,
Крумово,42.0935108,24.8189611,BG,
Побит камък,42.6015551,23.6378175,BG,
Баня,42.5420389,24.8454175,BG,
Чешнегирово,42.132507,24.9752548,BG,
Аспарухово,42.9875335,27.3168936,BG,
Поповица,42.1388405,25.0598097,BG,
Раднево,42.2910873,25.9269326,BG,
Куртово Конаре,42.0953506,24.4918295,BG,
Кричим,42.0603575,24.4648953,BG,
Раждавица,42.3797276,22.7067872,BG,
Софийска Света гора,42.6763909,23.4101891,BG,
Александър Малинов,42.6474291,23.3765832,BG,
Акад. Александър Теодоров-Балан,42.6406942,23.3730067,BG,
Интер Експо Център - Цариградско шосе,42.649612,23.3936381,BG,
Бизнес парк София,42.6293908,23.3731599,BG,
Венчан,43.233157,27.3903924,BG,
Павликени,43.233114,25.3015802,BG,
Суворово,43.33405,27.5851501,BG,
Кубратово,42.7759962,23.3602106,BG,
Ловеч - Север,43.1687408,24.7301447,BG,
Летница,43.3162555,25.0592785,BG,
Долно село,42.2986157,22.4967535,MK,
Костандово,42.0356741,24.0704378,BG,
Цветино,42.0114477,23.8680613,BG,
Септември,42.2040862,24.1317263,BG,
Стрелча,42.4928896,24.3309607,BG,
Разменна,42.7109939,23.0282681,BG,
Младост 3,42.6465261,23.3837288,BG,3
Калояново,42.3341979,24.7555724,BG,
Труд,42.2302308,24.7239101,BG,
Пирот,43.1699646,22.5864658,RS,
Батановци,42.5954734,22.9536343,BG,
Хан Кубрат,42.7226651,23.3067769,BG,
Надежда,42.7280736,23.3008869,BG,
Бели Дунав,42.7361469,23.2920282,BG,
Ломско шосе,42.7404844,23.287282,BG,
Драгоман,42.9221887,22.9318242,BG,
Костинброд сп.,42.7923893,23.2093961,BG,
Панагюрище,42.4920655,24.1968517,BG,
Дългопол,43.0479273,27.341002,BG,
сп. Ябълково,42.0768945,25.44563,BG,
Катуница,42.1015957,24.875722,BG,
сп. Ягодово,42.1000644,24.8466674,BG,
Димитровград,43.0111291,22.7648827,RS,
Кремиковци,42.7516528,23.485635,BG,
Антон,42.7290637,24.2472763,BG,
Атолово,42.595973,26.7340762,BG,
Байково,43.4651212,26.8469528,BG,
Бобошево,42.1584567,23.0374075,BG,
Златуша,42.7655209,23.0398643,BG,
Долно Езерово,42.5163809,27.3606576,BG,
Владимир Павлов,42.5022882,27.4575061,BG,
Бургас Разпределителна,42.5167867,27.4236945,BG,
Бутово,43.302586,25.2171103,BG,
Българово,42.5958706,27.3020822,BG,
Веринско,42.4955326,23.769157,BG,
Висока поляна,43.4693131,26.7700559,BG,
Вълчи дол,43.4048799,27.5588001,BG,
Горни Дъбник,43.3801344,24.3443728,BG,
Градище,43.3262292,25.208724,BG,
Граф Игнатиево,42.2840389,24.7321279,BG,
Гълъбник,42.4131592,23.0850637,BG,
Джулюница,43.1607667,25.8829668,BG,
Дралфа,43.331564,26.4340744,BG,
Езерово,43.197472,27.7688995,BG,
Жабляно,42.4909474,22.7904678,BG,
Черниче,41.860101,23.1288537,BG,
Симитли,41.8842411,23.1070022,BG,
Железница,41.9253737,23.1048865,BG,
Житница,43.1104186,27.5228329,BG,
Балкан,43.0539472,23.3626238,BG,
ЖП школа - Лакатник,43.0864143,23.3926016,BG,
Оселна,43.0769443,23.5404828,BG,
Зверино,43.0811568,23.5712936,BG,
Ребърково,43.1141241,23.675252,BG,
Мездра юг,43.1315194,23.7038554,BG,
Звъничево,42.187381,24.2406459,BG,
Здравец,43.2892804,26.4994099,BG,
Калитиново,42.4269865,25.7315691,BG,
Каменец,43.3627389,25.00631,BG,
Търнак,42.9365148,27.2177471,BG,
Караджалово,42.1025626,25.3205575,BG,
Караджата,43.3063399,26.3124804,BG,
Радомир,42.5387449,22.9520606,BG,
Копиловци,42.3313076,22.7331478,BG,
Карлуково,43.1888557,24.071275,BG,
Каспичан,43.3116258,27.1670225,BG,
ж.п гара Кермен,42.498094,26.2636811,BG,
Кесарево,43.1684605,25.9293913,BG,
Козаревец,43.1386671,25.8176885,BG,
Комунари,43.0064957,27.290366,BG,
Световрачене,42.7831147,23.3814234,BG,
Локорско,42.7679878,23.4346922,BG,
Яна,42.7262344,23.5513307,BG,
Столник,42.7055411,23.632215,BG,
Саранци,42.7156308,23.7567652,BG,
Чеканчево,42.7079099,23.7739834,BG,
Мирково,42.7034602,23.9968253,BG,
Челопеч,42.6981208,24.0766562,BG,
Пирдоп,42.7099151,24.1741102,BG,
Розино,42.7157891,24.539388,BG,
Сопот,42.6417214,24.7423814,BG,
Яхиново,42.2875721,23.1288712,BG,
Мурсалево,42.1174554,23.03829,BG,
Кочериново,42.0808105,23.0373996,BG,
Кочово,43.2233301,26.7945727,BG,
Крушето,43.2421234,25.6690837,BG,
Куцина,43.2686652,25.6468078,BG,
Лесичери,43.2007526,25.4157421,BG,
Ловец,43.2569673,26.6934054,BG,
Медовина,43.3171887,26.1821743,BG,
Пордим,43.3863418,24.8475184,BG,
Михалци-Стамболово,43.2159579,25.3608076,BG,
Русаля Дичин,43.1933267,25.4710831,BG,
Ресен,43.1814953,25.5640538,BG,
Поликраище,43.1675816,25.6201324,BG,
Мокрище,42.1803239,24.2932275,BG,
Монтана,43.4084098,23.2300539,BG,
Морава,43.4530086,25.206585,BG,
Невша,43.2490837,27.2843491,BG,
Равна,43.2346417,27.3457349,BG,
Синдел Разпределителна,43.1231248,27.5985512,BG,
Тръстиково,43.1437431,27.6030106,BG,
Страшимирово,43.1975796,27.74085,BG,
Моряк,43.1909498,27.7585747,BG,
Тополите,43.2001483,27.8105282,BG,
Надарево,43.2454275,26.7591162,BG,
Черганово,42.588489,25.4747329,BG,
Охрид,43.4524141,23.3656841,BG,
Петко Каравелово,43.299006,25.6397512,BG,
Плиска,43.3444063,27.0946171,BG,
Подвис,42.801593,26.876482,BG,
Раданово,43.342438,25.638306,BG,
Сахране,42.6459524,25.2230126,BG,
Соколово,43.020827,25.5316343,BG,
Стражица,43.2169009,25.9545605,BG,
Стралджа,42.592256,26.6885482,BG,
Струпец,43.1360458,23.8655008,BG,
Търговище,43.2634332,26.578084,BG,
Хаджиево,42.1328761,24.4514358,BG,
Церковски,42.6207694,26.8412813,BG,
Дунавци,42.6590686,25.3023217,BG,
Свобода,42.2392632,25.4369423,BG,
Ботев,42.6012208,24.8938072,BG,
Самоводене,43.1375571,25.6189963,BG,
жп гара Хан Аспарухово,42.4447436,25.8453238,BG,
Меричлери,42.1216709,25.4908176,BG,
Хитрино,43.4262367,26.9091676,BG,
Аврамово,42.0368955,23.8204387,BG,
Роман,43.1545279,23.9214951,BG,
Християново,42.3516737,25.5953374,BG,
Казанлък,42.6138328,25.3915575,BG,
Летище София,42.6879741,23.4161918,BG,
Стряма,42.6957498,24.421523,BG,
Долна Махала,42.4080811,24.7784639,BG,
Съединение,42.2599914,24.5341758,BG,
Величково,43.0472244,27.4416506,BG,
Юнак,43.0891713,27.61272,BG,
Смядово,43.0761743,27.0293455,BG,
Троян,42.8811035,24.7140528,BG,
Витоша,42.6581785,23.3162679,BG,
Храбърско,42.8054084,23.0618723,BG,
Национален дворец на културата II,42.6890979,23.3178446,BG,ii
Св. Патриарх Евтимий,42.6882031,23.3274792,BG,
Дойренци,43.2266506,24.844489,BG,
Маноле / Manole,42.185061,24.9234417,BG,/-manole
ж.п.гара Шивачево,42.6800627,26.026891,BG,
Бобов дол,42.3758498,23.0005404,BG,
Ловеч,43.1368475,24.7069538,BG,
бул. Цар Борис III / Красно село,42.679086,23.2843511,BG,iii-/
Горна баня,42.6831167,23.2417296,BG,
Овча купел,42.6832194,23.2702032,BG,
Театрална,42.6970634,23.3468234,BG,
Хаджи Димитър,42.7025457,23.3522642,BG,
Орлов мост,42.6905683,23.3361814,BG,
Медицински университет,42.6865585,23.3093903,BG,
България,42.6792938,23.3011089,BG,
Мадара,43.2746995,27.0998543,BG,
Благоевград,42.0134639,23.0850569,BG,
Филипово,42.1668009,24.7368017,BG,
Партизани,43.0190339,27.2563678,BG,
Национален дворец на културата,42.6882043,23.3190231,BG,
Джеймс Баучер,42.670622,23.3204611,BG,
Благово,43.3609853,23.2246032,BG,
Бойчиновци,43.4751282,23.3387659,BG,
Карнобат,42.6677803,26.9771958,BG,
Калояновец,42.3113752,25.5694399,BG,
Курило,42.8180984,23.3567326,BG,
Хан Крум,43.2036428,26.890685,BG,
Плевен,43.4209425,24.6145199,BG,
Реброво,42.8989494,23.3882666,BG,
Хисар,42.505329,24.700508,BG,
Ямбол,42.4956847,26.490973,BG,
Твърдица,42.6952231,25.8984288,BG,
Айтос,42.6947243,27.2460998,BG,
Мизия,42.6838955,23.2570294,BG,
Овча купел II,42.6847426,23.2478221,BG,ii
Сердика,42.6980284,23.3203473,BG,
Г. М. Димитров,42.6626636,23.357875,BG,
Княгиня Мария Луиза,42.7142345,23.3129883,BG,
Дълга лъка,43.0600567,25.6339655,BG,
Симеоновград,42.0248592,25.8456568,BG,
Бела Паланка,43.2216649,22.3176187,RS,
Хасково,41.9330137,25.5800402,BG,
Горна Оряховица,43.1398177,25.6819367,BG,
Змейово,42.4989283,25.5961436,BG,
Михайлово,42.2427521,25.5292225,BG,
Димитриево,42.1869744,25.5469841,BG,
Димитровград север,42.0713969,25.5735576,BG,
Харманли,41.9225246,25.9240973,BG,
Любимец,41.8512105,26.0738343,BG,
Кликач,42.7071463,27.0568807,BG,
Янтра,43.2070215,25.6656547,BG,
Бов,43.0220704,23.3514552,BG,
Ихтиман,42.4295731,23.7990107,BG,
Оплетня,43.0974214,23.4315711,BG,
Подуяне Пътническа,42.6979275,23.3546583,BG,
Девня,43.2177414,27.5960691,BG,
Повеляново,43.1942135,27.6400718,BG,
Разделна,43.1690323,27.6248192,BG,
Велинград,42.0247422,23.9963548,BG,
Мътница,43.2830667,27.024875,BG,
Варна,43.1980013,27.9122585,BG,
Оризово,42.2045048,25.1756118,BG,
Банкя,42.7060917,23.1509051,BG,
Лакатник,43.0825826,23.37882,BG,
Белово,42.2156121,24.0184011,BG,
Елин Пелин,42.6284861,23.5789608,BG,
Волуяк,42.7548363,23.2444286,BG,
Криводол,43.3669136,23.4725259,BG,
Дъбово,42.6141841,25.6375806,BG,
Искър,42.6647171,23.4130159,BG,
Гюешево,42.235653,22.4761775,MK,
Белослав,43.1985773,27.7059961,BG,
Левски,43.350771,25.1429097,BG,
Вакарел,42.5562156,23.7073482,BG,
Шумен,43.2716275,26.9437619,BG,
Централна гара Пловдив,42.1341703,24.7413839,BG,
Попово,43.3328549,26.232807,BG,
Макоцево,42.6898066,23.8035251,BG,
Казичене,42.6525527,23.4698415,BG,
Копривщица,42.7009865,24.3390415,BG,
Любеново предавателна,42.1865341,25.9058755,BG,
Нова Загора,42.4856671,26.0161533,BG,
Царева ливада,42.9328818,25.4547234,BG,
Габрово,42.8851746,25.3167276,BG,
Централна гара София,42.7129593,23.3208899,BG,
Бургас Централна гара,42.4906937,27.4725306,BG,
Стара Загора,42.4160392,25.6296382,BG,
Ansbach,49.2979431,10.5777328,DE,ansbach
Oberdachstetten,49.4179773,10.4237258,DE,oberdachstetten
Nürnberg-Stein,49.4252777,11.0176745,DE,nurnberg-stein
Triesdorf,49.2002517,10.6800339,DE,triesdorf
Gunzenhausen,49.1206793,10.7556064,DE,gunzenhausen
Kulmbach,50.109855,11.4518382,DE,kulmbach
Wissingen,52.2585366,8.2039781,DE,wissingen
Tiergarten,52.5143746,13.3364504,DE,tiergarten
Bünde (Westf),52.202246,8.5743329,DE,bunde-westf
Kirchlengern,52.1967257,8.6439681,DE,kirchlengern
Lehrte,52.3764871,9.9742264,DE,lehrte
Meinersen,52.4492981,10.3217888,DE,meinersen
Lichtenfels,50.1462694,11.0589522,DE,lichtenfels
Quickborn Süd,53.723036,9.9075065,DE,quickborn-sud
Eystrup,52.7839495,9.2311697,DE,eystrup
Geestenseth,53.5065706,8.859299,DE,geestenseth
Harsefeld,53.4500852,9.4990755,DE,harsefeld
Bremen-Hemelingen,53.0539423,8.8871732,DE,bremen-hemelingen
Lübeck Hauptbahnhof,53.8675937,10.6698551,DE,lubeck-hauptbahnhof
Verden (Aller),52.9207954,9.237876,DE,verden-aller
Wunstorf,52.4221569,9.4514075,DE,wunstorf
Mainleus,50.0997081,11.379828,DE,mainleus
Marktschorgast,50.0908405,11.653602,DE,marktschorgast
Dortmund-Kurl,51.5570255,7.5852785,DE,dortmund-kurl
Dortmund-Bövinghausen,51.5188789,7.3275594,DE,dortmund-bovinghausen
Erichshof,53.0018508,8.7910235,DE,erichshof
Schloß Holte,51.9077658,8.6114163,DE,schlo-holte
Hövelhof,51.8240084,8.6616455,DE,hovelhof
Paderborn-Sennelager,51.7703723,8.7137798,DE,paderborn-sennelager
Unna-Königsborn,51.5532388,7.687776,DE,unna-konigsborn
Geseke,51.6452218,8.510302,DE,geseke
Lübberstedt,53.3428686,8.7852965,DE,lubberstedt
Löhne (Westf),52.1965102,8.7139521,DE,lohne-westf
Westend,52.5180135,13.2844201,DE,westend
Gehlberg,50.6837805,10.7697075,DE,gehlberg
Delmenhorst,53.0528092,8.6294626,DE,delmenhorst
Bremen Neustadt,53.0761509,8.7860771,DE,bremen-neustadt
Bremerhaven Hauptbahnhof,53.5350147,8.5993743,DE,bremerhaven-hauptbahnhof
Othmarschen,53.5591518,9.8852809,DE,othmarschen
Torgau,51.5628862,12.9909587,DE,torgau
Wannsee,52.4214071,13.1798077,DE,wannsee
Pichelsberg,52.5101503,13.2276304,DE,pichelsberg
Grunewald,52.4882479,13.2610104,DE,grunewald
Schweinfurt Hbf,50.0350546,10.2120347,DE,schweinfurt-hbf
Ebenhausen (Unterfr),50.1317691,10.1377468,DE,ebenhausen-unterfr
Rastede,53.2446036,8.1910167,DE,rastede
Varel (Oldb),53.3990747,8.1502302,DE,varel-oldb
Sande,53.4900687,8.0316614,DE,sande
Potsdam Medienstadt Babelsberg,52.3825232,13.1220475,DE,potsdam-medienstadt-babelsberg
Bahnhof Historische Pferdebahn,53.7694838,7.6890193,DE,bahnhof-historische-pferdebahn
Würzburg Hauptbahnhof,49.8026489,9.936054,DE,wurzburg-hauptbahnhof
Berlin Zoologischer Garten,52.5074342,13.3325608,DE,berlin-zoologischer-garten
Ruhleben,52.5256744,13.2414191,DE,ruhleben
Lemgo,52.0225015,8.8949914,DE,lemgo
Reuth (b Plauen/Vogtl),50.4759342,11.9543698,DE,reuth-b-plauen/vogtl
Bernau (bei Berlin),52.6753854,13.5919415,DE,bernau-bei-berlin
Karow,52.6152148,13.4694647,DE,karow
Horneburg,53.5082936,9.5768845,DE,horneburg
Stade,53.5960704,9.4775887,DE,stade
Cadenberge,53.7679539,9.0584937,DE,cadenberge
Amrumer Straße,52.5423332,13.3501546,DE,amrumer-strae
Kurfürstendamm,52.5038223,13.3314365,DE,kurfurstendamm
Güntzelstraße,52.4920843,13.3310064,DE,guntzelstrae
Berliner Straße,52.4873298,13.3310103,DE,berliner-strae
Friedrich-Wilhelm-Platz,52.4721217,13.3287301,DE,friedrich-wilhelm-platz
Walther-Schreiber-Platz,52.4653254,13.3282601,DE,walther-schreiber-platz
Schloßstraße,52.461481,13.3250946,DE,schlostrae
Rathaus Steglitz,52.4567983,13.3209344,DE,rathaus-steglitz
Beusselstraße,52.5344077,13.3293873,DE,beusselstrae
Theodor-Heuss-Platz,52.5099869,13.2722217,DE,theodor-heuss-platz
Neu-Westend,52.5162154,13.2592357,DE,neu-westend
Deutsche Oper,52.511837,13.3105328,DE,deutsche-oper
Ernst-Reuter-Platz,52.5118853,13.3221613,DE,ernst-reuter-platz
Ochsenfurt,49.6631062,10.0736945,DE,ochsenfurt
Lindauer Allee,52.5754161,13.3384251,DE,lindauer-allee
Retzbach-Zellingen,49.9055365,9.8139812,DE,retzbach-zellingen
Leopoldstal,51.8444649,8.9710978,DE,leopoldstal
Horn-Bad Meinberg,51.8815659,8.9551479,DE,horn-bad-meinberg
Bennemühlen,52.5814053,9.7264354,DE,bennemuhlen
Bissendorf,52.5224385,9.7481226,DE,bissendorf
Langenhagen Pferdemarkt,52.4508691,9.7357175,DE,langenhagen-pferdemarkt
Hannover-Vinnhorst,52.4236556,9.7072201,DE,hannover-vinnhorst
Eberswalde Hauptbahnhof,52.8341138,13.7971952,DE,eberswalde-hauptbahnhof
Jannowitzbrücke,52.5153554,13.4181732,DE,jannowitzbrucke
Innsbrucker Platz,52.478987,13.3436736,DE,innsbrucker-platz
Schwäbisch Hall,49.1080592,9.7336683,DE,schwabisch-hall
Rummelsburg,52.501288,13.478367,DE,rummelsburg
Berlin-Lichtenberg,52.5097832,13.4961404,DE,berlin-lichtenberg
Bayerischer Platz,52.4885755,13.3405436,DE,bayerischer-platz
Marzahn,52.5436548,13.5413545,DE,marzahn
Wuhletal,52.5126122,13.5752134,DE,wuhletal
Mahlsdorf,52.5120903,13.6104126,DE,mahlsdorf
Syke,52.9165346,8.8100791,DE,syke
Bremen-Sebaldsbrück,53.061219,8.8878228,DE,bremen-sebaldsbruck
Neustadt (Dosse),52.8533306,12.4500127,DE,neustadt-dosse
Falkensee,52.5597359,13.0894796,DE,falkensee
Golm,52.4097952,12.9718767,DE,golm
Potsdam Park Sanssouci,52.3945735,13.0136905,DE,potsdam-park-sanssouci
Birkenwerder,52.6886604,13.2886929,DE,birkenwerder
Groß Schönebeck,52.9042351,13.537477,DE,gro-schonebeck
Saarmund,52.3236224,13.1392051,DE,saarmund
Ferch-Lienewitz,52.303736,12.9641369,DE,ferch-lienewitz
Hohenschönhausen,52.5662755,13.5124988,DE,hohenschonhausen
Wartenberg,52.572982,13.5038322,DE,wartenberg
Marienfelde,52.4242122,13.3746844,DE,marienfelde
Werder (Havel),52.3928748,12.9269844,DE,werder-havel
Kirchmöser,52.375746,12.4215881,DE,kirchmoser
Walsrode,52.8653496,9.6012119,DE,walsrode
Bad Neustadt (Saale),50.3282279,10.2261015,DE,bad-neustadt-saale
Mellrichstadt Bf,50.4244694,10.3066804,DE,mellrichstadt-bf
Landsberg (bei Halle/Saale),51.532554,12.1662681,DE,landsberg-bei-halle/saale
Ahrensfelde (Bz Bremen),53.2333987,8.8182576,DE,ahrensfelde-bz-bremen
Worpswede,53.226606,8.9154764,DE,worpswede
Bismarckstraße,52.5115148,13.3052393,DE,bismarckstrae
Richard-Wagner-Platz,52.517387,13.306588,DE,richard-wagner-platz
Schwaan,53.9389493,12.1179181,DE,schwaan
Bad Bevensen,53.0785165,10.573915,DE,bad-bevensen
Trebgast,50.0652487,11.5522948,DE,trebgast
Bayreuth Hbf,49.9498313,11.5798173,DE,bayreuth-hbf
Harsdorf,50.0277334,11.5662468,DE,harsdorf
Dauenhof,53.852561,9.6807433,DE,dauenhof
Schönberg (Vogtl),50.5284638,11.961153,DE,schonberg-vogtl
Gutenfürst,50.4187761,11.9609136,DE,gutenfurst
Kirchenlaibach,49.8699667,11.7763403,DE,kirchenlaibach
Creußen (Oberfr),49.849743,11.6283006,DE,creuen-oberfr
Neuhaus (Pegnitz),49.6266426,11.5517052,DE,neuhaus-pegnitz
Eilenburg,51.4518015,12.6368329,DE,eilenburg
Pasewalk,53.5150049,13.9892981,DE,pasewalk
Blumenthal,53.0765413,12.3339439,DE,blumenthal
Kremmen,52.7534082,13.0399856,DE,kremmen
Calbe (Saale) Ost,51.9206223,11.810498,DE,calbe-saale-ost
Schkeuditz,51.4024585,12.2221962,DE,schkeuditz
Angern-Rogätz,52.3386172,11.7597095,DE,angern-rogatz
Hohenwulsch,52.6676295,11.5948789,DE,hohenwulsch
Brunau-Packebusch,52.751537,11.4837956,DE,brunau-packebusch
Salzwedel,52.8582934,11.1611006,DE,salzwedel
Schnega,52.8690357,10.89041,DE,schnega
Wieren,52.8926052,10.655688,DE,wieren
Drangstedt,53.6180213,8.7414279,DE,drangstedt
Bad Bederkesa,53.6303723,8.8279184,DE,bad-bederkesa
Kyritz,52.9424017,12.3909777,DE,kyritz
Fürth (Bayern) Hauptbahnhof,49.4697537,10.9899358,DE,furth-bayern-hauptbahnhof
Crailsheim,49.138268,10.0642947,DE,crailsheim
Dombühl,49.252063,10.2985627,DE,dombuhl
Sangerhausen,51.4798304,11.2943896,DE,sangerhausen
Neumarkt (Oberpf),49.2733225,11.4566709,DE,neumarkt-oberpf
Zirndorf,49.4438325,10.9586597,DE,zirndorf
Schandelah,52.2672784,10.6855896,DE,schandelah
Königslutter,52.257107,10.8126962,DE,konigslutter
Helmstedt,52.2220333,11.0105391,DE,helmstedt
Öhringen Hauptbahnhof,49.203252,9.5026549,DE,ohringen-hauptbahnhof
Seddin,52.2915287,12.9845109,DE,seddin
Luckau Zentrum,51.8579126,13.7138576,DE,luckau-zentrum
Uckro Süd,51.8519254,13.6090415,DE,uckro-sud
Storkow (Mark),52.251657,13.9209005,DE,storkow-mark
Friedersdorf (bei Königs Wusterhausen),52.2898231,13.7856424,DE,friedersdorf-bei-konigs-wusterhausen
Dahlen (Sachs),51.3510448,12.9837569,DE,dahlen-sachs
Hesedorf,53.4727572,9.1953982,DE,hesedorf
Marienfeld,51.9503614,8.2777387,DE,marienfeld
Gütersloh Nord,51.9091312,8.3872415,DE,gutersloh-nord
Verl,51.8807295,8.5090287,DE,verl
Kaunitz,51.8580903,8.5674561,DE,kaunitz
Rahden,52.4332341,8.6239261,DE,rahden
Halle-Südstadt,51.4479883,11.9508026,DE,halle-sudstadt
Wennigsen (Deister),52.2794663,9.5725715,DE,wennigsen-deister
Landungsbrücken,53.5462334,9.9711435,DE,landungsbrucken
Rötgesbüttel,52.4136185,10.523316,DE,rotgesbuttel
Eidelstedt Zentrum,53.6099521,9.9011942,DE,eidelstedt-zentrum
Haste,52.3796851,9.3890908,DE,haste
Hohen Neuendorf (b Berlin),52.66865,13.2870408,DE,hohen-neuendorf-b-berlin
Sanitz (b Rostock),54.0750292,12.3766833,DE,sanitz-b-rostock
Fredersdorf (b Berlin),52.5262465,13.7604458,DE,fredersdorf-b-berlin
Rodleben,51.8974718,12.2173582,DE,rodleben
Groß Schwaß,54.0768375,12.0475371,DE,gro-schwa
Blankenberg (Meckl),53.7723504,11.7146716,DE,blankenberg-meckl
Eisenacher Straße,52.4895529,13.3501694,DE,eisenacher-strae
Barnten,52.1952696,9.8148582,DE,barnten
Stechlinsee,53.1491192,12.9855428,DE,stechlinsee
Ottersberg,53.0969197,9.1337373,DE,ottersberg
Ducherow,53.7622878,13.7984274,DE,ducherow
Schwarzenbek,53.503774,10.484957,DE,schwarzenbek
Boizenburg/Elbe,53.378098,10.7541756,DE,boizenburg/elbe
Röblingen am See,51.4626576,11.6681651,DE,roblingen-am-see
Oldenburg (Oldb) Hbf,53.144191,8.2231132,DE,oldenburg-oldb-hbf
Peine,52.3189555,10.2306793,DE,peine
Ritschenhausen,50.5130353,10.4293656,DE,ritschenhausen
Markt Erlbach,49.4922947,10.6591202,DE,markt-erlbach
Langenzenn,49.4968259,10.8011193,DE,langenzenn
Westerstede-Ocholt,53.2021623,7.8867806,DE,westerstede-ocholt
Bad Zwischenahn,53.1824713,8.0037823,DE,bad-zwischenahn
Ludwigslust,53.334718,11.4945852,DE,ludwigslust
Pritzier,53.3649145,11.0829878,DE,pritzier
Muldenstein,51.6678336,12.3542629,DE,muldenstein
Pratau,51.8428247,12.6350748,DE,pratau
Coburg,50.2627593,10.9575111,DE,coburg
Rathaus Reinickendorf,52.5884057,13.3257334,DE,rathaus-reinickendorf
Lemförde,52.4597761,8.3613083,DE,lemforde
Barnstorf,52.7074019,8.5101934,DE,barnstorf
Südstern,52.4892983,13.4076671,DE,sudstern
Allersberg (Rothsee),49.2617946,11.2126676,DE,allersberg-rothsee
Ruhland,51.4552602,13.8701069,DE,ruhland
Sponholz,53.5638586,13.3663556,DE,sponholz
Gröditz (b Riesa),51.4113473,13.439312,DE,groditz-b-riesa
Bad Liebenwerda,51.5184186,13.4028276,DE,bad-liebenwerda
Herzberg (Elster),51.6794431,13.2028483,DE,herzberg-elster
Stadthagen,52.3328283,9.1893212,DE,stadthagen
Leese-Stolzenau,52.5093677,9.1099414,DE,leese-stolzenau
Yorckstraße,52.4929715,13.3706891,DE,yorckstrae
Wernigerode Westerntor,51.8341082,10.7803358,DE,wernigerode-westerntor
Wernigerode Hbf,51.8401896,10.7888637,DE,wernigerode-hbf
Quakenbrück,52.674409,7.9478562,DE,quakenbruck
Vlotho,52.1722214,8.8640214,DE,vlotho
Friedrichsfelde,52.5061644,13.5128387,DE,friedrichsfelde
Mühlenbeck-Mönchmühle,52.654749,13.3862202,DE,muhlenbeck-monchmuhle
Wertheim,49.7618683,9.5131491,DE,wertheim
Halle (Westf),52.0572773,8.3577677,DE,halle-westf
Lindhorst,52.3542551,9.2884643,DE,lindhorst
Hoisbüttel,53.6777026,10.1478672,DE,hoisbuttel
Haßfurt,50.0333678,10.5097578,DE,hafurt
Waigolshausen,49.9672209,10.1158054,DE,waigolshausen
Schnelsen,53.6342106,9.9065479,DE,schnelsen
Heinschenwalde,53.4986962,8.9729312,DE,heinschenwalde
Hasloh,53.6946951,9.9199358,DE,hasloh
Apensen,53.4415417,9.6116858,DE,apensen
Lauenförde-Beverungen,51.6584816,9.3927624,DE,lauenforde-beverungen
Neuenkirchen (Oldb),52.5083548,8.0595371,DE,neuenkirchen-oldb
Stammbach,50.1548495,11.7050139,DE,stammbach
Schwarzenbach (Saale),50.2203931,11.935893,DE,schwarzenbach-saale
Gransee,53.0022995,13.1684982,DE,gransee
Wittstock (Dosse),53.1604863,12.4792939,DE,wittstock-dosse
Beelitz-Heilstätten,52.2621066,12.9255296,DE,beelitz-heilstatten
Borkheide,52.2308304,12.8546025,DE,borkheide
Karstädt,53.1608281,11.7383726,DE,karstadt
Grabow (Meckl),53.2830948,11.5638854,DE,grabow-meckl
Merseburg Hauptbahnhof,51.3568506,11.9904345,DE,merseburg-hauptbahnhof
Blumenhagen,53.5282995,13.872035,DE,blumenhagen
Strasburg (Uckermark),53.5151195,13.7434324,DE,strasburg-uckermark
Oertzenhof,53.51802,13.5729263,DE,oertzenhof
Neubrandenburg,53.5618868,13.2615857,DE,neubrandenburg
Sitzendorf-Unterweißbach,50.627356,11.1553703,DE,sitzendorf-unterweibach
Jüterbog,51.9974208,13.0540462,DE,juterbog
Hoheluftbrücke,53.5774925,9.976099,DE,hoheluftbrucke
Geroldshausen,49.6873763,9.9038023,DE,geroldshausen
Halle (Saale) Hauptbahnhof,51.4774872,11.9872964,DE,halle-saale-hauptbahnhof
Hannover Messe/Laatzen,52.3173696,9.7924818,DE,hannover-messe/laatzen
Stelle,53.3874932,10.1094826,DE,stelle
Dortmund-Marten,51.5145302,7.3743716,DE,dortmund-marten
Malchin,53.7433643,12.7611747,DE,malchin
Teterow,53.7684088,12.578006,DE,teterow
Lalendorf,53.7550167,12.3871455,DE,lalendorf
Bützow,53.8372304,11.998196,DE,butzow
Bad Kleinen,53.7666849,11.4661982,DE,bad-kleinen
Schwerin Hauptbahnhof,53.6353803,11.4075049,DE,schwerin-hauptbahnhof
Holzdorf (Elster),51.7804605,13.1141772,DE,holzdorf-elster
Oehna,51.932056,13.0486326,DE,oehna
Luckenwalde,52.0904426,13.1601561,DE,luckenwalde
Oldenburg (Holstein),54.2839697,10.8826658,DE,oldenburg-holstein
Potsdam-Rehbrücke,52.3582619,13.0981281,DE,potsdam-rehbrucke
Berlin-Charlottenburg,52.5043157,13.3026447,DE,berlin-charlottenburg
Brügmannplatz,51.5192869,7.469673,DE,brugmannplatz
Amberg,49.4474822,11.8628569,DE,amberg
Bremen-Aumund,53.1851073,8.6176078,DE,bremen-aumund
Hauptbahnhof Süd,53.5521608,10.0093336,DE,hauptbahnhof-sud
Bienenbüttel,53.1423811,10.4842244,DE,bienenbuttel
Laineck,49.9592338,11.6156299,DE,laineck
Witzenhausen Nord,51.3516343,9.8629853,DE,witzenhausen-nord
Friedland (Han),51.421603,9.9147429,DE,friedland-han
Peißnitzbrücke,51.4935454,11.9493782,DE,peinitzbrucke
Gneisenaustraße,52.4912895,13.3958247,DE,gneisenaustrae
Nauen,52.6127314,12.8855858,DE,nauen
Alter Teichweg,53.5862016,10.0649307,DE,alter-teichweg
Varensell,51.8750853,8.4554824,DE,varensell
Bad Holzhausen,52.2890668,8.5459231,DE,bad-holzhausen
Treptower Park,52.4938491,13.4618296,DE,treptower-park
Vechta,52.7291936,8.280409,DE,vechta
Heiligendamm,54.1416699,11.8428302,DE,heiligendamm
Rottendorf,49.7931837,10.0291347,DE,rottendorf
Jena-Göschwitz,50.8837843,11.5932515,DE,jena-goschwitz
Kühlungsborn Ost,54.147685,11.7597761,DE,kuhlungsborn-ost
Satteldorf,49.1781915,10.0781333,DE,satteldorf
Marxgrün,50.3549907,11.6866769,DE,marxgrun
Bad Steben,50.3649522,11.6472781,DE,bad-steben
Mönckebergstraße,53.5512748,10.0019036,DE,monckebergstrae
Fangschleuse,52.4067723,13.8234147,DE,fangschleuse
Langenhagen-Kaltenweide,52.4798815,9.7363906,DE,langenhagen-kaltenweide
Lengerich (Westf),52.1757032,7.8783228,DE,lengerich-westf
Halberstadt Hauptbahnhof,51.8993839,11.0733468,DE,halberstadt-hauptbahnhof
Olympiastadion,52.5112644,13.242828,DE,olympiastadion
Sellin (Rügen) Ost,54.3713605,13.6983821,DE,sellin-rugen-ost
Berlin Südkreuz,52.4765716,13.3660396,DE,berlin-sudkreuz
Langeoog Bf,53.7460046,7.4860202,DE,langeoog-bf
Groß Kreutz,52.4109748,12.7770339,DE,gro-kreutz
Bad Kissingen,50.1915645,10.0797425,DE,bad-kissingen
Hammelburg,50.1199134,9.8833104,DE,hammelburg
Bookholzberg,53.0990583,8.5329662,DE,bookholzberg
Bohnhorst,52.4326856,8.8069549,DE,bohnhorst
Lavelsloh-Diepenau,52.4248026,8.7393514,DE,lavelsloh-diepenau
Brake (Unterweser),53.3286418,8.4811634,DE,brake-unterweser
Lauenburg/Elbe,53.3697508,10.568317,DE,lauenburg/elbe
Osnabrück Hauptbahnhof,52.2729063,8.0615665,DE,osnabruck-hauptbahnhof
Fürstenberg (Havel),53.1867756,13.1393746,DE,furstenberg-havel
Treuenbrietzen,52.0919146,12.8568155,DE,treuenbrietzen
Nordhausen Nord,51.4940169,10.7879182,DE,nordhausen-nord
Ulzburg Süd,53.7733808,9.9728983,DE,ulzburg-sud
Britz,52.872664,13.8200845,DE,britz
Basdorf,52.7154161,13.4338885,DE,basdorf
Bad Staffelstein,50.1086609,10.9949941,DE,bad-staffelstein
Bad Segeberg,53.9339402,10.3078883,DE,bad-segeberg
Frose,51.7935093,11.3750795,DE,frose
Klosterfelde,52.7912113,13.4881679,DE,klosterfelde
Oschersleben (Bode),52.0307123,11.2275711,DE,oschersleben-bode
Leeste (b Bremen),52.9943571,8.8184926,DE,leeste-b-bremen
Sontra,51.0715634,9.9306221,DE,sontra
Stralsund Hbf,54.3088727,13.0777309,DE,stralsund-hbf
Barrien,52.9465795,8.8182379,DE,barrien
Annenheide,53.0241342,8.6502083,DE,annenheide
Groß Mackenstedt,52.9975821,8.7038212,DE,gro-mackenstedt
Heiligenrode,52.9813729,8.6989554,DE,heiligenrode
Kirchseelte,52.954873,8.6783409,DE,kirchseelte
Harpstedt,52.9110425,8.6007113,DE,harpstedt
Bruchhausen-Vilsen,52.8278066,8.9899376,DE,bruchhausen-vilsen
Wolgast,54.043754,13.7687479,DE,wolgast
Buchenhorst,54.2682538,12.7114929,DE,buchenhorst
Gelbensande,54.1989452,12.3053923,DE,gelbensande
Gräfenhainichen,51.7248354,12.4603,DE,grafenhainichen
Kaltenkirchen Süd,53.8234563,9.9730012,DE,kaltenkirchen-sud
Kaltenkirchen,53.8346112,9.9662018,DE,kaltenkirchen
Mahlow,52.3606346,13.4078294,DE,mahlow
Dessau-Mosigkau,51.814243,12.1493176,DE,dessau-mosigkau
Burgkemnitz,51.6899254,12.408776,DE,burgkemnitz
Lutherstadt Wittenberg Hbf,51.8675201,12.6620632,DE,lutherstadt-wittenberg-hbf
Lutherstadt Eisleben,51.5182996,11.5509676,DE,lutherstadt-eisleben
Ankum,52.5418755,7.8778933,DE,ankum
Zossen,52.2189728,13.4387099,DE,zossen
Brandenburg Hauptbahnhof,52.4004813,12.5657504,DE,brandenburg-hauptbahnhof
Schnabelwaid,49.8105454,11.5957267,DE,schnabelwaid
Alexisbad,51.6479816,11.1148732,DE,alexisbad
Mägdesprung,51.670245,11.1326674,DE,magdesprung
Harzgerode,51.6433697,11.1422884,DE,harzgerode
Markelsheim,49.4782557,9.8352946,DE,markelsheim
Salzbergen,52.3228782,7.3509592,DE,salzbergen
Delmenhorst Süd,53.0482602,8.6407313,DE,delmenhorst-sud
Blaufelden,49.2962512,9.9676895,DE,blaufelden
Schrozberg,49.3468662,9.9747276,DE,schrozberg
Niederstetten,49.4035567,9.9150485,DE,niederstetten
Warnemünde,54.1771273,12.0907438,DE,warnemunde
Aschendorf,53.0523386,7.3371499,DE,aschendorf
Papenburg,53.0898943,7.3869777,DE,papenburg
Holzminden,51.8202064,9.4538193,DE,holzminden
Alverdissen,52.0286769,9.1236705,DE,alverdissen
Extertal-Bösingfeld,52.0701901,9.1087507,DE,extertal-bosingfeld
Oranienbaum (Anh),51.8009798,12.3903839,DE,oranienbaum-anh
Kirchhorsten,52.3078753,9.1197259,DE,kirchhorsten
Diepholz,52.6049309,8.3805296,DE,diepholz
Espelkamp,52.3786947,8.6132708,DE,espelkamp
Lübbecke (Westf),52.306371,8.6057511,DE,lubbecke-westf
Steinhagen (Westf),52.0173749,8.4209164,DE,steinhagen-westf
Kamen,51.5852133,7.6611059,DE,kamen
Vilsen Ort,52.8206382,8.9924389,DE,vilsen-ort
Kratzeburg,53.4277031,12.9420975,DE,kratzeburg
Weikersheim,49.4783457,9.906012,DE,weikersheim
Elbgaustraße,53.602686,9.8933936,DE,elbgaustrae
Toppenstedt,53.2650609,10.1187018,DE,toppenstedt
Henstedt-Ulzburg,53.795248,9.9822267,DE,henstedt-ulzburg
Hesepe,52.4393852,7.9675222,DE,hesepe
Scheeßel,53.1657963,9.4968783,DE,scheeel
Demmin,53.9011976,13.053976,DE,demmin
Thalheim-Kreischa,51.2810898,13.0897627,DE,thalheim-kreischa
Löningen Pbf,52.7364286,7.758701,DE,loningen-pbf
Stadthausbrücke,53.5495104,9.984929,DE,stadthausbrucke
Bernburg Hauptbahnhof,51.7961756,11.7514838,DE,bernburg-hauptbahnhof
Meßberg,53.5476433,10.0008941,DE,meberg
Stadtoldendorf,51.8809556,9.6204051,DE,stadtoldendorf
Heiligenberg,52.8015499,8.9748753,DE,heiligenberg
Zeil,50.005281,10.5981341,DE,zeil
Uenzen,52.8434209,8.9428959,DE,uenzen
dodenhof,53.8444532,9.9395023,DE,dodenhof
Langeoog Hafen,53.7262059,7.4938931,DE,langeoog-hafen
Wiemersdorf,53.9549304,9.9171793,DE,wiemersdorf
Reinfeld (Holstein),53.830204,10.4939071,DE,reinfeld-holstein
Bad Rodach (b Coburg),50.3370578,10.7779121,DE,bad-rodach-b-coburg
Großenkneten,52.9444233,8.2406337,DE,groenkneten
Cloppenburg,52.8438996,8.055793,DE,cloppenburg
Nordholz,53.7786516,8.6213416,DE,nordholz
Niederfinow,52.8308142,13.9280127,DE,niederfinow
Petershagen-Lahde,52.3679903,9.009777,DE,petershagen-lahde
Lauenbrück,53.1971209,9.5640765,DE,lauenbruck
Oerel,53.4941641,9.0328353,DE,oerel
Biederitz,52.1527796,11.7164557,DE,biederitz
Nordenham,53.4836371,8.4873904,DE,nordenham
Rodenkirchen (Oldb),53.4010753,8.4552785,DE,rodenkirchen-oldb
Elsfleth,53.2340614,8.4640555,DE,elsfleth
Pönitz,54.0459931,10.6711496,DE,ponitz
Radis,51.7547176,12.50406,DE,radis
Haunetal-Neukirchen,50.770808,9.6925451,DE,haunetal-neukirchen
Fallersleben,52.4234993,10.7174392,DE,fallersleben
Überseequartier,53.5404236,9.9984314,DE,uberseequartier
Calbe (Saale) West,51.905266,11.7579527,DE,calbe-saale-west
Altentreptow,53.6913989,13.2427568,DE,altentreptow
Mockrehna,51.5055684,12.8194798,DE,mockrehna
Essen (Oldenburg),52.7234288,7.9454061,DE,essen-oldenburg
Heiligenfelde,52.879365,8.8640978,DE,heiligenfelde
Süstedt,52.8620242,8.9192572,DE,sustedt
Burg Stargard,53.4997494,13.303131,DE,burg-stargard
Kaiserdamm,52.5100921,13.2831263,DE,kaiserdamm
Malsfeld-Beiseförth,51.0830628,9.5532043,DE,malsfeld-beiseforth
Trabitz,49.8014163,11.8946385,DE,trabitz
Kemnath-Neustadt,49.8440845,11.8619219,DE,kemnath-neustadt
Blechhammer (Thür),50.3969391,11.2032832,DE,blechhammer-thur
Haren (Ems),52.7850347,7.3013828,DE,haren-ems
Solpke,52.5003042,11.2941793,DE,solpke
Gardelegen,52.5184153,11.4045919,DE,gardelegen
Roßtal,49.4004557,10.8982343,DE,rotal
Gödenstorf-Oelstorf,53.2299046,10.129595,DE,godenstorf-oelstorf
Parchim,53.430096,11.8307565,DE,parchim
Neustadt-Glewe,53.377205,11.5931101,DE,neustadt-glewe
Seelvitz,54.3674624,13.5610087,DE,seelvitz
Garftitz,54.3776941,13.6387321,DE,garftitz
Neetze,53.269632,10.625527,DE,neetze
Ostseebad Binz,54.4050029,13.6005789,DE,ostseebad-binz
Werne a d Lippe,51.6697497,7.6228994,DE,werne-a-d-lippe
Augustfehn,53.2209059,7.7592462,DE,augustfehn
Pressath,49.7640216,11.9390311,DE,pressath
Wahrenholz,52.6079353,10.6069321,DE,wahrenholz
Herrnburg,53.8377199,10.7597958,DE,herrnburg
Schönberg (Meckl),53.8535346,10.9279621,DE,schonberg-meckl
Grieben (Meckl),53.8512367,11.0685896,DE,grieben-meckl
Braunschweig Hauptbahnhof,52.2521444,10.5403354,DE,braunschweig-hauptbahnhof
Marienborn,52.1978366,11.1234244,DE,marienborn
Wefensleben,52.1767909,11.1554609,DE,wefensleben
Streitberg,49.8078416,11.2169424,DE,streitberg
Wolfsburg Hauptbahnhof,52.4294853,10.7871395,DE,wolfsburg-hauptbahnhof
Dürrenwaid,50.3571598,11.5171331,DE,durrenwaid
Lietzow (Rügen),54.4810721,13.5118,DE,lietzow-rugen
Aschersleben,51.7569838,11.4658067,DE,aschersleben
Bremen-Farge,53.2051515,8.5165056,DE,bremen-farge
Etelsen,52.9991949,9.1238935,DE,etelsen
Langwedel,52.977957,9.1947349,DE,langwedel
Dörverden,52.8468216,9.2464731,DE,dorverden
Friedrichshagen,52.4573763,13.6232934,DE,friedrichshagen
Wuhlheide,52.4685507,13.5543359,DE,wuhlheide
Priort,52.5164775,12.9714399,DE,priort
Gamburg (Tauber),49.6981057,9.5949903,DE,gamburg-tauber
Reußen,51.5032567,12.1360754,DE,reuen
Bad Mergentheim,49.493715,9.7717364,DE,bad-mergentheim
Flechtingen,52.3480109,11.2612427,DE,flechtingen
Bramsche,52.4109547,7.9749336,DE,bramsche
Könnern,51.6741196,11.7797781,DE,konnern
Pegnitz,49.7588731,11.5476588,DE,pegnitz
Rehfeld (Falkenberg/Elster),51.5797455,13.1538665,DE,rehfeld-falkenberg/elster
Schmiedefeld,50.6054068,10.8172265,DE,schmiedefeld
Bork (Westf),51.6691357,7.4563247,DE,bork-westf
Neustadt (b Coburg),50.3327227,11.1217161,DE,neustadt-b-coburg
Twistringen,52.7916813,8.6444668,DE,twistringen
Leipzig Hauptbahnhof,51.3465518,12.3830858,DE,leipzig-hauptbahnhof
Willebadessen,51.6217211,9.0118937,DE,willebadessen
Salzhausen (b Lüneburg),53.2254508,10.1637953,DE,salzhausen-b-luneburg
Wolfen (Bitterfeld),51.6611965,12.2795161,DE,wolfen-bitterfeld
Kronach,50.2397121,11.3201881,DE,kronach
Paradies,51.7908644,11.7119989,DE,paradies
Rosenhag,51.7978212,11.7314353,DE,rosenhag
Rehfelde,52.5284716,13.9227127,DE,rehfelde
Pressig-Rothenkirchen,50.348906,11.3109281,DE,pressig-rothenkirchen
Medewitz (Mark),52.0610528,12.3920699,DE,medewitz-mark
Wiesenburg (Mark),52.0988047,12.4313672,DE,wiesenburg-mark
Langen (Han),53.6017212,8.5967745,DE,langen-han
Steinwiesen,50.2924778,11.4622378,DE,steinwiesen
Sternhaus-Ramberg,51.6902241,11.1274818,DE,sternhaus-ramberg
Beilrode,51.5709996,13.0649961,DE,beilrode
Haselünne,52.6772097,7.484502,DE,haselunne
Sottrum,53.1013048,9.2502282,DE,sottrum
Bf Auensee,51.3702911,12.3196723,DE,bf-auensee
Loburg,52.1157438,12.0881212,DE,loburg
Schönebeck-Bad Salzelmen,51.9983776,11.7235996,DE,schonebeck-bad-salzelmen
Amelinghausen-Sottorf,53.1299834,10.2159754,DE,amelinghausen-sottorf
Schleusingen,50.5087272,10.7435883,DE,schleusingen
Jungfernstieg,53.5520998,9.9940377,DE,jungfernstieg
Naundorf (b Oschatz),51.2598274,13.1014524,DE,naundorf-b-oschatz
Neu St Jürgen,53.2555231,8.9589714,DE,neu-st-jurgen
Rödental,50.2885529,11.0321191,DE,rodental
Plate (Mecklenburg),53.5532449,11.5067764,DE,plate-mecklenburg
Neuhof (Kreis Fulda),50.4535763,9.6203167,DE,neuhof-kreis-fulda
Büden,52.1414543,11.837132,DE,buden
Oebisfelde,52.4392322,10.9839815,DE,oebisfelde
Delitzsch unt Bf,51.5248643,12.3455891,DE,delitzsch-unt-bf
Güterglück,51.9931591,11.9872627,DE,gutergluck
Rendsburg,54.3024043,9.6707886,DE,rendsburg
Mieste,52.4838921,11.2049507,DE,mieste
Elsnigk (Anh),51.791027,12.0598147,DE,elsnigk-anh
Hettenhausen,50.4485014,9.8152899,DE,hettenhausen
Wusterwitz,52.3853285,12.3730055,DE,wusterwitz
Berlin-Wannsee,52.421199,13.1800603,DE,berlin-wannsee
Berlin Gesundbrunnen,52.5486453,13.3902169,DE,berlin-gesundbrunnen
Gehlbergen,52.820039,9.043699,DE,gehlbergen
Duben (Niederlausitz),51.8864826,13.8114947,DE,duben-niederlausitz
Rangsdorf,52.2946855,13.4305926,DE,rangsdorf
Gräfendorf,50.1178125,9.7362244,DE,grafendorf
Bebra,50.9689967,9.7982159,DE,bebra
Hoyerhagen,52.8143276,9.0781858,DE,hoyerhagen
Hoya,52.8036798,9.1413035,DE,hoya
Nassenheide,52.817575,13.239043,DE,nassenheide
Davensberg,51.8175981,7.5985283,DE,davensberg
Miesterhorst,52.4661754,11.1200859,DE,miesterhorst
Schmalenbeck,53.6533879,10.2601856,DE,schmalenbeck
Kiekut,53.6530231,10.2802566,DE,kiekut
Großhansdorf,53.6627288,10.2868177,DE,grohansdorf
Ibbenbüren,52.27689,7.7214524,DE,ibbenburen
Brück (Mark),52.1868505,12.7585606,DE,bruck-mark
Karlshorst,52.4804671,13.527279,DE,karlshorst
Köpenick,52.458577,13.5815192,DE,kopenick
Lathen,52.8609825,7.3224991,DE,lathen
Rückersdorf,51.5671597,13.5743183,DE,ruckersdorf
Lienen,52.150288,7.9761549,DE,lienen
Grüneberg,52.8682906,13.2126123,DE,gruneberg
Bersenbrück,52.5510956,7.9426233,DE,bersenbruck
Berlin Friedrichstraße,52.5201744,13.3869884,DE,berlin-friedrichstrae
Westen,53.788811,7.8510835,DE,westen
Untersteinach(b Stadtsteinach),50.1300615,11.5287918,DE,untersteinach-b-stadtsteinach
Buchenkamp,53.6529577,10.1850709,DE,buchenkamp
Hof Hauptbahnhof,50.3080628,11.923314,DE,hof-hauptbahnhof
Elsterwerdaer Platz,52.5052929,13.560878,DE,elsterwerdaer-platz
Biesdorf-Süd,52.4996047,13.5465321,DE,biesdorf-sud
Pansdorf,53.980843,10.7033538,DE,pansdorf
Taläcker Bergstation,49.2763488,9.6716716,DE,talacker-bergstation
Talstation,49.2771176,9.684201,DE,talstation
Güstrow,53.8008459,12.1725806,DE,gustrow
Priemerburg,53.7959266,12.2228723,DE,priemerburg
Reuterstadt Stavenhagen,53.7068096,12.9141801,DE,reuterstadt-stavenhagen
Bad Iburg,52.1498063,8.0380409,DE,bad-iburg
Höste,52.1590012,7.920953,DE,hoste
Jasnitz,53.3861892,11.3745295,DE,jasnitz
Nossentin,53.5216253,12.4524517,DE,nossentin
Friesack (Mark),52.7608305,12.5874059,DE,friesack-mark
Sternfeld,53.8248776,13.1502426,DE,sternfeld
Elmenhorst,54.2102147,13.0738497,DE,elmenhorst
Ahlhorn,52.8992486,8.2094331,DE,ahlhorn
Elsterwerda-Biehla,51.4722431,13.5194616,DE,elsterwerda-biehla
Bremen-Burg,53.1600336,8.7047902,DE,bremen-burg
Oranienburg,52.7539059,13.2493207,DE,oranienburg
Bernau,52.6755472,13.5916719,DE,bernau
Uchte,52.5014215,8.9081995,DE,uchte
Wandsbek Markt,53.5716636,10.0667414,DE,wandsbek-markt
Wandsbek-Gartenstadt,53.5923256,10.0743469,DE,wandsbek-gartenstadt
Ebelsbach-Eltmann,49.9827712,10.669098,DE,ebelsbach-eltmann
Bad Oldesloe,53.8052678,10.3822381,DE,bad-oldesloe
Siegelsdorf,49.5063795,10.8759051,DE,siegelsdorf
Zepernick (b Bernau),52.6596833,13.5338475,DE,zepernick-b-bernau
Linsburg,52.6014664,9.3251955,DE,linsburg
Mügeln (b Oschatz),51.2364588,13.0598201,DE,mugeln-b-oschatz
Oschatz Süd,51.2940615,13.1101254,DE,oschatz-sud
Altmügeln,51.2378011,13.0401869,DE,altmugeln
Bindlach,49.980439,11.6034126,DE,bindlach
Schwabach,49.3263737,11.0353749,DE,schwabach
Halensee,52.4960247,13.2905555,DE,halensee
Ostkreuz,52.5031523,13.4695776,DE,ostkreuz
Dortmund-Scharnhorst,51.5383114,7.5364322,DE,dortmund-scharnhorst
Dortmund West,51.5096247,7.4390205,DE,dortmund-west
Dortmund-Derne,51.5673369,7.5286081,DE,dortmund-derne
Dortmund-Brackel,51.5206764,7.5496544,DE,dortmund-brackel
Dortmund-Mengede,51.5703117,7.3744529,DE,dortmund-mengede
Mittenwalde (Ost),52.259377,13.5499117,DE,mittenwalde-ost
Museumsbahnhof (Feldbahnmuseum),51.3350932,12.300442,DE,museumsbahnhof-feldbahnmuseum
Leschede,52.3977416,7.3058986,DE,leschede
Oelde,51.8292399,8.1428962,DE,oelde
Stiege,51.660635,10.8816239,DE,stiege
Neukirchen (b Sulzbach-Rosenberg),49.5243301,11.6200319,DE,neukirchen-b-sulzbach-rosenberg
Schortens-Heidmühle,53.5422374,7.9462073,DE,schortens-heidmuhle
Ketzin,52.4830419,12.8472469,DE,ketzin
Bremen-Oberneuland,53.0868773,8.9390736,DE,bremen-oberneuland
Lippborg-Heintrop,51.6592415,8.0301233,DE,lippborg-heintrop
Hamm-Uentrop,51.6915703,7.9483622,DE,hamm-uentrop
Glückstadt,53.7885472,9.4283611,DE,gluckstadt
Wilster,53.9262518,9.3836481,DE,wilster
Crivitz,53.5725448,11.6447986,DE,crivitz
Stakendorf,54.3933495,10.395324,DE,stakendorf
Wippergrund,51.6012451,11.427065,DE,wippergrund
Dorum,53.6890998,8.5759406,DE,dorum
Bardowick,53.2904036,10.3721618,DE,bardowick
Fürth Jakobinenstraße,49.4682341,11.0004841,DE,furth-jakobinenstrae
Fürth Hardhöhe,49.4804447,10.9575331,DE,furth-hardhohe
Ramsloh,53.0978955,7.6841857,DE,ramsloh
Riesa,51.3095415,13.2873347,DE,riesa
Pinneberg,53.6550342,9.7976864,DE,pinneberg
Rostock Hauptbahnhof,54.0781503,12.1311246,DE,rostock-hauptbahnhof
Bad Eilsen,52.2399266,9.1077046,DE,bad-eilsen
St. Michaelisdonn,53.9893052,9.1183003,DE,st-michaelisdonn
Welver,51.6162709,7.9563967,DE,welver
Castrop-Rauxel Hbf,51.5735198,7.3040977,DE,castrop-rauxel-hbf
Bremervörde,53.4830339,9.1401462,DE,bremervorde
Uchtspringe,52.5437242,11.592215,DE,uchtspringe
Coswig (b Dresden),51.1228234,13.5794596,DE,coswig-b-dresden
Südkreuz (Ringbahn),52.4759806,13.3650726,DE,sudkreuz-ringbahn
Brahlstorf,53.364017,10.953624,DE,brahlstorf
Hohe Marter,49.4289706,11.0439165,DE,hohe-marter
Frellstedt,52.2136936,10.9102282,DE,frellstedt
Kämmereiforst,51.4762581,12.5408104,DE,kammereiforst
Birkengrund,52.3158955,13.2720337,DE,birkengrund
Oberröblingen (Helme),51.4410655,11.2972594,DE,oberroblingen-helme
Hohenaverbergen,52.888754,9.3061546,DE,hohenaverbergen
Wartenau,53.5646508,10.0354076,DE,wartenau
Minden (Westf),52.2905618,8.9344598,DE,minden-westf
Maschen,53.4033627,10.0662668,DE,maschen
Wedel,53.5821511,9.7054108,DE,wedel
Zechenbahnhof Piesberg,52.3118892,8.0051498,DE,zechenbahnhof-piesberg
Hagenow Land,53.4134275,11.2153217,DE,hagenow-land
Hiddenhausen-Schweicheln,52.1585358,8.6682967,DE,hiddenhausen-schweicheln
Salzkotten,51.673062,8.6009134,DE,salzkotten
Stuhr,53.0266664,8.7473363,DE,stuhr
Westanleger,53.7746148,7.8670506,DE,westanleger
Ferienland Hauptbahnhof,50.5779783,11.7047922,DE,ferienland-hauptbahnhof
Bahnhof Festwiese,50.5795665,11.7011295,DE,bahnhof-festwiese
Lünen Hbf,51.6170577,7.529423,DE,lunen-hbf
Hagenow Stadt,53.4292711,11.1849621,DE,hagenow-stadt
Lütjenkamp,53.5388229,9.4527365,DE,lutjenkamp
Laage (Meckl),53.9194744,12.3395388,DE,laage-meckl
Kavelstorf,54.0073478,12.1973313,DE,kavelstorf
Neuruppin Rheinsberger Tor,52.9298674,12.8102845,DE,neuruppin-rheinsberger-tor
Coburg Nord,50.2715399,10.9649355,DE,coburg-nord
Lancken,54.5179867,13.6080148,DE,lancken
Hude,53.1093563,8.4613543,DE,hude
Grimmen,54.1100218,13.0340847,DE,grimmen
Bahnhof Stollen,50.5838155,11.7021969,DE,bahnhof-stollen
Zahna,51.9190304,12.7798014,DE,zahna
Altengrabow,52.1973692,12.1737708,DE,altengrabow
Gnarrenburg,53.3811752,9.008132,DE,gnarrenburg
Brieselang,52.5825756,13.0012902,DE,brieselang
Feuerbachstraße,52.463673,13.3326994,DE,feuerbachstrae
Bremen Turnerstraße,53.1932089,8.5454456,DE,bremen-turnerstrae
Meißen Triebischtal,51.1523988,13.4623508,DE,meien-triebischtal
Rübeland (Harz),51.7543743,10.844431,DE,rubeland-harz
Werl,51.5580491,7.9142842,DE,werl
Naunhof,51.2770838,12.5941867,DE,naunhof
Rathenow,52.5997366,12.3549984,DE,rathenow
Pritzwalk,53.145725,12.1849288,DE,pritzwalk
Dortmund Hbf,51.5178935,7.4592831,DE,dortmund-hbf
Hasselfelde,51.6876993,10.8507918,DE,hasselfelde
Fladungen,50.5194835,10.150694,DE,fladungen
Hünfeld,50.673297,9.7629144,DE,hunfeld
Rosenthaler Platz,52.5298999,13.4011206,DE,rosenthaler-platz
Rot am See,49.2494187,10.0303915,DE,rot-am-see
Münchberg,50.1890578,11.790743,DE,munchberg
Lichtenhain an der Bergbahn,50.5920175,11.1324396,DE,lichtenhain-an-der-bergbahn
Weddel (Braunschw),52.2691364,10.6235226,DE,weddel-braunschw
Aufseßplatz,49.440791,11.0802485,DE,aufseplatz
Thedinghausen,52.9617804,9.0143101,DE,thedinghausen
Beckum-Neubeckum,51.801643,8.0203106,DE,beckum-neubeckum
Frankenstraße,49.4301614,11.0863535,DE,frankenstrae
Hasenbuck,49.4240758,11.0904098,DE,hasenbuck
Messehallen,53.5580721,9.9767239,DE,messehallen
Fulda,50.5547541,9.6843823,DE,fulda
Rottenbach,50.6895058,11.1706811,DE,rottenbach
Fürth-Burgfarrnbach,49.4906822,10.9244788,DE,furth-burgfarrnbach
Eubigheim,49.5017489,9.5379563,DE,eubigheim
Königshofen (Baden),49.5462999,9.7244065,DE,konigshofen-baden
Tauberbischofsheim,49.6235046,9.658304,DE,tauberbischofsheim
Niederpöllnitz,50.7663267,11.9570387,DE,niederpollnitz
Groß Brütz,53.6530715,11.2514184,DE,gro-brutz
Rahden Museumsbahn,52.4349992,8.6237537,DE,rahden-museumsbahn
Schkopau,51.3889704,11.9919931,DE,schkopau
Trabrennbahn,53.598434,10.1028727,DE,trabrennbahn
Katzhütte,50.561024,11.061086,DE,katzhutte
Etzleben,51.2580215,11.1811396,DE,etzleben
Burghaun(Hünfeld),50.7005082,9.7280781,DE,burghaun-hunfeld
Walddrehna,51.7727911,13.6171927,DE,walddrehna
Lokschuppen,53.38183,10.5695915,DE,lokschuppen
Mansfeld Schleife,51.6013347,11.4157945,DE,mansfeld-schleife
Ebstorf,53.0171044,10.416306,DE,ebstorf
Bad Berka,50.8954446,11.2811512,DE,bad-berka
Bremen-Mahndorf,53.0397868,8.9444864,DE,bremen-mahndorf
Poitzen,52.896675,10.1340953,DE,poitzen
Apolda,51.0309341,11.525872,DE,apolda
Großheringen,51.1061843,11.6578518,DE,groheringen
Tromsdorf,51.1184733,11.481265,DE,tromsdorf
Buttstädt,51.1267096,11.4178768,DE,buttstadt
Guthmannshausen,51.1323926,11.366161,DE,guthmannshausen
Olbersleben-Ellersleben,51.1438692,11.3334557,DE,olbersleben-ellersleben
Kiebitzhöhe,51.1811098,11.2038678,DE,kiebitzhohe
Kölleda,51.1796137,11.248549,DE,kolleda
Sömmerda,51.1653589,11.1277028,DE,sommerda
Bretleben,51.3407357,11.2409522,DE,bretleben
Bad Hersfeld,50.8698885,9.7166403,DE,bad-hersfeld
Unterlemnitz,50.4697279,11.6239492,DE,unterlemnitz
Schlachtensee,52.440088,13.2154373,DE,schlachtensee
Rettmer,53.2189343,10.3811859,DE,rettmer
Ersepark,52.4740377,10.2298999,DE,ersepark
Halle-Nietleben,51.4879793,11.9079735,DE,halle-nietleben
Langhagen,53.680646,12.425544,DE,langhagen
Fröttstädt,50.9305059,10.5732523,DE,frottstadt
Gotha,50.939047,10.712378,DE,gotha
Heide (Holstein),54.1927818,9.1011051,DE,heide-holstein
Wutha,50.9570003,10.3969382,DE,wutha
Nörten-Hardenberg,51.6280709,9.933173,DE,norten-hardenberg
Schönkirchen,54.3328568,10.2293602,DE,schonkirchen
Dollbergen,52.4171577,10.1817151,DE,dollbergen
Bad Bramstedt,53.9207601,9.8901113,DE,bad-bramstedt
Hagen (Kr Stade),53.5499427,9.4598466,DE,hagen-kr-stade
Deinste,53.5319019,9.4426115,DE,deinste
Wangerooge,53.7878223,7.8994713,DE,wangerooge
Prittitz,51.1583828,11.9373734,DE,prittitz
Teuchern,51.1338192,12.0166022,DE,teuchern
Großkorbetha,51.2671869,12.0220357,DE,grokorbetha
Leipzig-Wahren,51.3806371,12.3216603,DE,leipzig-wahren
Taucha (bei Leipzig),51.3790399,12.4845755,DE,taucha-bei-leipzig
Profen,51.1302864,12.2107926,DE,profen
Veilsdorf,50.4153069,10.8139317,DE,veilsdorf
Markkleeberg-Gaschwitz,51.2497065,12.3791739,DE,markkleeberg-gaschwitz
Ascheberg,51.7830559,7.6007728,DE,ascheberg
Grimma oberer Bahnhof,51.2300917,12.7141905,DE,grimma-oberer-bahnhof
Beucha,51.3235061,12.5731716,DE,beucha
Großbothen,51.1840611,12.7594673,DE,grobothen
Bad Lausick,51.1439427,12.6485658,DE,bad-lausick
Bestensee,52.242008,13.6349392,DE,bestensee
Ludwigsfelde,52.2983507,13.267456,DE,ludwigsfelde
Bremerhaven-Wulsdorf,53.5087941,8.6117387,DE,bremerhaven-wulsdorf
Dörentrup,52.0332467,8.9992442,DE,dorentrup
Farmbeck,52.0276969,9.0318118,DE,farmbeck
Bega,52.0124449,9.0578046,DE,bega
Barntrup,51.9925823,9.1194689,DE,barntrup
Buckower Damm,52.4290685,13.4299672,DE,buckower-damm
Bielefeld-Sennestadt,51.9406455,8.5673319,DE,bielefeld-sennestadt
Rheda-Wiedenbrück,51.8572204,8.2865189,DE,rheda-wiedenbruck
Warendorf,51.9501568,7.9840382,DE,warendorf
Brake (b Bielefeld),52.0696425,8.6051711,DE,brake-b-bielefeld
Bielefeld Hauptbahnhof,52.0293323,8.5327135,DE,bielefeld-hauptbahnhof
Telgte,51.9811648,7.7809927,DE,telgte
Bielefeld-Brackwede,51.9972661,8.4984841,DE,bielefeld-brackwede
Bielefeld Ost,52.0239811,8.5592813,DE,bielefeld-ost
Quelle,52.0003263,8.46121,DE,quelle
Belgershain,51.2338928,12.5428283,DE,belgershain
Lütter,50.4808943,9.7655591,DE,lutter
Kalenderplatz,52.4364067,13.421715,DE,kalenderplatz
Wohltorf,53.5206983,10.2781374,DE,wohltorf
Oberkotzau,50.2663813,11.9319557,DE,oberkotzau
Plaaz,53.8402395,12.3377287,DE,plaaz
Subzin-Liessow,53.8919301,12.347621,DE,subzin-liessow
Scharstorf,53.9700883,12.2458018,DE,scharstorf
Borna (b Leipzig),51.1179769,12.4862191,DE,borna-b-leipzig
Neukieritzsch,51.1508549,12.4127504,DE,neukieritzsch
Schönberger Strand,54.4108721,10.4126636,DE,schonberger-strand
Marksuhl,50.9083618,10.2245994,DE,marksuhl
Hasbergen,52.2416839,7.9534745,DE,hasbergen
Niendorf Markt,53.6196987,9.9515185,DE,niendorf-markt
Schippelsweg,53.6352958,9.9525076,DE,schippelsweg
Leipzig-Connewitz,51.3009323,12.3865233,DE,leipzig-connewitz
Nordbahnhof,52.5322749,13.3878392,DE,nordbahnhof
Brocken,51.7995477,10.6185012,DE,brocken
Lohne (Oldb),52.665427,8.2292774,DE,lohne-oldb
Bremen-Kirchhuchting,53.0506165,8.7345784,DE,bremen-kirchhuchting
Brinkum (b Bremen),53.0131831,8.7831928,DE,brinkum-b-bremen
Moordeich,53.0357937,8.7256238,DE,moordeich
Lengerich (Westf) Stadt,52.1902324,7.8547753,DE,lengerich-westf-stadt
Harsewinkel,51.9606135,8.2334583,DE,harsewinkel
Borsdorf (Sachsen),51.3457561,12.5411263,DE,borsdorf-sachsen
Leipzig Markt,51.340615,12.3745806,DE,leipzig-markt
Kemmlitz,51.2262622,12.9941821,DE,kemmlitz
Lage (Lippe),51.9916163,8.8013296,DE,lage-lippe
Hollige,52.8209781,9.5456414,DE,hollige
Erbstorf,53.2727363,10.4759501,DE,erbstorf
Genthin,52.4034411,12.1565378,DE,genthin
Benzen,52.8291439,9.5753906,DE,benzen
Hinternah,50.5154819,10.7908165,DE,hinternah
Schleusinger Neundorf,50.5449596,10.8282087,DE,schleusinger-neundorf
Ludwigsstadt,50.4866774,11.3829776,DE,ludwigsstadt
Nordhalben,50.3683503,11.5178951,DE,nordhalben
Schierke,51.7651281,10.6776735,DE,schierke
Ringleben-Gebesee,51.1041216,10.9579879,DE,ringleben-gebesee
Gleisdreieck,52.4995261,13.3740318,DE,gleisdreieck
Weißenfels,51.2046563,11.9710163,DE,weienfels
Dörzbach,49.3848199,9.7014433,DE,dorzbach
Draisinenbahnhof Bokhorst,54.0981636,10.1098497,DE,draisinenbahnhof-bokhorst
Oranienburger Straße,52.5252246,13.3930145,DE,oranienburger-strae
Münnerstadt,50.2500744,10.1886043,DE,munnerstadt
Hamm (Westf) Hbf,51.6785747,7.807713,DE,hamm-westf-hbf
Krensitz,51.4905757,12.4610689,DE,krensitz
Eyendorf,53.208368,10.1589871,DE,eyendorf
Schönauer Lachen,51.338377,12.2846936,DE,schonauer-lachen
Schwarzer Weg,51.3371425,12.2900905,DE,schwarzer-weg
Krümmel,53.4126628,10.4026882,DE,krummel
Alt Schwerin,53.5120694,12.355582,DE,alt-schwerin
Warmsen,52.4564203,8.8532912,DE,warmsen
Pegau,51.1659975,12.2410967,DE,pegau
Egestorf (Deister),52.278721,9.513633,DE,egestorf-deister
Leipzig-Thekla,51.3720066,12.4289179,DE,leipzig-thekla
Leipzig-Stötteritz,51.3243265,12.4112039,DE,leipzig-stotteritz
Altenboitzen,52.8191977,9.5070166,DE,altenboitzen
Eschwege,51.1918201,10.0427456,DE,eschwege
Lübben (Spreewald) / Lubin (Błota),51.940029,13.8765309,DE,lubben-spreewald-/-lubin-bota
Lübbenau (Spreewald) / Lubnjow (Błota),51.8620528,13.9611658,DE,lubbenau-spreewald-/-lubnjow-bota
Hagel,53.5371859,9.4497899,DE,hagel
Plau am See,53.4603764,12.2560539,DE,plau-am-see
Buschow,52.5921844,12.6294928,DE,buschow
Nennhausen,52.5999107,12.5027752,DE,nennhausen
Bleckeder Hafen,53.2928144,10.7361992,DE,bleckeder-hafen
Boxberg-Wölchingen,49.4854629,9.6396855,DE,boxberg-wolchingen
Asendorf,52.7732392,9.0043322,DE,asendorf
Seebergen,50.9293148,10.7926655,DE,seebergen
Wandersleben,50.9065887,10.8527134,DE,wandersleben
Berlin Hauptbahnhof (tief),52.5246361,13.369861,DE,berlin-hauptbahnhof-tief
Holzwickede,51.5048161,7.6192918,DE,holzwickede
Marktbreit,49.663853,10.1458864,DE,marktbreit
Bitterfeld,51.6225986,12.3168951,DE,bitterfeld
Wurzen,51.3644309,12.7386899,DE,wurzen
Babelsberg,52.3914035,13.0929636,DE,babelsberg
Teltow Stadt,52.396844,13.2762483,DE,teltow-stadt
Eckernförde,54.4678292,9.8349414,DE,eckernforde
Leipzig-Leutzsch,51.3540526,12.3048951,DE,leipzig-leutzsch
Bruchmühlen,52.2044652,8.4487933,DE,bruchmuhlen
Meißen Altstadt,51.1590198,13.4730386,DE,meien-altstadt
Bornholmer Straße,52.5547713,13.3978451,DE,bornholmer-strae
Alt-Reinickendorf,52.5777843,13.3512427,DE,alt-reinickendorf
Tegel,52.5881913,13.2896968,DE,tegel
Bremerhaven-Lehe,53.5667574,8.6006,DE,bremerhaven-lehe
Baden (Kr Verden),53.0077966,9.0814824,DE,baden-kr-verden
Böhlen (b Leipzig),51.2028739,12.382051,DE,bohlen-b-leipzig
Doberlug-Kirchhain,51.620608,13.5642259,DE,doberlug-kirchhain
Luckau-Uckro,51.8518346,13.6079202,DE,luckau-uckro
Calau (Niederlausitz) - Kalawa (Dolna Łužyca),51.7380784,13.9796759,DE,calau-niederlausitz-kalawa-dolna-uzyca
Gostenhof,49.4505216,11.0568643,DE,gostenhof
Bärenschanze,49.4523829,11.0507114,DE,barenschanze
Eberhardshof,49.4581883,11.0334097,DE,eberhardshof
Heilsbronn,49.3458084,10.7906727,DE,heilsbronn
Buckower Chaussee,52.4105417,13.3827559,DE,buckower-chaussee
Nürnberg-Mögeldorf,49.4592166,11.1339629,DE,nurnberg-mogeldorf
Deinste Klb,53.5331192,9.4444154,DE,deinste-klb
Bispingen,53.0851696,9.9937445,DE,bispingen
Wallwitz (Saalkreis),51.5816098,11.921499,DE,wallwitz-saalkreis
Heiligensee,52.6246647,13.229194,DE,heiligensee
Schönhausen (Elbe),52.5908992,12.0405431,DE,schonhausen-elbe
Besucherbergwerk Kleinenbremen,52.2295394,9.0412542,DE,besucherbergwerk-kleinenbremen
Schnelldorf,49.1941371,10.1773458,DE,schnelldorf
Vorra (Pegnitz),49.5632833,11.4938879,DE,vorra-pegnitz
Sterbfritz,50.3128958,9.6254554,DE,sterbfritz
Neusorg,49.9338352,11.9719966,DE,neusorg
Waldenburg (Württemberg),49.2025762,9.65852,DE,waldenburg-wurttemberg
Paderborn Hauptbahnhof,51.7128598,8.7404385,DE,paderborn-hauptbahnhof
Schlump,53.5675879,9.9700757,DE,schlump
Osterholz-Scharmbeck,53.2228135,8.7974609,DE,osterholz-scharmbeck
Niederndodeleben,52.1300218,11.5022944,DE,niederndodeleben
Hameln,52.1017806,9.3756863,DE,hameln
Bahnhof Wahlstedt,53.9610779,10.2300015,DE,bahnhof-wahlstedt
Arnstadt Hbf,50.8421256,10.94806,DE,arnstadt-hbf
Erfurt Hauptbahnhof,50.9722853,11.0380824,DE,erfurt-hauptbahnhof
Erfurt-Bischleben,50.9341469,10.9885084,DE,erfurt-bischleben
Ilmenau,50.68423,10.9226893,DE,ilmenau
Plaue (Thür),50.7785359,10.9087862,DE,plaue-thur
Meißen,51.1630024,13.4829412,DE,meien
Weetzen,52.2985023,9.6354391,DE,weetzen
Priestewitz,51.2505129,13.5092413,DE,priestewitz
Niederau,51.1764145,13.5604658,DE,niederau
Oschatz,51.3116617,13.1057595,DE,oschatz
Bad Belzig,52.1360071,12.5950321,DE,bad-belzig
Dresden-Klotzsche,51.1144381,13.788889,DE,dresden-klotzsche
Dresden Grenzstraße,51.1282809,13.7782287,DE,dresden-grenzstrae
Dresden Flughafen,51.1246137,13.766016,DE,dresden-flughafen
Elsterwerda,51.4598135,13.516501,DE,elsterwerda
Frauenhain,51.3842408,13.5036297,DE,frauenhain
Dreileben-Drackenstedt,52.143874,11.3425731,DE,dreileben-drackenstedt
Eilsleben (b Magdeburg),52.1503655,11.2162509,DE,eilsleben-b-magdeburg
Magdeburg-Sudenburg,52.1204484,11.5970253,DE,magdeburg-sudenburg
Burg (b Magdeburg),52.2744115,11.8402498,DE,burg-b-magdeburg
Gerwisch,52.1775728,11.7419658,DE,gerwisch
Güsen (b Genthin),52.3342108,11.9764602,DE,gusen-b-genthin
Magdeburg-Neustadt,52.1489057,11.6417987,DE,magdeburg-neustadt
Möser,52.2187018,11.7843677,DE,moser
Weyerdeelen-Umbeck,53.2342795,8.9451451,DE,weyerdeelen-umbeck
Hersbruck (links der Pegnitz),49.500339,11.434732,DE,hersbruck-links-der-pegnitz
Radeberg,51.1116162,13.9132829,DE,radeberg
Teltow,52.3882208,13.2997399,DE,teltow
Schöneberg,52.4793491,13.3519181,DE,schoneberg
Weimar Berkaer Bahnhof,50.9806343,11.3136564,DE,weimar-berkaer-bahnhof
Weimar,50.9914586,11.3263409,DE,weimar
Laucha (Unstrut),51.2219966,11.6789059,DE,laucha-unstrut
Nebra,51.2831804,11.5699914,DE,nebra
Bamberg,49.9006357,10.8997336,DE,bamberg
Ottendorf-Okrilla Süd,51.1778729,13.8249036,DE,ottendorf-okrilla-sud
Ottendorf-Okrilla Nord,51.1974767,13.8350762,DE,ottendorf-okrilla-nord
Königsbrück,51.2601564,13.8999851,DE,konigsbruck
Dessau Hauptbahnhof,51.8398819,12.2347891,DE,dessau-hauptbahnhof
Roßlau (Elbe),51.883838,12.2370501,DE,rolau-elbe
Roitzsch (Kr Bitterfeld),51.5706535,12.2631787,DE,roitzsch-kr-bitterfeld
Coswig (Anhalt),51.8878356,12.4587523,DE,coswig-anhalt
Jessen (Elster),51.7927537,12.9546955,DE,jessen-elster
Fermerswalde,51.6430364,13.1737343,DE,fermerswalde
Breddin,52.8860705,12.2242475,DE,breddin
Beelitz Stadt,52.239551,12.9667899,DE,beelitz-stadt
Stresow,52.5319419,13.2093454,DE,stresow
Nürnberg Frankenstadion,49.4309138,11.129835,DE,nurnberg-frankenstadion
Köthen,51.7523008,11.9892892,DE,kothen
Bückeburg,52.2676541,9.0475472,DE,buckeburg
Schönberg (Holst),54.3870394,10.375177,DE,schonberg-holst
Saalfeld (Saale),50.6504488,11.3745646,DE,saalfeld-saale
Ostheim v.d.Rhön,50.4559224,10.2321416,DE,ostheim-v-d-rhon
Preußen,51.5883045,7.5396722,DE,preuen
Wustermark,52.551909,12.9385373,DE,wustermark
Billstedt,53.5425937,10.106876,DE,billstedt
Burgstraße,53.5557979,10.0420061,DE,burgstrae
Hammer Kirche,53.5556085,10.0555254,DE,hammer-kirche
Horner Rennbahn,53.553743,10.0839253,DE,horner-rennbahn
Legienstraße,53.5474087,10.0954582,DE,legienstrae
Merkenstraße,53.5386364,10.1247497,DE,merkenstrae
Mümmelmannsberg,53.5281075,10.1500277,DE,mummelmannsberg
Steinfurther Allee,53.5410403,10.1392385,DE,steinfurther-allee
Fuhlsbüttel,53.6324114,10.026851,DE,fuhlsbuttel
Hallerstraße,53.5728163,9.9890301,DE,hallerstrae
Klein Borstel,53.6280261,10.0332975,DE,klein-borstel
Ochsenzoll,53.6780751,10.0018152,DE,ochsenzoll
Blankenheim (Sangerhausen),51.5027941,11.4265552,DE,blankenheim-sangerhausen
Bad Wilsnack,52.9603392,11.9491192,DE,bad-wilsnack
Glöwen,52.9034282,12.0841656,DE,glowen
Dornburg (Saale),51.0087372,11.6757466,DE,dornburg-saale
Jena Saalbahnhof,50.9367569,11.5936451,DE,jena-saalbahnhof
Jena West,50.9231871,11.5777991,DE,jena-west
Bad Blankenburg (Thüringerw),50.6825643,11.2751689,DE,bad-blankenburg-thuringerw
Stadtilm,50.7670022,11.070874,DE,stadtilm
Elgersburg,50.7059801,10.8500137,DE,elgersburg
Grimmenthal,50.5327711,10.4506681,DE,grimmenthal
Gräfenroda,50.7590033,10.8327371,DE,grafenroda
Suhl,50.6050123,10.6826811,DE,suhl
Zella-Mehlis,50.6466473,10.674301,DE,zella-mehlis
Oppurg,50.7058908,11.6506738,DE,oppurg
Orlamünde,50.7756979,11.5451703,DE,orlamunde
Pößneck ob Bf,50.6903044,11.5880873,DE,poneck-ob-bf
Rudolstadt (Thür),50.7180031,11.3392256,DE,rudolstadt-thur
Rudolstadt-Schwarza,50.6910751,11.3280969,DE,rudolstadt-schwarza
Alfeld (Leine),51.9815398,9.8175148,DE,alfeld-leine
Banteln,52.0660098,9.7504069,DE,banteln
Einbeck-Salzderhelden,51.7982038,9.9227761,DE,einbeck-salzderhelden
Elze (Hannover),52.1204247,9.7470208,DE,elze-hannover
Freden (Leine),51.9277681,9.8990452,DE,freden-leine
Göttingen,51.5367827,9.9258967,DE,gottingen
Hannover Hauptbahnhof,52.3769504,9.7416533,DE,hannover-hauptbahnhof
Kreiensen,51.8513638,9.9675102,DE,kreiensen
Nordstemmen,52.1675749,9.7904788,DE,nordstemmen
Northeim (Hannover),51.7031949,9.9865371,DE,northeim-hannover
Sarstedt,52.2322168,9.8423339,DE,sarstedt
Hermsdorf-Klosterlausnitz,50.9037926,11.8587574,DE,hermsdorf-klosterlausnitz
Camburg (Saale),51.0510574,11.7048581,DE,camburg-saale
Bad Fallingbostel,52.8628023,9.6999865,DE,bad-fallingbostel
Handeloh,53.241973,9.8447461,DE,handeloh
Hodenhagen,52.7659893,9.595359,DE,hodenhagen
Langenhagen Mitte,52.4400847,9.7252642,DE,langenhagen-mitte
Mellendorf,52.5487397,9.7442698,DE,mellendorf
Schneverdingen,53.1112391,9.7987489,DE,schneverdingen
Schwarmstedt,52.6784634,9.6242655,DE,schwarmstedt
Schmalkalden,50.7201885,10.4406543,DE,schmalkalden
Steinbach-Hallenberg,50.6931689,10.5581701,DE,steinbach-hallenberg
Wernshausen,50.7213216,10.3536985,DE,wernshausen
Themar,50.5067142,10.6174137,DE,themar
Eisfeld,50.4177924,10.9046139,DE,eisfeld
Mengersgereuth-Hämmern,50.3929119,11.1183034,DE,mengersgereuth-hammern
Rauenstein(Thür),50.41224,11.0475278,DE,rauenstein-thur
Sonneberg (Thür) Hbf,50.3554468,11.1685439,DE,sonneberg-thur-hbf
Ernstthal am Rennsteig,50.4965174,11.1643141,DE,ernstthal-am-rennsteig
Lauscha (Thür),50.4730249,11.1602837,DE,lauscha-thur
Bad Salzungen,50.8151818,10.2310319,DE,bad-salzungen
Eisenach Hauptbahnhof,50.9768973,10.3319937,DE,eisenach-hauptbahnhof
Förtha (Kr Eisenach),50.9387922,10.261943,DE,fortha-kr-eisenach
Immelborn,50.7932823,10.280492,DE,immelborn
Meiningen,50.5732929,10.4210237,DE,meiningen
Walldorf (Werra),50.6175789,10.3908765,DE,walldorf-werra
Hildburghausen,50.4253617,10.717525,DE,hildburghausen
Rentwertshausen,50.4553481,10.4327765,DE,rentwertshausen
Ibbenbüren-Esch,52.2997104,7.6561874,DE,ibbenburen-esch
Braunschweiger Platz,52.3704618,9.7620184,DE,braunschweiger-platz
Landwehr,53.5611691,10.0378965,DE,landwehr
Goslar,51.911729,10.4207245,DE,goslar
Poppenbüttel,53.6521774,10.0940214,DE,poppenbuttel
Könitz (Thür),50.6601379,11.4874102,DE,konitz-thur
Neustadt (Orla),50.734776,11.7576018,DE,neustadt-orla
Triptis,50.7408287,11.8720323,DE,triptis
Unterwellenborn,50.659218,11.4349618,DE,unterwellenborn
Bad Lobenstein,50.4524583,11.6418806,DE,bad-lobenstein
Blankenstein (Saale),50.401175,11.6979419,DE,blankenstein-saale
Leutenberg,50.5649381,11.4477562,DE,leutenberg
Lichtentanne (Thür),50.5244064,11.4815884,DE,lichtentanne-thur
Crossen an der Elster,50.9657247,11.9838994,DE,crossen-an-der-elster
Naumburg (Saale) Hauptbahnhof,51.1629266,11.7966387,DE,naumburg-saale-hauptbahnhof
Vieselbach,50.9929005,11.1383917,DE,vieselbach
Straußfurt,51.1636654,10.9875053,DE,straufurt
Artern,51.3629303,11.3104521,DE,artern
Erfurt Ost,51.014588,11.0438375,DE,erfurt-ost
Karsdorf,51.2809174,11.6557321,DE,karsdorf
Erfurt Nord,51.0033428,11.0292986,DE,erfurt-nord
Erfurt-Gispersleben,51.0222171,11.0000548,DE,erfurt-gispersleben
Greußen,51.229216,10.9414878,DE,greuen
Kleinfurra,51.4173553,10.7636517,DE,kleinfurra
Kühnhausen,51.0363511,10.9781768,DE,kuhnhausen
Wasserthaleben,51.2587255,10.8897401,DE,wasserthaleben
Wolkramshausen,51.4398347,10.7454812,DE,wolkramshausen
Bad Langensalza,51.1015362,10.64077,DE,bad-langensalza
Döllstädt,51.0848699,10.8133378,DE,dollstadt
Ballstädt (Kr Gotha),51.0406569,10.7076362,DE,ballstadt-kr-gotha
Dachrieden,51.2696014,10.4421877,DE,dachrieden
Gotha Ost,50.9620824,10.7208791,DE,gotha-ost
Großengottern,51.1447435,10.5557502,DE,groengottern
Leinefelde,51.3887935,10.3287244,DE,leinefelde
Mühlhausen (Thür),51.2090352,10.4743016,DE,muhlhausen-thur
Berga-Kelbra,51.4521759,11.0148536,DE,berga-kelbra
Heringen (Helme),51.4516819,10.8750055,DE,heringen-helme
Nordhausen,51.49281,10.7891523,DE,nordhausen
Roßla,51.4628903,11.0652797,DE,rola
Bernterode,51.4054136,10.4799656,DE,bernterode
Bleicherode Ost,51.4533927,10.6092924,DE,bleicherode-ost
Eichenberg,51.3747797,9.9214507,DE,eichenberg
Heilbad Heiligenstadt,51.3770955,10.1240591,DE,heilbad-heiligenstadt
Sollstedt,51.4136857,10.5300667,DE,sollstedt
Ellrich,51.5798417,10.6690064,DE,ellrich
Niedersachswerfen,51.5448988,10.7640855,DE,niedersachswerfen
Gerstungen,50.964608,10.0651642,DE,gerstungen
Wildeck-Hönebach,50.9353813,9.9439463,DE,wildeck-honebach
Hudtwalckerstraße,53.5945497,9.9961041,DE,hudtwalckerstrae
Sierichstraße,53.5903854,10.0010633,DE,sierichstrae
Quickborn,53.7311574,9.9047322,DE,quickborn
S Oranienburg,52.7539716,13.2489095,DE,s-oranienburg
Riestedt,51.4840456,11.380015,DE,riestedt
Magdeburg Hauptbahnhof,52.1305167,11.6267187,DE,magdeburg-hauptbahnhof
Rackwitz (Leipzig),51.4406509,12.3749778,DE,rackwitz-leipzig
Angersdorf,51.4603139,11.9033441,DE,angersdorf
Frohnau,52.632409,13.2902205,DE,frohnau
Waidmannslust,52.6062718,13.321194,DE,waidmannslust
Seesen,51.8871731,10.1739671,DE,seesen
Berlin-Spandau,52.5347694,13.1956287,DE,berlin-spandau
Teutschenthal,51.4643912,11.7829782,DE,teutschenthal
Klostermansfeld,51.574698,11.4919832,DE,klostermansfeld
Bergwerk Kleinenbremen,52.2320627,9.0401283,DE,bergwerk-kleinenbremen
Ortrand,51.3733889,13.7647538,DE,ortrand
Gifhorn,52.4559484,10.546143,DE,gifhorn
Gifhorn Stadt,52.4796381,10.542554,DE,gifhorn-stadt
Aumühle,53.529955,10.3144857,DE,aumuhle
Schönholz,52.5715004,13.3809904,DE,schonholz
Mirow,53.2704382,12.8207576,DE,mirow
Wesenberg,53.2869233,12.9629075,DE,wesenberg
Markt Bibart,49.6460893,10.425461,DE,markt-bibart
Oberhaid,49.9294519,10.8176757,DE,oberhaid
Lauda,49.5656248,9.7094441,DE,lauda
Diebsteich,53.5688861,9.9342562,DE,diebsteich
Halbe,52.1086995,13.7014579,DE,halbe
Brand Tropical Islands,52.0299212,13.721538,DE,brand-tropical-islands
Rauhes Haus,53.5542084,10.066125,DE,rauhes-haus
Hoppegarten (Mark),52.5182432,13.6742567,DE,hoppegarten-mark
Ahrensburg,53.6690745,10.2361064,DE,ahrensburg
Attilastraße,52.4480308,13.3607503,DE,attilastrae
Paderborn Nord,51.7286137,8.7583626,DE,paderborn-nord
Neuruppin West,52.9263651,12.7941323,DE,neuruppin-west
Hamburg-Rahlstedt,53.604959,10.154598,DE,hamburg-rahlstedt
Hannover Flughafen,52.4585601,9.6987988,DE,hannover-flughafen
Frankleben,51.3096733,11.9377599,DE,frankleben
Egestorf (b Lüneburg),53.1789409,10.0646229,DE,egestorf-b-luneburg
Wulfsen Nord,53.3003625,10.1492996,DE,wulfsen-nord
Gernrode (Harz),51.7297785,11.1492998,DE,gernrode-harz
Quedlinburg,51.7850433,11.1519399,DE,quedlinburg
Harsum,52.2074497,9.9657458,DE,harsum
Barsinghausen,52.3046528,9.467712,DE,barsinghausen
Hannover Bismarckstraße,52.3562909,9.7698255,DE,hannover-bismarckstrae
Ronnenberg,52.3235436,9.652124,DE,ronnenberg
Bad Pyrmont,51.9741993,9.2726404,DE,bad-pyrmont
Ehlershausen,52.523889,10.0296966,DE,ehlershausen
Emmerthal,52.0464018,9.3831252,DE,emmerthal
Bantorf,52.3322451,9.4177173,DE,bantorf
Burgdorf (Han),52.4485538,10.0027367,DE,burgdorf-han
Hannover Karl-Wiechert-Allee,52.3744434,9.8088243,DE,hannover-karl-wiechert-allee
Hannover-Linden/Fischerhof,52.3526245,9.7236409,DE,hannover-linden/fischerhof
Lübberstedt (Lüneburg),53.1961892,10.1024357,DE,lubberstedt-luneburg
Evendorf-Hörpel,53.1444279,10.0500536,DE,evendorf-horpel
Hützel (Lüneb),53.1003921,10.0315799,DE,hutzel-luneb
Drei Annen Hohne,51.7703685,10.7271247,DE,drei-annen-hohne
Elend,51.7459679,10.6901482,DE,elend
Derneburg (Han),52.096916,10.143654,DE,derneburg-han
Klein Mahner,52.0455836,10.4453569,DE,klein-mahner
Salzgitter-Bad,52.0497699,10.3721928,DE,salzgitter-bad
Nordhausen-Krimderode,51.5281798,10.7742581,DE,nordhausen-krimderode
Niedersachswerfen Ost,51.5498179,10.7688299,DE,niedersachswerfen-ost
Salzgitter-Ringelheim,52.0380738,10.314507,DE,salzgitter-ringelheim
Melbeck-Embsen,53.1814994,10.3711714,DE,melbeck-embsen
Bodenfelde,51.637133,9.561647,DE,bodenfelde
Uslar,51.6544612,9.6552521,DE,uslar
Hardegsen,51.6588943,9.8259574,DE,hardegsen
Leisnig,51.1603023,12.9381497,DE,leisnig
Vienenburg,51.955198,10.5624175,DE,vienenburg
Bad Harzburg,51.888559,10.5539741,DE,bad-harzburg
Staufenberg-Speele,51.3774614,9.563553,DE,staufenberg-speele
Büchen,53.4741982,10.6243802,DE,buchen
Benndorf,51.5754204,11.4918794,DE,benndorf
Lübecker Straße,53.5598267,10.0286959,DE,lubecker-strae
Alte Wöhr (Stadtpark),53.5980571,10.0353635,DE,alte-wohr-stadtpark
Hamburg Hasselbrook,53.5645687,10.0559346,DE,hamburg-hasselbrook
Klein Flottbek (Botanischer Garten),53.5581648,9.8608825,DE,klein-flottbek-botanischer-garten
Sülldorf,53.5811262,9.7974217,DE,sulldorf
Hamburg-Bergedorf,53.4898442,10.2065766,DE,hamburg-bergedorf
Wilhelmsburg,53.4984734,10.0068586,DE,wilhelmsburg
Münster (Westf) Hauptbahnhof,51.9564055,7.635792,DE,munster-westf-hauptbahnhof
Buxtehude,53.4704853,9.6883066,DE,buxtehude
Dortmund-Dorstfeld,51.5092739,7.4242947,DE,dortmund-dorstfeld
Ilsenburg,51.8691916,10.6830061,DE,ilsenburg
Eidelstedt,53.5956752,9.9073853,DE,eidelstedt
Magdeburg-Buckau,52.1091216,11.6300728,DE,magdeburg-buckau
Bf. am Haseschacht,52.315708,8.0079518,DE,bf-am-haseschacht
Boltersen,53.2860557,10.5703652,DE,boltersen
Erbstorf Ziegelei,53.263244,10.4638351,DE,erbstorf-ziegelei
Scharnebeck,53.286601,10.5045203,DE,scharnebeck
Bf. Südstieg,52.3165972,8.0176841,DE,bf-sudstieg
Elbbrücken,53.5348122,10.0232352,DE,elbbrucken
Münster-Amelsbüren,51.8839894,7.5989563,DE,munster-amelsburen
Blankenfelde (Teltow-Fläming),52.3371793,13.4160471,DE,blankenfelde-teltow-flaming
Neu Neetze,53.2862452,10.6633077,DE,neu-neetze
Rullstorf,53.2889632,10.5286978,DE,rullstorf
Querfurt,51.3869387,11.6040442,DE,querfurt
Bad Lauchstädt,51.3893954,11.8720381,DE,bad-lauchstadt
Michendorf,52.3165997,13.0309886,DE,michendorf
Berlin Ostbahnhof,52.5103817,13.4349112,DE,berlin-ostbahnhof
Gütersloh Hbf,51.9069041,8.3849458,DE,gutersloh-hbf
Rheine,52.27617,7.4340189,DE,rheine
Polizeipräsidium,51.5010146,7.4589719,DE,polizeiprasidium
Eschede,52.7412069,10.2307521,DE,eschede
Unterlüß,52.8353165,10.300659,DE,unterlu
Suderburg,52.9049298,10.4327489,DE,suderburg
Kiel-Oppendorf,54.326071,10.2084144,DE,kiel-oppendorf
Probsteierhagen,54.3651002,10.2926334,DE,probsteierhagen
Altenbeken,51.7664557,8.9430232,DE,altenbeken
Altglienicke,52.4069533,13.5582554,DE,altglienicke
Grünau,52.4128789,13.5736378,DE,grunau
Schöneweide,52.4549058,13.5097653,DE,schoneweide
Königs Wusterhausen,52.2967046,13.631528,DE,konigs-wusterhausen
Zeuthen,52.3484435,13.627647,DE,zeuthen
Zernsdorf,52.2994319,13.6933602,DE,zernsdorf
Baumschulenweg,52.4674002,13.4898621,DE,baumschulenweg
Tönning,54.3138665,8.9381276,DE,tonning
Bohmte,52.3610196,8.3073068,DE,bohmte
Kirchweyhe,52.9844182,8.8476106,DE,kirchweyhe
Schieder,51.9222867,9.151705,DE,schieder
Berlin-Schöneweide,52.4548738,13.5092508,DE,berlin-schoneweide
Wildau,52.3194124,13.6338248,DE,wildau
Strausberg Nord,52.5902873,13.9085199,DE,strausberg-nord
Geesthacht,53.4341917,10.3645183,DE,geesthacht
Unna,51.5390214,7.6922227,DE,unna
Volksdorf,53.650649,10.1631555,DE,volksdorf
Winsen Nord,53.367406,10.2165596,DE,winsen-nord
Lührsbockel,52.9410035,9.9082932,DE,luhrsbockel
Bönningstedt,53.663251,9.9102659,DE,bonningstedt
Winsen (Luhe),53.3534304,10.2086841,DE,winsen-luhe
Lüneburg,53.2497728,10.4197721,DE,luneburg
Lampertswalde,51.308494,13.6802043,DE,lampertswalde
Achim,53.015881,9.0314628,DE,achim
Leipzig/Halle Flughafen,51.4233121,12.2236458,DE,leipzig/halle-flughafen
Pattensen (Lüneb),53.3161061,10.1521442,DE,pattensen-luneb
Garlstorf (Kr Harburg),53.2399776,10.1079414,DE,garlstorf-kr-harburg
Hambostel,53.0225441,9.9082377,DE,hambostel
Elster (Elbe),51.8323642,12.8273444,DE,elster-elbe
Holthusen,53.556497,11.3658914,DE,holthusen
Hildesheim Hauptbahnhof,52.1607208,9.9542033,DE,hildesheim-hauptbahnhof
Wittenberge,53.0021275,11.7628467,DE,wittenberge
Hermannsburg,52.8312108,10.0834569,DE,hermannsburg
Sülze (Han),52.7680303,10.0305681,DE,sulze-han
Eversen,52.7521634,10.0514117,DE,eversen
Altensalzkoth,52.7391963,10.0702315,DE,altensalzkoth
Falkenberg (Elster),51.5835919,13.2472604,DE,falkenberg-elster
Hittfeld,53.4034618,9.9742872,DE,hittfeld
Paulinenaue,52.6758223,12.7135272,DE,paulinenaue
Schleswig,54.499583,9.5378994,DE,schleswig
Owschlag,54.3924225,9.5907252,DE,owschlag
Wrist,53.9320953,9.7479266,DE,wrist
Walkenried,51.5848543,10.6088282,DE,walkenried
Großenhain Cottbuser Bahnhof,51.2916811,13.5239417,DE,groenhain-cottbuser-bahnhof
Halle-Ammendorf,51.4241501,11.9878916,DE,halle-ammendorf
Döbeln Hauptbahnhof,51.1265525,13.0946476,DE,dobeln-hauptbahnhof
Esens (Ostfriesl),53.6362684,7.6159838,DE,esens-ostfriesl
Wilhelmshaven,53.5187847,8.1153355,DE,wilhelmshaven
Grevesmühlen,53.8573939,11.1844076,DE,grevesmuhlen
Kleine Raubkammer,53.1177665,10.0954206,DE,kleine-raubkammer
Soderstorf,53.1373801,10.1479353,DE,soderstorf
Heinsen,53.1564708,10.3452415,DE,heinsen
Angermünde,53.0158331,13.9959905,DE,angermunde
Greifswalder Straße,52.5402462,13.4389887,DE,greifswalder-strae
Velten (Mark),52.6842919,13.1729152,DE,velten-mark
Tornesch,53.697001,9.7152916,DE,tornesch
Bleckede-Waldfrieden,53.2728694,10.742122,DE,bleckede-waldfrieden
Draisinenbahnhof Waldfrieden,53.2720803,10.744308,DE,draisinenbahnhof-waldfrieden
Immensen-Arpke,52.3912319,10.0837218,DE,immensen-arpke
Itzehoe,53.9242344,9.5100452,DE,itzehoe
Langenhorn Nord,53.6609764,10.0175721,DE,langenhorn-nord
Staßfurt,51.8515572,11.5878747,DE,stafurt
Zempin,54.065992,13.9601243,DE,zempin
Seelze,52.3917006,9.5944522,DE,seelze
Harburg Rathaus,53.4607292,9.9803507,DE,harburg-rathaus
Huntlosen,52.9908214,8.2665141,DE,huntlosen
Sandkrug,53.0551183,8.2548772,DE,sandkrug
Schladen (Harz),52.0221775,10.5498525,DE,schladen-harz
Bad Gandersheim,51.8675782,10.0200491,DE,bad-gandersheim
Tostedt,53.2717517,9.7313671,DE,tostedt
Bad Salzuflen,52.0816192,8.7404483,DE,bad-salzuflen
Herford,52.1196393,8.6637749,DE,herford
Rotenburg (Wümme),53.1124706,9.3908499,DE,rotenburg-wumme
HafenCity Universität,53.5405541,10.0079629,DE,hafencity-universitat
Feucht,49.3819306,11.2040243,DE,feucht
Hauptbahnhof Nord,53.5541197,10.006127,DE,hauptbahnhof-nord
Glossen,51.2424783,12.9960478,DE,glossen
Nebitzschen,51.2391614,13.0170229,DE,nebitzschen
Seestraße,52.5498029,13.3531176,DE,seestrae
Leopoldplatz,52.5463833,13.3591672,DE,leopoldplatz
Wellendorf,52.1812083,8.1400353,DE,wellendorf
Kutenholz,53.4704846,9.3088841,DE,kutenholz
Großbeeren,52.3509138,13.2847017,DE,grobeeren
Meyenburg,53.3111658,12.247386,DE,meyenburg
Großenaspe,53.981185,9.970178,DE,groenaspe
Bad Sooden-Allendorf,51.2680571,9.9686952,DE,bad-sooden-allendorf
Frankfurter Allee,52.5136227,13.4754364,DE,frankfurter-allee
Charlottenburg,52.5050484,13.3045162,DE,charlottenburg
Wehretal-Reichensachsen,51.154186,9.9860176,DE,wehretal-reichensachsen
Naturkundemuseum,52.5312724,13.3821605,DE,naturkundemuseum
Herzberg (Mark),52.905416,12.9780496,DE,herzberg-mark
Löwenberg (Mark),52.8967303,13.1899592,DE,lowenberg-mark
Lentföhrden,53.8767804,9.8899404,DE,lentfohrden
Vechelde,52.2578895,10.3588566,DE,vechelde
Rheinsberg (Mark),53.0927817,12.9002055,DE,rheinsberg-mark
Schichauweg,52.3985451,13.3894102,DE,schichauweg
Voltastraße,52.5422898,13.392876,DE,voltastrae
Moritzplatz,52.5036623,13.4107479,DE,moritzplatz
Schönleinstraße,52.4930552,13.4220572,DE,schonleinstrae
Perleberg,53.0713207,11.8520684,DE,perleberg
Höxter-Ottbergen,51.7109551,9.3053907,DE,hoxter-ottbergen
Lichterfelde Ost,52.4298633,13.3280815,DE,lichterfelde-ost
Boddinstraße,52.4801685,13.425281,DE,boddinstrae
Leinestraße,52.4729787,13.4283545,DE,leinestrae
Strausberger Platz,52.5180981,13.4315264,DE,strausberger-platz
Dahlem-Dorf,52.4574096,13.2897049,DE,dahlem-dorf
Weberwiese,52.5167465,13.4447135,DE,weberwiese
Grenzallee,52.4628825,13.4447716,DE,grenzallee
Rehberge,52.5566893,13.3409843,DE,rehberge
S Anhalter Bahnhof,52.5035788,13.3814763,DE,s-anhalter-bahnhof
Potsdamer Platz,52.5094035,13.3766399,DE,potsdamer-platz
U Potsdamer Platz,52.5091586,13.3782147,DE,u-potsdamer-platz
Berlin Hauptbahnhof,52.5249451,13.3696614,DE,berlin-hauptbahnhof
Britz-Süd,52.4377918,13.4481868,DE,britz-sud
Johannisthaler Chaussee,52.4293213,13.4533376,DE,johannisthaler-chaussee
Lipschitzallee,52.4246425,13.4626984,DE,lipschitzallee
Rudow,52.41617,13.4953978,DE,rudow
Zwickauer Damm,52.4233803,13.4839403,DE,zwickauer-damm
Lichtenrade,52.3869393,13.3964496,DE,lichtenrade
Afrikanische Straße,52.5602382,13.3346178,DE,afrikanische-strae
Kurt-Schumacher-Platz,52.5632274,13.327129,DE,kurt-schumacher-platz
Scharnweberstraße,52.5668172,13.3126219,DE,scharnweberstrae
Otisstraße,52.5710338,13.3029254,DE,otisstrae
Holzhauser Straße,52.575692,13.2961132,DE,holzhauser-strae
Fuldatal-Ihringshausen,51.3485542,9.525616,DE,fuldatal-ihringshausen
Borsigwerke,52.5818407,13.2905918,DE,borsigwerke
Brandenburger Tor,52.5166047,13.3809897,DE,brandenburger-tor
Kaulsdorf,52.5121351,13.5901922,DE,kaulsdorf
Weinmeisterstraße,52.5254666,13.4050194,DE,weinmeisterstrae
U Friedrichstraße,52.5202635,13.3882862,DE,u-friedrichstrae
Anton-Wilhelm-Amo-Straße,52.5117915,13.3850915,DE,anton-wilhelm-amo-strae
Krumme Lanke,52.4434481,13.2413921,DE,krumme-lanke
Landsberger Allee,52.529482,13.4547803,DE,landsberger-allee
Friedenau,52.4707164,13.3415003,DE,friedenau
Görlitzer Bahnhof,52.4992628,13.4280355,DE,gorlitzer-bahnhof
Klosterstraße,52.5172347,13.4124323,DE,klosterstrae
Schillingstraße,52.52079,13.4211125,DE,schillingstrae
Frankfurter Tor,52.515818,13.4539745,DE,frankfurter-tor
Schlesisches Tor,52.5008341,13.4414625,DE,schlesisches-tor
Prinzenstraße,52.4983972,13.40591,DE,prinzenstrae
Alt-Mariendorf,52.4396754,13.3875138,DE,alt-mariendorf
Platz der Luftbrücke,52.4860843,13.3859508,DE,platz-der-luftbrucke
Bönen,51.5980414,7.7572878,DE,bonen
Emsdetten,52.1767275,7.5315117,DE,emsdetten
Greven,52.0900464,7.5993281,DE,greven
Münster-Hiltrup,51.9045083,7.6545184,DE,munster-hiltrup
Dahlenburg,53.1693432,10.7088772,DE,dahlenburg
Paracelsus-Bad,52.5742433,13.348511,DE,paracelsus-bad
Residenzstraße,52.5711895,13.3604739,DE,residenzstrae
Franz-Neumann-Platz,52.5645392,13.3639236,DE,franz-neumann-platz
Wollankstraße,52.5651525,13.3923627,DE,wollankstrae
Vinetastraße,52.5593248,13.413278,DE,vinetastrae
Kaiserin-Augusta-Straße,52.4599764,13.3846346,DE,kaiserin-augusta-strae
Westphalweg,52.4462674,13.3856905,DE,westphalweg
Dannenberg Ost,53.1049816,11.1175915,DE,dannenberg-ost
Kottbusser Tor,52.4989853,13.4183107,DE,kottbusser-tor
Sophie-Charlotte-Platz,52.5109137,13.2963306,DE,sophie-charlotte-platz
Bocksthal,51.5792375,11.504745,DE,bocksthal
Zirkelschacht,51.5827998,11.5261519,DE,zirkelschacht
Nollendorfplatz,52.4995972,13.3537297,DE,nollendorfplatz
Spittelmarkt,52.5112959,13.4041155,DE,spittelmarkt
Hille,52.3326945,8.7494448,DE,hille
Kurfürstenstraße,52.4999599,13.3619411,DE,kurfurstenstrae
Schwartzkopffstraße,52.5351574,13.377318,DE,schwartzkopffstrae
Melsungen,51.1261807,9.5463793,DE,melsungen
Leipzig-Liebertwolkwitz,51.28377,12.4693871,DE,leipzig-liebertwolkwitz
Senefelderplatz,52.5323899,13.4126861,DE,senefelderplatz
Konstanzer Straße,52.4945315,13.3090745,DE,konstanzer-strae
Karl-Marx-Straße,52.4762696,13.4393375,DE,karl-marx-strae
Brügge(Prign),53.256318,12.2292489,DE,brugge-prign
Baddeckenstedt,52.0891487,10.2288376,DE,baddeckenstedt
Oranienburger Tor,52.5255998,13.3873583,DE,oranienburger-tor
Adenauerplatz,52.5000028,13.3073226,DE,adenauerplatz
Röthenbach (Pegnitz),49.4793,11.230774,DE,rothenbach-pegnitz
Cottbusser Platz,52.5338331,13.5964015,DE,cottbusser-platz
Kaulsdorf-Nord,52.5211535,13.5889176,DE,kaulsdorf-nord
Magdalenenstraße (Campus für Demokratie),52.5124541,13.4870792,DE,magdalenenstrae-campus-fur-demokratie
Kienberg (Gärten der Welt),52.5286152,13.5906369,DE,kienberg-garten-der-welt
Nauener Platz,52.5514056,13.3671696,DE,nauener-platz
Mendelssohn-Bartholdy-Park,52.503724,13.3748605,DE,mendelssohn-bartholdy-park
Pankstraße,52.5522617,13.3814583,DE,pankstrae
Hartmannshof,49.498889,11.5546301,DE,hartmannshof
Samariterstraße,52.5147399,13.4644405,DE,samariterstrae
Hönow,52.5384335,13.633123,DE,honow
Blumberg (b Berlin),52.6051449,13.6116227,DE,blumberg-b-berlin
Werneuchen,52.6373179,13.7374233,DE,werneuchen
Templin,53.1123662,13.4915853,DE,templin
Vogelsang (Kr Oberhavel),53.037652,13.3856628,DE,vogelsang-kr-oberhavel
Zehdenick(Mark),52.9792998,13.3174151,DE,zehdenick-mark
Bülowstraße,52.4975858,13.3632209,DE,bulowstrae
Hausvogteiplatz,52.5133502,13.395591,DE,hausvogteiplatz
Alt-Tempelhof,52.4655217,13.3856299,DE,alt-tempelhof
Ullsteinstraße,52.4537449,13.3844659,DE,ullsteinstrae
Mehringdamm,52.4941308,13.3886168,DE,mehringdamm
Paradestraße,52.4780189,13.3862561,DE,paradestrae
Onkel Toms Hütte,52.4498912,13.2530752,DE,onkel-toms-hutte
Oskar-Helene-Heim,52.4503608,13.2690711,DE,oskar-helene-heim
Freie Universität (Thielplatz),52.4510388,13.281744,DE,freie-universitat-thielplatz
Wittenbergplatz,52.5017976,13.3430005,DE,wittenbergplatz
Hansaplatz,52.518008,13.3420365,DE,hansaplatz
Birkenstraße,52.5323818,13.3413533,DE,birkenstrae
Blaschkoallee,52.4520801,13.4492022,DE,blaschkoallee
Blissestraße,52.4864895,13.3205449,DE,blissestrae
Breitenbachplatz,52.4670266,13.3088711,DE,breitenbachplatz
Zehlendorf,52.4310735,13.2585888,DE,zehlendorf
Heinebach,51.0456893,9.6643302,DE,heinebach
Hofgeismar-Hümme,51.5431378,9.4020861,DE,hofgeismar-humme
Osloer Straße,52.5571597,13.3732715,DE,osloer-strae
Veitshöchheim,49.8303456,9.8763139,DE,veitshochheim
Warburg-Scherfede,51.5247649,9.0479539,DE,warburg-scherfede
Riede (b Bremen),52.9738262,8.9395218,DE,riede-b-bremen
Tecklenburg,52.2158088,7.8023472,DE,tecklenburg
Leipzig-Plagwitz,51.3280581,12.3220577,DE,leipzig-plagwitz
Springe,52.2152259,9.5572091,DE,springe
Osterwald,52.0974343,9.6356483,DE,osterwald
Ahlen (Westf),51.7611553,7.8954375,DE,ahlen-westf
Bergedorf,53.4899751,10.2063722,DE,bergedorf
Lichterfelde Süd,52.4099669,13.3085527,DE,lichterfelde-sud
Südende,52.448279,13.3537492,DE,sudende
Rahnsdorf,52.4516372,13.6899776,DE,rahnsdorf
Priesterweg,52.4599231,13.356253,DE,priesterweg
Bobitz,53.8045736,11.3629202,DE,bobitz
Buch,52.6358345,13.4916378,DE,buch
Alsterdorf,53.6064146,10.0116906,DE,alsterdorf
Barmstedt,53.7929259,9.7722701,DE,barmstedt
Ellerau,53.7501448,9.9233683,DE,ellerau
Lattenkamp (Sporthalle),53.5998672,9.9946109,DE,lattenkamp-sporthalle
Cuxhaven,53.8602658,8.7048196,DE,cuxhaven
Borgweg (Stadtpark),53.5907696,10.0147719,DE,borgweg-stadtpark
Neustadt am Rübenberge,52.5033342,9.4553787,DE,neustadt-am-rubenberge
Osterstraße,53.5761625,9.9516599,DE,osterstrae
Elmshorn,53.7542251,9.6592636,DE,elmshorn
Sparrieshoop,53.7812935,9.6850643,DE,sparrieshoop
Bargteheide,53.7281839,10.269106,DE,bargteheide
Büsum,54.1340186,8.8675385,DE,busum
Schönfließ,52.6647002,13.3400405,DE,schonflie
Münster-Mecklenbeck,51.9240704,7.5793909,DE,munster-mecklenbeck
Fuhlsbüttel Nord,53.6392522,10.0166781,DE,fuhlsbuttel-nord
Langenhorn Markt,53.6488888,10.0172131,DE,langenhorn-markt
Kiwittsmoor,53.6749843,10.0161807,DE,kiwittsmoor
Reckenfeld,52.134258,7.564295,DE,reckenfeld
Bösensell,51.9070465,7.4877485,DE,bosensell
Münster Zentrum Nord,51.9841797,7.6384605,DE,munster-zentrum-nord
Rinkerode,51.8442617,7.6894909,DE,rinkerode
Springpfuhl,52.52704,13.5365518,DE,springpfuhl
Algermissen,52.2523206,9.9665859,DE,algermissen
Sehnde,52.3183763,9.9626301,DE,sehnde
Hamm-Bockum-Hövel,51.705004,7.7741358,DE,hamm-bockum-hovel
Mersch (Westf),51.7624854,7.7374572,DE,mersch-westf
Hettstedt Kupferkammerhütte,51.6330679,11.510965,DE,hettstedt-kupferkammerhutte
Kattenvenne,52.1133978,7.8603597,DE,kattenvenne
Ostbevern,52.0703611,7.8096301,DE,ostbevern
Lengerich-Hohne Pbf,52.1756663,7.8773398,DE,lengerich-hohne-pbf
Beelen,51.9293547,8.1159783,DE,beelen
Blankenese,53.5644641,9.8152673,DE,blankenese
Hasselbrook,53.5646689,10.0556724,DE,hasselbrook
Havixbeck,51.9668511,7.4073121,DE,havixbeck
Hamburg Airport (Flughafen),53.6326466,10.0066778,DE,hamburg-airport-flughafen
Poggenhagen,52.4671801,9.4538885,DE,poggenhagen
Coburg-Neuses,50.2781085,10.9510867,DE,coburg-neuses
Neustadt (Aisch) Bahnhof,49.5767278,10.588158,DE,neustadt-aisch-bahnhof
Bleckede,53.2916408,10.7273338,DE,bleckede
Steinfurt-Burgsteinfurt,52.147275,7.3295686,DE,steinfurt-burgsteinfurt
Altenberge,52.0517746,7.481611,DE,altenberge
Halle-Neustadt,51.4800708,11.9206514,DE,halle-neustadt
Lüdinghausen,51.7625729,7.4311751,DE,ludinghausen
Spandau,52.5347721,13.1974528,DE,spandau
Hedemünden,51.3921685,9.7616818,DE,hedemunden
Bundestag,52.5201123,13.3729545,DE,bundestag
Nottuln-Appelhülsen,51.8916352,7.4249519,DE,nottuln-appelhulsen
Garstedt,53.6844739,9.9860415,DE,garstedt
Klosterstern,53.5816736,9.9882157,DE,klosterstern
Buckhorn,53.664363,10.1557408,DE,buckhorn
Greifswald,54.0929537,13.3704504,DE,greifswald
Sassnitz,54.5164576,13.6379367,DE,sassnitz
Sassnitz Fährhafen,54.4860637,13.5852873,DE,sassnitz-fahrhafen
Neustrelitz Hauptbahnhof,53.3592383,13.0745118,DE,neustrelitz-hauptbahnhof
Kiel Hauptbahnhof,54.3134463,10.1310136,DE,kiel-hauptbahnhof
Anklam,53.8560688,13.7018698,DE,anklam
Prenzlau,53.3222738,13.8666984,DE,prenzlau
Waren (Müritz),53.5217959,12.6805557,DE,waren-muritz
Stralsund Rügendamm,54.3054374,13.1075647,DE,stralsund-rugendamm
Altefähr,54.3228693,13.1408606,DE,altefahr
Samtens,54.3542272,13.2909797,DE,samtens
Bergen auf Rügen,54.4207415,13.4186019,DE,bergen-auf-rugen
Prora,54.4448215,13.5642564,DE,prora
Ostseebad Binz Landesbahn,54.3928147,13.6099666,DE,ostseebad-binz-landesbahn
Baabe,54.3623008,13.7048483,DE,baabe
Putbus,54.3569901,13.480617,DE,putbus
Ohlstedt,53.6942752,10.1371187,DE,ohlstedt
Breitengüßbach,49.9666481,10.8871188,DE,breitengubach
Zapfendorf,50.0184078,10.9300289,DE,zapfendorf
Magdeburg Südost,52.0700707,11.6700958,DE,magdeburg-sudost
Lippstadt,51.6706881,8.3483173,DE,lippstadt
Rathenauplatz,49.4569018,11.0894789,DE,rathenauplatz
Niedergörsdorf,51.967912,12.9787903,DE,niedergorsdorf
Nürnberg-Dürrenhof,49.4480095,11.097639,DE,nurnberg-durrenhof
Rothenburger Straße,49.444406,11.055062,DE,rothenburger-strae
Sedanstraße / Lister Meile,52.3839056,9.7463828,DE,sedanstrae-/-lister-meile
Schlägerstraße,52.3642957,9.7473133,DE,schlagerstrae
Lister Platz,52.3890049,9.7511044,DE,lister-platz
Steintor,52.3758731,9.7325746,DE,steintor
Markthalle / Landtag,52.3707152,9.7360288,DE,markthalle-/-landtag
Geibelstraße,52.3599573,9.7506214,DE,geibelstrae
Kröpcke,52.3741963,9.7385645,DE,kropcke
Marienstraße,52.3699401,9.753163,DE,marienstrae
Kopernikusstraße,52.3865666,9.723815,DE,kopernikusstrae
Werderstraße,52.3878022,9.7341536,DE,werderstrae
Altenbekener Damm,52.3551183,9.7543794,DE,altenbekener-damm
Königsworther Platz,52.378176,9.72294,DE,konigsworther-platz
Aegidientorplatz,52.3689146,9.7432874,DE,aegidientorplatz
Osterburg,52.7876248,11.760473,DE,osterburg
Tangerhütte,52.4338574,11.809911,DE,tangerhutte
Draisinenbahnhof Bredenbeck,52.7047699,9.0911314,DE,draisinenbahnhof-bredenbeck
Rinteln,52.1988413,9.0780424,DE,rinteln
Eltersdorf,49.5523412,10.9963983,DE,eltersdorf
Turmstraße,52.5261489,13.3412971,DE,turmstrae
Parkeisenbahn,50.3360116,11.7090607,DE,parkeisenbahn
Schönebeck (Elbe),52.0188151,11.732941,DE,schonebeck-elbe
Mellenbach-Glasbach,50.6032787,11.1103814,DE,mellenbach-glasbach
Capelle (Westf),51.7356535,7.6111296,DE,capelle-westf
Siemensdamm,52.5367748,13.2727638,DE,siemensdamm
Vilseck,49.6161827,11.8013448,DE,vilseck
Uffenheim,49.5512769,10.2428208,DE,uffenheim
Züssow,53.9726529,13.5498339,DE,zussow
Velgast,54.2774286,12.8028195,DE,velgast
Stendal Hauptbahnhof,52.5946768,11.8548875,DE,stendal-hauptbahnhof
Ribnitz-Damgarten West,54.2391997,12.4370512,DE,ribnitz-damgarten-west
Nienburg (Weser),52.6453759,9.2178273,DE,nienburg-weser
Lingen (Ems),52.5199633,7.3215951,DE,lingen-ems
Leer (Ostfriesland),53.2313892,7.4651589,DE,leer-ostfriesland
Erlangen,49.5960693,11.0015908,DE,erlangen
Steinach (b Rothenburg o d Tauber),49.4532414,10.2734616,DE,steinach-b-rothenburg-o-d-tauber
Selbitz,50.3165283,11.747681,DE,selbitz
Oerlinghausen,51.978795,8.6660953,DE,oerlinghausen
Dorfmark,52.8984322,9.7705467,DE,dorfmark
Ebersdorf (b Coburg),50.2229483,11.0654915,DE,ebersdorf-b-coburg
Georgensgmünd,49.1833199,11.0161047,DE,georgensgmund
Ebermannstadt,49.7767794,11.1867134,DE,ebermannstadt
Emskirchen,49.5550382,10.709898,DE,emskirchen
Iphofen,49.6968381,10.2550326,DE,iphofen
Elfershausen-Trimberg,50.1405055,9.969133,DE,elfershausen-trimberg
Eschenau (Mittelfr),49.5754107,11.1984005,DE,eschenau-mittelfr
Wildeshausen,52.8977869,8.4314074,DE,wildeshausen
Förtschendorf,50.3931312,11.3500309,DE,fortschendorf
Freihung,49.6272619,11.9026481,DE,freihung
Ascheberg (Holstein),54.1485905,10.3404589,DE,ascheberg-holstein
Kiel-Elmschenhagen,54.2871344,10.1802482,DE,kiel-elmschenhagen
Steinheim (Westf),51.8683037,9.0885258,DE,steinheim-westf
Nortorf,54.1672351,9.8517973,DE,nortorf
Tierpark,52.4977241,13.5229595,DE,tierpark
Raisdorf,54.280869,10.2437228,DE,raisdorf
Preetz,54.2336102,10.2758646,DE,preetz
Wicklesgreuth,49.3106251,10.711622,DE,wicklesgreuth
Creidlitz,50.227155,10.9822336,DE,creidlitz
Haldensleben,52.2849843,11.4062749,DE,haldensleben
Baunach,49.9887168,10.8546751,DE,baunach
Jungfernheide,52.5307879,13.3006301,DE,jungfernheide
Rastow,53.4569017,11.4318098,DE,rastow
Detmold,51.9407404,8.8730316,DE,detmold
Helmbrechts,50.2337582,11.7243486,DE,helmbrechts
Illesheim,49.4797193,10.3826386,DE,illesheim
Rückersdorf (Mittelfr),49.4910238,11.231195,DE,ruckersdorf-mittelfr
Kitzingen,49.7325014,10.1552921,DE,kitzingen
Langlau,49.118755,10.8592864,DE,langlau
Köditz,50.3289484,11.8483956,DE,koditz
Schweinfurt Stadt,50.0470978,10.2448522,DE,schweinfurt-stadt
Hämelerwald,52.3547283,10.110489,DE,hamelerwald
Lauf (links der Pegnitz),49.5072011,11.2864482,DE,lauf-links-der-pegnitz
Uelzen,52.9695952,10.5529747,DE,uelzen
Hamburg-Harburg,53.4557227,9.9917669,DE,hamburg-harburg
Lauf (rechts Pegnitz),49.51257,11.2777895,DE,lauf-rechts-pegnitz
Steinerne Renne,51.8167975,10.7264456,DE,steinerne-renne
Wernigerode-Hasserode,51.8200859,10.7435681,DE,wernigerode-hasserode
Barleben,52.2089425,11.6211346,DE,barleben
Rätzlingen,52.4089206,11.1236132,DE,ratzlingen
Burgsinn,50.1499224,9.6561342,DE,burgsinn
Winterhausen,49.7089427,10.0112388,DE,winterhausen
Ludersheim,49.3921031,11.3241538,DE,ludersheim
Würzburg-Zell,49.8049134,9.8846238,DE,wurzburg-zell
Gemünden (Main),50.0495975,9.7004066,DE,gemunden-main
Karlstadt (Main),49.9628817,9.7682226,DE,karlstadt-main
Berlin Ostkreuz (Stadtbahn-F),52.5028181,13.4694146,DE,berlin-ostkreuz-stadtbahn-f
Stockau,49.9196465,11.6666965,DE,stockau
Weidenberg,49.9435482,11.72349,DE,weidenberg
Berlin Ostkreuz (Ringbahn-F),52.5028779,13.4696738,DE,berlin-ostkreuz-ringbahn-f
Wilhermsdorf,49.483507,10.7254001,DE,wilhermsdorf
Sulzbach-Rosenberg,49.499583,11.739012,DE,sulzbach-rosenberg
Hohen Neuendorf West,52.6723544,13.2713208,DE,hohen-neuendorf-west
Vach,49.5178402,10.986212,DE,vach
Thüngersheim,49.8782733,9.8401951,DE,thungersheim
Wöhrder Wiese,49.4525541,11.0868851,DE,wohrder-wiese
Weißer Turm,49.4501207,11.0702023,DE,weier-turm
Stadtgrenze,49.4654237,11.0110628,DE,stadtgrenze
Schweinau,49.4343552,11.0483933,DE,schweinau
Schoppershof,49.4646488,11.1004389,DE,schoppershof
Scharfreiterring,49.4085609,11.1265763,DE,scharfreiterring
Röthenbach,49.4208907,11.0316395,DE,rothenbach
Rennweg,49.461048,11.0935138,DE,rennweg
Plärrer,49.4483345,11.0650391,DE,plarrer
Langwasser Mitte,49.4046292,11.1319417,DE,langwasser-mitte
Langwasser Nord,49.4123871,11.1215182,DE,langwasser-nord
Opernhaus,49.4468916,11.0747141,DE,opernhaus
Nordostbahnhof,49.4721808,11.1044729,DE,nordostbahnhof
Muggenhof,49.4616933,11.0227221,DE,muggenhof
Messe,49.4159156,11.1141473,DE,messe
Maximilianstraße,49.4552824,11.0421337,DE,maximilianstrae
Lohr Bahnhof,50.0042404,9.5806285,DE,lohr-bahnhof
Louis-Lewin-Straße,52.538977,13.6183463,DE,louis-lewin-strae
Hellersdorf,52.5366883,13.606672,DE,hellersdorf
Schwichtenberg,53.6795077,13.7095196,DE,schwichtenberg
Uhlenhorst,53.6793198,13.7272523,DE,uhlenhorst
Eitze,52.9028622,9.2816789,DE,eitze
Neddenaverbergen,52.8833599,9.3490274,DE,neddenaverbergen
Stemmen,52.8664569,9.3769736,DE,stemmen
Bf. Stüveschacht,52.3223488,8.0123704,DE,bf-stuveschacht
Hessisch Oldendorf,52.1665004,9.2440667,DE,hessisch-oldendorf
Leipzig Miltitzer Allee,51.3154289,12.2681598,DE,leipzig-miltitzer-allee
Steinfurt-Borghorst,52.1185211,7.3985095,DE,steinfurt-borghorst
Märkisches Museum,52.5123348,13.4101754,DE,markisches-museum
Westkreuz (Stadtbahn),52.5010288,13.2847452,DE,westkreuz-stadtbahn
Berlin Ostkreuz (Ostbahn),52.5035668,13.4697788,DE,berlin-ostkreuz-ostbahn
Botanischer Garten,52.4479557,13.3071282,DE,botanischer-garten
Flieden,50.4212752,9.5767341,DE,flieden
Rathaus Spandau,52.5351709,13.1997742,DE,rathaus-spandau
Felde,54.3098483,9.9477312,DE,felde
Wittingen,52.7274361,10.7232155,DE,wittingen
Bad Bodenteich,52.8351003,10.6728222,DE,bad-bodenteich
Kleistpark,52.4903665,13.3602198,DE,kleistpark
Kochstraße/Checkpoint Charlie,52.5060447,13.3906125,DE,kochstrae/checkpoint-charlie
Rathaus Schöneberg,52.4831773,13.341972,DE,rathaus-schoneberg
Viktoria-Luise-Platz,52.4961755,13.3431855,DE,viktoria-luise-platz
Rüdesheimer Platz,52.4732464,13.314415,DE,rudesheimer-platz
Podbielskiallee,52.4641033,13.2957519,DE,podbielskiallee
Augsburger Straße,52.5004423,13.3364644,DE,augsburger-strae
Heidelberger Platz,52.4797961,13.3128835,DE,heidelberger-platz
Spichernstraße,52.4964453,13.3310091,DE,spichernstrae
Fehrbelliner Platz,52.4902993,13.3148438,DE,fehrbelliner-platz
Hermannplatz,52.4862857,13.4245531,DE,hermannplatz
Rathaus Neukölln,52.4816522,13.4341793,DE,rathaus-neukolln
Parchimer Allee,52.4447743,13.4495999,DE,parchimer-allee
Jakob-Kaiser-Platz,52.5362794,13.2933009,DE,jakob-kaiser-platz
Wilmersdorfer Straße,52.5066749,13.3066372,DE,wilmersdorfer-strae
Zitadelle,52.537652,13.2175358,DE,zitadelle
Paulsternstraße,52.5379819,13.2478176,DE,paulsternstrae
Halemweg,52.5366262,13.2861036,DE,halemweg
Ahrensburg Ost,53.6613671,10.2422971,DE,ahrensburg-ost
Reinickendorfer Straße,52.5400429,13.3702888,DE,reinickendorfer-strae
Schönerlinde,52.6525426,13.42858,DE,schonerlinde
Karl-Bonhoeffer-Nervenklinik,52.5786231,13.3335031,DE,karl-bonhoeffer-nervenklinik
Wittenau,52.5956412,13.3347115,DE,wittenau
Rosa-Luxemburg-Platz,52.5276951,13.4104868,DE,rosa-luxemburg-platz
Mierendorffplatz,52.5263437,13.3047721,DE,mierendorffplatz
Haselhorst,52.5387183,13.2330942,DE,haselhorst
Pritzerbe,52.5000311,12.4584653,DE,pritzerbe
Miltzow,54.2012291,13.1968694,DE,miltzow
Wilmersdorf (bei Angermünde),53.112216,13.8920805,DE,wilmersdorf-bei-angermunde
Stephansplatz (Oper/CCH),53.5587463,9.9893053,DE,stephansplatz-oper/cch
Feldstraße (Heiligengeistfeld),53.5569126,9.9686706,DE,feldstrae-heiligengeistfeld
Blankensee,53.4082098,13.2631029,DE,blankensee
Kiel-Hassee CITTI-Park,54.3111901,10.0982125,DE,kiel-hassee-citti-park
Sögel,52.8355103,7.5174102,DE,sogel
Martensdorf,54.3008715,12.9310515,DE,martensdorf
Ribnitz-Damgarten Ost,54.2510122,12.4874295,DE,ribnitz-damgarten-ost
Steinstraße,53.5492731,10.0062431,DE,steinstrae
Lohmühlenstraße,53.5565393,10.0188852,DE,lohmuhlenstrae
Gänsemarkt (Oper),53.5556593,9.9860402,DE,gansemarkt-oper
Baumwall (Elbphilharmonie),53.5442142,9.9816291,DE,baumwall-elbphilharmonie
Hagebök,53.9609526,11.6149546,DE,hagebok
Göhren (Rügen),54.3458834,13.7381915,DE,gohren-rugen
Leutershausen-Wiedersbach,49.2949147,10.4399,DE,leutershausen-wiedersbach
Beutersitz,51.5901528,13.360641,DE,beutersitz
Finsterwalde (Niederlausitz),51.6369946,13.710383,DE,finsterwalde-niederlausitz
Buddenhagen,54.0013674,13.6820293,DE,buddenhagen
Trassenheide,54.08146,13.8696877,DE,trassenheide
Zinnowitz,54.0758441,13.9028657,DE,zinnowitz
Koserow,54.045193,13.9993621,DE,koserow
Ostkreuz (Ringbahn),52.5029812,13.4691195,DE,ostkreuz-ringbahn
Berlin-Mahlsdorf,52.5118952,13.6107967,DE,berlin-mahlsdorf
Altdorf (b Nürnberg),49.3900779,11.3533455,DE,altdorf-b-nurnberg
Forchheim (Oberfr),49.7169143,11.0700855,DE,forchheim-oberfr
Nürnberg-Sandreuth,49.4295975,11.0547594,DE,nurnberg-sandreuth
Rohrdamm,52.5369951,13.262306,DE,rohrdamm
Baruth (Mark),52.058738,13.5116065,DE,baruth-mark
Lorenzkirche,49.4509469,11.0777299,DE,lorenzkirche
Fürth Hauptbahnhof,49.4703063,10.9912982,DE,furth-hauptbahnhof
Kühlungsborn West,54.1465539,11.7281345,DE,kuhlungsborn-west
Güsten,51.7931795,11.6018062,DE,gusten
Buchholz (Nordheide),53.3243628,9.8749387,DE,buchholz-nordheide
Baalberge,51.7631304,11.7844645,DE,baalberge
Sengelmannstraße (City Nord),53.6095171,10.0218825,DE,sengelmannstrae-city-nord
Wandsbeker Chaussee,53.56982,10.0576225,DE,wandsbeker-chaussee
Farmsen,53.607222,10.1177994,DE,farmsen
Sandersleben (Anh),51.6787025,11.5597909,DE,sandersleben-anh
Ratzeburg,53.6981841,10.7406807,DE,ratzeburg
Ochenbruck,49.3627048,11.2539103,DE,ochenbruck
Postbauer-Heng,49.3085139,11.3588981,DE,postbauer-heng
Leipzig Wilhelm-Leuschner-Platz,51.3354384,12.3753366,DE,leipzig-wilhelm-leuschner-platz
Leipzig Hauptbahnhof (Tiefgleise),51.3454299,12.3801267,DE,leipzig-hauptbahnhof-tiefgleise
Peißen,51.5006292,12.0544187,DE,peien
Jesewitz (bei Leipzig),51.4198798,12.5452687,DE,jesewitz-bei-leipzig
Lauchhammer,51.4745905,13.7430024,DE,lauchhammer
Straßburger Straße,53.5820205,10.0678807,DE,straburger-strae
Groß Pankow,53.1227996,12.0470037,DE,gro-pankow
Gettorf,54.4098194,9.9788864,DE,gettorf
Suchsdorf,54.3492356,10.0909699,DE,suchsdorf
Wolmirstedt,52.2509602,11.6359623,DE,wolmirstedt
Zielitz,52.2963811,11.6803076,DE,zielitz
Olympia-Stadion,52.5168643,13.2504479,DE,olympia-stadion
Heinrich-Heine-Straße,52.5104484,13.4160272,DE,heinrich-heine-strae
Eberswalder Straße,52.5415154,13.4121769,DE,eberswalder-strae
Bernauer Straße,52.5374381,13.3966175,DE,bernauer-strae
Alt-Tegel,52.5894565,13.2837514,DE,alt-tegel
Altstadt Spandau,52.5388381,13.2062573,DE,altstadt-spandau
Brokstedt,53.9903222,9.8242286,DE,brokstedt
Nordwestring,49.4657174,11.0549278,DE,nordwestring
Oldenbüttel,53.28437,8.8104883,DE,oldenbuttel
Stubben,53.4058787,8.7805331,DE,stubben
Klinikum Bremen-Nord/Beckedorf,53.1852638,8.5950449,DE,klinikum-bremen-nord/beckedorf
Bremen-Vegesack,53.1698168,8.629978,DE,bremen-vegesack
Bassum,52.8475476,8.7400508,DE,bassum
Rethen (Leine),52.286059,9.8192846,DE,rethen-leine
Golßen (Niederlausitz),51.9739322,13.5748614,DE,golen-niederlausitz
Wünsdorf-Waldstadt,52.1655531,13.4680723,DE,wunsdorf-waldstadt
Markranstädt,51.3071458,12.2246934,DE,markranstadt
Bad Kösen,51.130808,11.7182716,DE,bad-kosen
Freistatt Hauptbahnhof,52.6237044,8.6516414,DE,freistatt-hauptbahnhof
Haffkrug,54.0550268,10.7437277,DE,haffkrug
Sierksdorf,54.068388,10.7685032,DE,sierksdorf
Timmendorfer Strand,53.9943951,10.7622993,DE,timmendorfer-strand
Scharbeutz,54.0187775,10.7457554,DE,scharbeutz
Hagenbecks Tierpark,53.5925874,9.9440359,DE,hagenbecks-tierpark
Brochterbeck,52.2295557,7.7540893,DE,brochterbeck
Siersleben,51.6081561,11.5409717,DE,siersleben
Milmersdorf,53.0992488,13.6371237,DE,milmersdorf
Kurbahn Endbahnhof,53.8914189,9.9094385,DE,kurbahn-endbahnhof
Meiendorfer Weg,53.6386437,10.1559218,DE,meiendorfer-weg
Niendorf Nord,53.6408535,9.9501122,DE,niendorf-nord
Ahrensburg West,53.6646389,10.219403,DE,ahrensburg-west
Schlüchtern,50.3413274,9.5099786,DE,schluchtern
Jossa,50.2328011,9.6038261,DE,jossa
Heroldsberg,49.5286195,11.149904,DE,heroldsberg
Bad Doberan,54.0999775,11.9049749,DE,bad-doberan
Isernhagen,52.4861204,9.8042233,DE,isernhagen
Thale Hauptbahnhof,51.7459162,11.0308045,DE,thale-hauptbahnhof
Naila,50.3296187,11.7121366,DE,naila
Neunkirchen a Sand,49.520396,11.3224831,DE,neunkirchen-a-sand
Nürnberg Ost,49.4639466,11.1212219,DE,nurnberg-ost
Bad Windsheim,49.5066281,10.413033,DE,bad-windsheim
Rothenburg ob der Tauber,49.3767029,10.1906573,DE,rothenburg-ob-der-tauber
Schöppenstedt,52.1407254,10.7717592,DE,schoppenstedt
Mücheln (Geiseltal),51.3074531,11.8046138,DE,mucheln-geiseltal
Vinzelberg,52.5691497,11.6719988,DE,vinzelberg
Jävenitz,52.5195496,11.4925124,DE,javenitz
Roth,49.2411608,11.0825733,DE,roth
Gittelde/Bad Grund(Harz),51.7874172,10.2030144,DE,gittelde/bad-grund-harz
Langenstein,51.8604786,10.9794782,DE,langenstein
Halberstadt-Spiegelsberge,51.8825567,11.0485637,DE,halberstadt-spiegelsberge
Blankenburg (Harz),51.7959504,10.9612272,DE,blankenburg-harz
Wülknitz,51.3689798,13.3891537,DE,wulknitz
Ostrau,51.200555,13.1665359,DE,ostrau
Wutzkyallee,52.4233264,13.4745668,DE,wutzkyallee
Beckedorf,52.8143872,10.055041,DE,beckedorf
Brandenburg-Altstadt,52.4120878,12.530151,DE,brandenburg-altstadt
Königsborn,52.1340494,11.75629,DE,konigsborn
Wurzbach (Thür),50.4662318,11.5432285,DE,wurzbach-thur
Naumburg (Saale) Ost,51.1553401,11.8237954,DE,naumburg-saale-ost
Boostedt,54.01791,10.0162093,DE,boostedt
Großenbrode,54.3662357,11.0806426,DE,groenbrode
Groß Düngen,52.097722,10.0200744,DE,gro-dungen
Lensahn,54.2193087,10.8903506,DE,lensahn
Seligenstadt (b Würzburg),49.8543971,10.1024658,DE,seligenstadt-b-wurzburg
Ottenhofen-Bergel,49.4558366,10.3561022,DE,ottenhofen-bergel
Sachsendorf (bei Calbe),51.8703547,11.8652545,DE,sachsendorf-bei-calbe
Oberwerrn,50.0707662,10.1535641,DE,oberwerrn
Ilberstedt,51.8065426,11.6476201,DE,ilberstedt
Dorf Mecklenburg,53.8431495,11.4711023,DE,dorf-mecklenburg
Eickendorf,51.9467722,11.6768734,DE,eickendorf
Dossow (Prignitz),53.120621,12.5218365,DE,dossow-prignitz
Rövershagen,54.1754054,12.2471922,DE,rovershagen
Bordesholm,54.1743305,10.0437221,DE,bordesholm
Eutin,54.1356688,10.6099686,DE,eutin
Plön,54.1596338,10.4225787,DE,plon
Mesendorf,53.0923086,12.1220362,DE,mesendorf
Brünkendorf,53.0681533,12.1333043,DE,brunkendorf
Munster (Örtze),52.9932616,10.0963175,DE,munster-ortze
Hüttenbusch,53.273487,8.9622678,DE,huttenbusch
Eystrup NE,52.7835271,9.2303985,DE,eystrup-ne
Dornum (Ostfriesland),53.6435216,7.4340159,DE,dornum-ostfriesland
Visselhövede,52.9801382,9.566415,DE,visselhovede
Bad Salzdetfurth,52.0625414,10.0054553,DE,bad-salzdetfurth
Hamburg-Bergedorf Süd,53.4830962,10.2127358,DE,hamburg-bergedorf-sud
Münchehof (Harz),51.8490449,10.1887276,DE,munchehof-harz
Leipzig-Knauthain,51.2781197,12.3090539,DE,leipzig-knauthain
Hann. Münden,51.4125453,9.658345,DE,hann-munden
Hersbruck (rechts der Pegnitz),49.5100865,11.4235994,DE,hersbruck-rechts-der-pegnitz
Neuenmarkt-Wirsberg,50.0936924,11.5803209,DE,neuenmarkt-wirsberg
St. Pauli,53.5507957,9.9700752,DE,st-pauli
Hamburger Straße,53.5744808,10.0373151,DE,hamburger-strae
Ritterstraße,53.5676565,10.04668,DE,ritterstrae
Eppendorfer Baum,53.583787,9.9852871,DE,eppendorfer-baum
Stumsdorf,51.6162117,12.0666276,DE,stumsdorf
Niemberg,51.5510664,12.0991787,DE,niemberg
Oldenfelde,53.6176802,10.1289772,DE,oldenfelde
Südkreuz (Nord-Süd),52.476214,13.3651375,DE,sudkreuz-nord-sud
Seubersdorf,49.1677754,11.6276742,DE,seubersdorf
Pleinfeld,49.1062188,10.9771933,DE,pleinfeld
Neumünster Süd,54.0597982,9.9830419,DE,neumunster-sud
Neumünster,54.0761041,9.9799657,DE,neumunster
Fürth-Stadthalle,49.4803272,10.9813273,DE,furth-stadthalle
Fürth Rathaus,49.4774065,10.988416,DE,furth-rathaus
Neuhaus am Rennweg,50.5066278,11.1368105,DE,neuhaus-am-rennweg
Oberrohn,50.849781,10.2141364,DE,oberrohn
Tonnenheide,52.4247373,8.6663294,DE,tonnenheide
Feuchtwangen,49.1687984,10.3238886,DE,feuchtwangen
Habichtstraße,53.5936135,10.0522756,DE,habichtstrae
Oedeme,53.2300734,10.3891641,DE,oedeme
Großwudicke,52.590478,12.2311179,DE,growudicke
Betriebswerk,52.4646569,13.538218,DE,betriebswerk
Badesee,52.4664864,13.5484166,DE,badesee
Trebbin,52.2170534,13.2299083,DE,trebbin
Karow (Meckl),53.5403189,12.2721715,DE,karow-meckl
Großreuth bei Schweinau,49.4392918,11.0243069,DE,groreuth-bei-schweinau
Gallin,53.5166373,12.1289853,DE,gallin
Lübz,53.4668912,12.0255649,DE,lubz
Biesenthal,52.7555373,13.6747519,DE,biesenthal
Neudietendorf,50.9138874,10.9097617,DE,neudietendorf
Nürnberg Nordost,49.4739461,11.1061739,DE,nurnberg-nordost
Bremen Hauptbahnhof,53.0832972,8.8137576,DE,bremen-hauptbahnhof
Minden-Oberstadt,52.300268,8.9132614,DE,minden-oberstadt
Unter den Linden,52.5169884,13.38882,DE,unter-den-linden
Rotes Rathaus,52.5188425,13.4080828,DE,rotes-rathaus
Ganzlin,53.3825762,12.2471495,DE,ganzlin
Gommern,52.0738881,11.8390275,DE,gommern
Rennsteig,50.6151514,10.8354394,DE,rennsteig
Bf. Siebenbürgen,52.320722,8.0063193,DE,bf-siebenburgen
Magdeburgerforth Mitte,52.2270159,12.1881296,DE,magdeburgerforth-mitte
Prosselsheim,49.8644013,10.1235354,DE,prosselsheim
Hochstadt-Marktzeuln,50.1531746,11.1726592,DE,hochstadt-marktzeuln
Hohenwestedt,54.0865492,9.6543797,DE,hohenwestedt
Hof-Neuhof,50.3215602,11.9045413,DE,hof-neuhof
Gräfenhainichen Ferropolis,51.7589959,12.4459274,DE,grafenhainichen-ferropolis
Jatznick,53.6024938,13.9381103,DE,jatznick
Lengede-Broistedt,52.1971082,10.3209954,DE,lengede-broistedt
Museumsinsel,52.5172626,13.3988844,DE,museumsinsel
Drohndorf-Mehringen,51.7217599,11.5158173,DE,drohndorf-mehringen
Nachterstedt-Hoym,51.8029956,11.3328886,DE,nachterstedt-hoym
Wegeleben,51.8718029,11.1685222,DE,wegeleben
Leipzig Messe,51.395974,12.3891772,DE,leipzig-messe
Langwasser Süd,49.3987241,11.1405809,DE,langwasser-sud
Gemeinschaftshaus,49.4012628,11.1359091,DE,gemeinschaftshaus
Rehncamp,53.538095,9.4595862,DE,rehncamp
Großsteinberg,51.2506187,12.6374533,DE,grosteinberg
Almstedt-Segeste,52.0357637,9.953401,DE,almstedt-segeste
Probstzella,50.5282604,11.3838049,DE,probstzella
Halle-Trotha,51.5240759,11.9622698,DE,halle-trotha
Bad Essen,52.3236609,8.3418013,DE,bad-essen
Wittlage,52.3191344,8.3713895,DE,wittlage
Bohmte Ost,52.3616904,8.3083577,DE,bohmte-ost
Rabber,52.310252,8.4056056,DE,rabber
Klinikum,49.4825899,10.9689867,DE,klinikum
Sondershausen,51.3700983,10.8493003,DE,sondershausen
Waltershausen,50.9006343,10.5638357,DE,waltershausen
Lindenberg,53.0334332,12.1307077,DE,lindenberg
Tiefenau,51.3910556,13.4144575,DE,tiefenau
Braunschweig-Gliesmarode,52.276086,10.5513063,DE,braunschweig-gliesmarode
Eilenburg Ost,51.4632481,12.6668922,DE,eilenburg-ost
Börßum,52.0609227,10.5686602,DE,borum
Joachimsthal,52.9803346,13.7496862,DE,joachimsthal
Reppenhagen,53.9342317,11.1233856,DE,reppenhagen
Klütz,53.9639053,11.1609936,DE,klutz
Glossen Feldbahn,51.2423994,12.9963107,DE,glossen-feldbahn
Ilfeld,51.578835,10.7898025,DE,ilfeld
Benneckenstein,51.6736813,10.7147412,DE,benneckenstein
Bad Laer,52.103101,8.0922444,DE,bad-laer
Preußisch Oldendorf,52.3039256,8.4889975,DE,preuisch-oldendorf
Vorwalsrode,52.8507441,9.5962296,DE,vorwalsrode
Dodendorf,52.0489834,11.6122558,DE,dodendorf
Parsberg,49.1642531,11.7240822,DE,parsberg
Würzburg-Heidingsfeld Ost,49.7611403,9.9533236,DE,wurzburg-heidingsfeld-ost
Töpfermarkt Chrinitz,51.7413988,13.7663568,DE,topfermarkt-chrinitz
Dettelbach Bahnhof,49.7879696,10.090538,DE,dettelbach-bahnhof
Bernburg-Waldau,51.8059397,11.7227662,DE,bernburg-waldau
Friedewald (Kr Dresden) Bad,51.1381857,13.6631021,DE,friedewald-kr-dresden-bad
Hamm (Westf) Süd RLG,51.6692161,7.8174186,DE,hamm-westf-sud-rlg
Debstedt,53.6128864,8.6514527,DE,debstedt
Herzberg (Harz),51.6437945,10.3298518,DE,herzberg-harz
Hänigsen-Riedel,52.4930094,10.1056398,DE,hanigsen-riedel
Wuhlheide Parkeisenbahn,52.4683699,13.5540438,DE,wuhlheide-parkeisenbahn
Holzdorf (b Weimar),50.9420659,11.2763219,DE,holzdorf-b-weimar
Wismar,53.8964866,11.4697362,DE,wismar
Escheburg,53.4621048,10.3140565,DE,escheburg
Radeburg,51.2098167,13.7276804,DE,radeburg
Moritzburg,51.1556747,13.6835276,DE,moritzburg
Lütjenburg,54.2928277,10.6012355,DE,lutjenburg
Obere Spitzkehre,52.4829228,13.7838013,DE,obere-spitzkehre
Schachtofenbatterie,52.4821635,13.7872238,DE,schachtofenbatterie
Draisinen-Bahnhof Ströhen,52.539925,8.6844537,DE,draisinen-bahnhof-strohen
Draisinen-Bahnhof Rahden,52.4355927,8.6236238,DE,draisinen-bahnhof-rahden
EFMK Moorwelten,52.5476707,8.6750197,DE,efmk-moorwelten
Moorbahn-Bahnhof,52.5403071,8.6850565,DE,moorbahn-bahnhof
Joachimsthal Kaiserbahnhof,52.9637053,13.7549247,DE,joachimsthal-kaiserbahnhof
ex Bf Damme,52.5204056,8.1903868,DE,ex-bf-damme
Braunsbedra,51.2886939,11.8847539,DE,braunsbedra
Wernigerode Hbf (HSB),51.8393879,10.7883819,DE,wernigerode-hbf-hsb
Roßleben,51.2978996,11.436205,DE,roleben
Ziegelstein,49.4850606,11.1052318,DE,ziegelstein
Flughafen,49.4939999,11.0782003,DE,flughafen
Bauernfeindstraße,49.4171218,11.1079747,DE,bauernfeindstrae
Hettstedt,51.636971,11.5132778,DE,hettstedt
Groß Ammensleben,52.2353313,11.5257754,DE,gro-ammensleben
Wörlitz,51.8379057,12.4216311,DE,worlitz
Kohlenbissen,52.9809562,10.1335064,DE,kohlenbissen
Heudeber-Danstedt,51.9047492,10.8662652,DE,heudeber-danstedt
Ringelstein,51.5008366,8.5685141,DE,ringelstein
Stützerbach,50.6394631,10.8579843,DE,stutzerbach
Postdamm,51.9324643,8.4038498,DE,postdamm
Rödelheim,51.9315518,8.4054484,DE,rodelheim
Mühlenstroth Kleinbahnhof,51.9320198,8.4048769,DE,muhlenstroth-kleinbahnhof
Eisfelder Talmühle,51.6208342,10.8130593,DE,eisfelder-talmuhle
Friedrichshöhe,51.6396371,10.9377444,DE,friedrichshohe
Straßberg (Harz),51.6203495,11.0436162,DE,straberg-harz
Silberhütte (Anh),51.6289971,11.0917587,DE,silberhutte-anh
Nyborg,55.3138856,10.8035012,DK,nyborg
Hammerum,56.1316708,9.0631533,DK,hammerum
Bording,56.1467708,9.278635,DK,bording
Kibæk,56.0322903,8.852003,DK,kibk
Fruens Bøge,55.3696571,10.377521,DK,fruens-bge
Højby,55.3301247,10.4339728,DK,hjby
Årslev,55.3012658,10.4659487,DK,arslev
Ringe,55.2388658,10.4818048,DK,ringe
Brønderslev,57.2702469,9.9429985,DK,brnderslev
Skørping,56.8362511,9.8873463,DK,skrping
Skjern,55.9473313,8.4921985,DK,skjern
Aulum,56.2652186,8.7881565,DK,aulum
Vildbjerg,56.1980169,8.7690938,DK,vildbjerg
Ribe,55.3276252,8.7702871,DK,ribe
Struer,56.4915771,8.6017794,DK,struer
Viborg,56.4471382,9.3984137,DK,viborg
Hørning,56.0823895,10.0381925,DK,hrning
Snedsted,56.8922846,8.5272962,DK,snedsted
Lemvig,56.5469936,8.3000424,DK,lemvig
Randers,56.4617821,10.0212525,DK,randers
Varde Vest,55.6244403,8.4759347,DK,varde-vest
Ulfborg,56.2717392,8.3251704,DK,ulfborg
Taulov,55.5448879,9.6156777,DK,taulov
Skærbæk,55.1587111,8.7715973,DK,skrbk
Bækmarksbro,56.4119465,8.308133,DK,bkmarksbro
Bonnet,56.5210031,8.223046,DK,bonnet
Outrup,55.7171893,8.3445313,DK,outrup
Bjerringbro,56.3741589,9.6584089,DK,bjerringbro
Strande,56.5690639,8.1602768,DK,strande
Holmstrup,55.3619633,10.2719151,DK,holmstrup
Tommerup,55.3495891,10.1828194,DK,tommerup
Ejby,55.428674,9.9300034,DK,ejby
Vamdrup,55.4279941,9.2864145,DK,vamdrup
Kolding,55.4905542,9.4814404,DK,kolding
Hinnerup,56.2630315,10.0595198,DK,hinnerup
Hobro,56.6431381,9.7823381,DK,hobro
Vrå,57.3547468,9.9421734,DK,vra
Rønland,56.6567473,8.1947766,DK,rnland
Tistrup,55.7167199,8.5983293,DK,tistrup
Fredericia,55.5684379,9.739523,DK,fredericia
Hirtshals,57.5917049,9.9634184,DK,hirtshals
Lunderskov,55.4803997,9.3040943,DK,lunderskov
Hjerm,56.4388053,8.6398964,DK,hjerm
Tvis,56.3218903,8.7084876,DK,tvis
Ulstrup,56.3954985,9.7930525,DK,ulstrup
Vemb,56.3438706,8.3454452,DK,vemb
Jerup,57.5320982,10.4171808,DK,jerup
Strandby,57.4899627,10.49005,DK,strandby
Ålbæk,57.5924007,10.4082686,DK,albk
Hulsig,57.6596943,10.4633661,DK,hulsig
Hornslet,56.3205403,10.3136376,DK,hornslet
Herning,56.1325451,8.9782986,DK,herning
Lem,56.0250863,8.3859305,DK,lem
Ringkøbing,56.0928359,8.2505079,DK,ringkbing
Sindal,57.4700429,10.2021794,DK,sindal
Tornby,57.5329636,9.9496021,DK,tornby
Guldager,55.5359562,8.4404779,DK,guldager
Grenaa,56.412739,10.8804542,DK,grenaa
Ramme,56.4889128,8.2105268,DK,ramme
Fåre,56.4539623,8.2617436,DK,fare
Varde,55.6159258,8.484433,DK,varde
Lystrup,56.2310704,10.2351986,DK,lystrup
Ryomgård,56.3800312,10.5005559,DK,ryomgard
Skødstrup,56.2618625,10.3031417,DK,skdstrup
Trustrup,56.3507254,10.7715962,DK,trustrup
Thisted,56.9525771,8.6877504,DK,thisted
Aarup,55.3830399,10.0519183,DK,aarup
Aalborg,57.0429609,9.9167688,DK,aalborg
Vejle,55.7066917,9.5365649,DK,vejle
Stenstrup,55.1313483,10.5092258,DK,stenstrup
Kværndrup,55.1776998,10.5195274,DK,kvrndrup
Tjæreborg,55.466562,8.5793295,DK,tjreborg
Harboøre,56.6205864,8.1788771,DK,harbore
Thyborøn,56.7041225,8.2147161,DK,thyborn
Hadsten,56.3271718,10.0478216,DK,hadsten
Lindholm,57.0670441,9.9047405,DK,lindholm
Skanderborg,56.0435631,9.9246973,DK,skanderborg
Skagen,57.7241667,10.591679,DK,skagen
Horsens,55.8626973,9.8356522,DK,horsens
Holsted,55.4847669,8.9144535,DK,holsted
Esbjerg,55.467837,8.4582375,DK,esbjerg
Odense,55.4018379,10.3861989,DK,odense
Gredstedbro,55.3974404,8.7410961,DK,gredstedbro
Kavslunde,55.4758609,9.8108381,DK,kavslunde
Middelfart,55.5016258,9.7344457,DK,middelfart
Vojens,55.2484701,9.3049359,DK,vojens
Hjørring,57.4563721,9.9856433,DK,hjrring
Kvissel,57.4719856,10.4124306,DK,kvissel
Universitetshospitalet,56.1924949,10.1764096,DK,universitetshospitalet
Viby J,56.121904,10.1598843,DK,viby-j
Odder,55.9718333,10.1505062,DK,odder
Assedrup,56.0040003,10.1825962,DK,assedrup
Malling,56.0376645,10.1912382,DK,malling
Mårslet,56.0687756,10.1642908,DK,marslet
Tranbjerg,56.096577,10.1358246,DK,tranbjerg
Torsøvej,56.2054805,10.2284891,DK,torsvej
Vestre Strandallé,56.1949777,10.2368262,DK,vestre-strandalle
Dokk1,56.1541463,10.2129758,DK,dokk1
Hedensted,55.7683994,9.6989045,DK,hedensted
Stoholm,56.4874367,9.150212,DK,stoholm
Holstebro,56.3653479,8.620417,DK,holstebro
Frederikshavn,57.4413647,10.5403841,DK,frederikshavn
Børkop,55.6421013,9.6521884,DK,brkop
Thyregod,55.908415,9.2520359,DK,thyregod
Laven,56.1247189,9.7175105,DK,laven
Oksbøl,55.6260402,8.2836773,DK,oksbl
Langå,56.3863117,9.8962704,DK,langa
Aalborg Lufthavn,57.0847799,9.8750846,DK,aalborg-lufthavn
Borris,55.9585289,8.6446805,DK,borris
Nørre Nebel,55.7772816,8.2905921,DK,nrre-nebel
Rødkærsbro,56.3529703,9.4992634,DK,rdkrsbro
Ry,56.0912658,9.7586878,DK,ry
Janderup,55.6227123,8.37387,DK,janderup
Skive St.,56.5612927,9.0259835,DK,skive-st
Bedsted Thy,56.8067003,8.4077389,DK,bedsted-thy
Højslev,56.5494043,9.1104515,DK,hjslev
Jelling,55.7541136,9.4201541,DK,jelling
Silkeborg,56.1639546,9.5442637,DK,silkeborg
Engesvang,56.1678883,9.3517705,DK,engesvang
Vinderup,56.4829526,8.7832488,DK,vinderup
Svejbæk,56.1327912,9.636434,DK,svejbk
Ølgod,55.8109645,8.6228043,DK,lgod
Give,55.8429533,9.2360572,DK,give
Hvidbjerg,56.6498828,8.5266647,DK,hvidbjerg
Bramming,55.4647252,8.706779,DK,bramming
Hurup Thy,56.7511648,8.4178998,DK,hurup-thy
Brande,55.9444353,9.1304693,DK,brande
Ikast,56.1448411,9.1552631,DK,ikast
Billum,55.6168951,8.331348,DK,billum
Jerne,55.4744618,8.4864728,DK,jerne
Hjørring Øst,57.4548546,10.0055473,DK,hjrring-st
Korinth,55.144238,10.3337333,DK,korinth
Vejen,55.4758216,9.1357514,DK,vejen
Handest,56.5691892,9.8261264,DK,handest
Mariager,56.6536275,9.9784604,DK,mariager
Sparkær,56.475175,9.2277587,DK,sparkr
Haderslev Vest,55.2519476,9.4726065,DK,haderslev-vest
Guadalajara - Yebes,40.5863681,-3.1264338,ES,guadalajara-yebes
Avilés,43.561475,-5.9229558,ES,aviles
Cudillero,43.5509064,-6.1521582,ES,cudillero
El Caleyo,43.3291331,-5.8728724,ES,el-caleyo
Soto Ribera,43.3085554,-5.8752416,ES,soto-ribera
Sant Isidre,39.4510701,-0.4026173,ES,sant-isidre
Cadavedo,43.5428908,-6.3918198,ES,cadavedo
Barreiros,43.5474484,-7.2253134,ES,barreiros
San Miguel de las Dueñas,42.5865006,-6.5239266,ES,san-miguel-de-las-duenas
Sevilla - Santa Justa,37.3920924,-5.9752061,ES,sevilla-santa-justa
Orpesa,40.0922912,0.1399978,ES,orpesa
Borriana - Les Alqueries,39.8965047,-0.1040509,ES,borriana-les-alqueries
Almassora,39.9548766,-0.076922,ES,almassora
Veredas-Brazatortas,38.6690431,-4.317236,ES,veredas-brazatortas
Boumerdès,36.7532614,3.4741786,DZ,boumerdes
Corso,36.7537749,3.4355232,DZ,corso
Boudouaou,36.740326,3.4128195,DZ,boudouaou
Rouiba,36.7341873,3.2828683,DZ,rouiba
Dar El Beida,36.7146164,3.210803,DZ,dar-el-beida
Oued Smar,36.7038346,3.171869,DZ,oued-smar
Santa Cruz de la Zarza,39.9729308,-3.1805818,ES,santa-cruz-de-la-zarza
Fuengirola,36.5418102,-4.623976,ES,fuengirola
La Colina,36.6421595,-4.4923719,ES,la-colina
Los Álamos,36.6447488,-4.4855,ES,los-alamos
Gata,38.7752231,0.0873865,ES,gata
Les Palmes,40.0233663,-0.0016131,ES,les-palmes
Cádiz,36.5279393,-6.2868833,ES,cadiz
Cortadura,36.4943578,-6.268106,ES,cortadura
Huelves,40.0441892,-2.8834811,ES,huelves
El Romeral,39.6940084,-3.429987,ES,el-romeral
Villacañas,39.6219689,-3.3303728,ES,villacanas
Masies,39.5665085,-0.4052632,ES,masies
الخروبة,36.7353371,3.1194712,DZ,
Agha,36.7678826,3.0571896,DZ,agha
Bunyola,39.6974505,2.6941475,ES,bunyola
Mirador des Pujol d’en Banya,39.7605908,2.7063551,ES,mirador-des-pujol-den-banya
Sóller,39.7646765,2.7151232,ES,soller
Vicálvaro Mercancías-Puerto Seco,40.4308894,-3.5720025,ES,vicalvaro-mercancias-puerto-seco
Baba Ali,36.6661975,3.0510537,DZ,baba-ali
Aïn Naâdja,36.6894156,3.0789795,DZ,ain-naadja
Gué de Constantine,36.6967503,3.0952804,DZ,gue-de-constantine
الحراش,36.7221079,3.1323744,DZ,
Birtouta,36.6310945,3.0099595,DZ,birtouta
Hussein Dey,36.7454016,3.0943655,DZ,hussein-dey
Gádor,36.9515637,-2.4874713,ES,gador
Sedes,43.542639,-8.1401997,ES,sedes
Santa Icía,43.4997832,-8.2000046,ES,santa-icia
San Sadurniño,43.5461125,-8.0780669,ES,san-sadurnino
Barracas,40.0115585,-0.696416,ES,barracas
Puerto del Escandón,40.273207,-0.9851952,ES,puerto-del-escandon
Cella,40.4552887,-1.2447902,ES,cella
Neda,43.4953011,-8.1610847,ES,neda
Teruel,40.3409853,-1.1104182,ES,teruel
Chiffa,36.4649973,2.7392872,DZ,chiffa
Pontevedra,42.421679,-8.6354004,ES,pontevedra
Riquelme - Sucina,37.8957747,-0.9733981,ES,riquelme-sucina
Moixent,38.8781338,-0.7530892,ES,moixent
Alzira,39.1531972,-0.4506755,ES,alzira
Algemesí,39.193145,-0.4409302,ES,algemesi
L'Ènova - Manuel,39.0502003,-0.4773298,ES,l'enova-manuel
La Pobla Llarga,39.0832888,-0.4696305,ES,la-pobla-llarga
Cuevas de Velasco,40.1553189,-2.4084814,ES,cuevas-de-velasco
Chillarón,40.1028572,-2.2211287,ES,chillaron
تافورة - البريد المركزي Tafourah - Grande Poste,36.7720052,3.0580722,DZ,tafourah-grande-poste
1er Mai أول ماي,36.7602037,3.0566144,DZ,1er-mai
Aïssat Idir عيسات إدير,36.7568638,3.0617571,DZ,aissat-idir
Hamma الحامة,36.7529089,3.0665263,DZ,hamma
Jardin d'essai,36.7466763,3.0727362,DZ,jardin-d'essai
Les fusillés,36.7421566,3.0831396,DZ,les-fusilles
Cité Amirouche,36.7379079,3.0944441,DZ,cite-amirouche
Bab Ezzouar,36.7070194,3.1862218,DZ,bab-ezzouar
Cabeza Del Buey,38.7239333,-5.2270196,ES,cabeza-del-buey
Almadenejos-Almaden,38.7404341,-4.7303171,ES,almadenejos-almaden
Gomecello,41.0423127,-5.541157,ES,gomecello
Cartagena Plaza Bastarreche,37.6035899,-0.9772749,ES,cartagena-plaza-bastarreche
Tavernes de la Valldigna,39.0789891,-0.2261383,ES,tavernes-de-la-valldigna
Reghaïa,36.7354527,3.3406859,DZ,reghaia
Les Ateliers,36.7564172,3.0657389,DZ,les-ateliers
Villalegre,43.5400278,-5.9022353,ES,villalegre
Media Legua,37.6078629,-0.953675,ES,media-legua
Balsicas Mar Menor,37.8188005,-0.950939,ES,balsicas-mar-menor
San Claudio,43.3553156,-5.9177948,ES,san-claudio
El Pinillo,36.6098894,-4.5154405,ES,el-pinillo
Torremuelle,36.5822976,-4.5670844,ES,torremuelle
Tres Cantos,40.5989059,-3.715653,ES,tres-cantos
Zamora,41.5160013,-5.7397823,ES,zamora
Aldaia,39.4609623,-0.4637445,ES,aldaia
El Goloso,40.5584694,-3.7138301,ES,el-goloso
Pizarra,36.7643147,-4.7119965,ES,pizarra
Moncofa,39.820865,-0.1626069,ES,moncofa
Las Cabezas de San Juan,37.0185216,-5.9456942,ES,las-cabezas-de-san-juan
Place des Martyrs,36.785779,3.06237,DZ,place-des-martyrs
علي بومنجل Ali Boumendjel,36.7802085,3.0586052,DZ,ali-boumendjel
Estación de Ocaña,39.9647937,-3.4861034,ES,estacion-de-ocana
Las Aletas,36.5441255,-6.1984507,ES,las-aletas
Requena - Utiel,39.5217526,-1.1347266,ES,requena-utiel
Ponferrada,42.5457004,-6.6024137,ES,ponferrada
Casatejada,39.8920972,-5.6776049,ES,casatejada
Benicarló - Peníscola,40.4276673,0.4151605,ES,benicarlo-peniscola
Tortosa,40.8071214,0.5228767,ES,tortosa
Jimena de la Frontera,36.424264,-5.4341723,ES,jimena-de-la-frontera
Almansa,38.8676509,-1.1055743,ES,almansa
Alcantarilla,37.9665017,-1.2081553,ES,alcantarilla
Villaverde Bajo,40.352592,-3.6839811,ES,villaverde-bajo
Illescas,40.1208917,-3.842325,ES,illescas
UIB,39.6346089,2.6480014,ES,uib
Villaluenga-Yuncler,40.032306,-3.902171,ES,villaluenga-yuncler
Villarrobledo,39.2605884,-2.5984992,ES,villarrobledo
Minaya,39.2407242,-2.3484746,ES,minaya
Don Benito,38.9670555,-5.8629267,ES,don-benito
Las Águilas,40.3814589,-3.7803772,ES,las-aguilas
Sa Coma / Santa Maria,39.6673399,2.6835679,ES,sa-coma-/-santa-maria
Los Barrios,36.1737741,-5.4606314,ES,los-barrios
Aeropuerto de Jerez,36.7512312,-6.066446,ES,aeropuerto-de-jerez
Miguelturra,38.9700279,-3.8897342,ES,miguelturra
Reanes,43.379154,-5.5626506,ES,reanes
Aboño/Musel,43.5552336,-5.7177125,ES,abono/musel
Viveiro-Apeadoiro,43.6630576,-7.5921151,ES,viveiro-apeadoiro
Xuances,43.6880988,-7.5538634,ES,xuances
A Palla,43.5504527,-8.0187108,ES,a-palla
Ciudad de la Justicia,36.7180202,-4.4633808,ES,ciudad-de-la-justicia
La Unión,36.7107004,-4.4401116,ES,la-union
Portada Alta,36.7193474,-4.453026,ES,portada-alta
O Ponto,43.5148488,-8.1775968,ES,o-ponto
O Alto do Castiñeiro,43.5031565,-8.1956237,ES,o-alto-do-castineiro
Arcade,42.3404114,-8.6106694,ES,arcade
Villar de Chinchilla,38.9060857,-1.4897031,ES,villar-de-chinchilla
Quart de Poblet,39.480827,-0.4417848,ES,quart-de-poblet
El Puerto de Santa María,36.6041992,-6.2169966,ES,el-puerto-de-santa-maria
El Affroun,36.4736586,2.6252662,DZ,el-affroun
Ourense-Empalme,42.350692,-7.872551,ES,ourense-empalme
Moreda,37.4311254,-3.3107459,ES,moreda
Vilamartín de Valdeorras,42.4115592,-7.0612579,ES,vilamartin-de-valdeorras
Canaval,42.4827862,-7.5876981,ES,canaval
Villaluenga-Asland,40.0105661,-3.9035702,ES,villaluenga-asland
Monforte de Lemos,42.5295233,-7.503136,ES,monforte-de-lemos
Coslada Central,40.4238571,-3.5619617,ES,coslada-central
Lalín,42.6324367,-8.1428602,ES,lalin
Villena,38.6322663,-0.8679515,ES,villena
Mouzaïa,36.4704891,2.6924469,DZ,mouzaia
Almuradiel-Viso del Marques,38.514365,-3.5019392,ES,almuradiel-viso-del-marques
L'Aldea - Amposta - Tortosa,40.7535866,0.6145466,ES,l'aldea-amposta-tortosa
As Ferrerías,43.5279577,-8.1504004,ES,as-ferrerias
Xuvia,43.5172324,-8.1612847,ES,xuvia
Santa Eulalia del Campo,40.5730555,-1.312919,ES,santa-eulalia-del-campo
Villafranca del Campo,40.6837723,-1.3582262,ES,villafranca-del-campo
Colmenar Viejo,40.6452011,-3.7765636,ES,colmenar-viejo
Manzanares-Soto del Real,40.7173972,-3.7938506,ES,manzanares-soto-del-real
Alcorcón Central,40.3499384,-3.8319872,ES,alcorcon-central
l'Ametlla de Mar,40.8861996,0.8004544,ES,l'ametlla-de-mar
Aïn Defla,36.2676256,1.9691297,DZ,ain-defla
Arib,36.2884508,2.0665292,DZ,arib
La Gineta,39.1116812,-2.0002567,ES,la-gineta
Algeciras,36.1266399,-5.4501752,ES,algeciras
Babilafuente,40.9722843,-5.4305259,ES,babilafuente
Barallobre,43.4628782,-8.1886027,ES,barallobre
Perlío-Fene,43.4723381,-8.1748625,ES,perlio-fene
Alcalá de Henares Universidad,40.5054439,-3.3353048,ES,alcala-de-henares-universidad
Villanueva de Córdoba-Los Pedroches,38.2552415,-4.5714216,ES,villanueva-de-cordoba-los-pedroches
Erustes,39.9493512,-4.487562,ES,erustes
Montearagón,39.9608155,-4.6465929,ES,montearagon
Oropesa de Toledo,39.9218531,-5.1862074,ES,oropesa-de-toledo
Talavera de la Reina,39.9705854,-4.82652,ES,talavera-de-la-reina
Torrijos,39.9788063,-4.2831624,ES,torrijos
Monreal del Campo,40.782289,-1.3608474,ES,monreal-del-campo
San Fernando-Bahía Sur,36.4679215,-6.206875,ES,san-fernando-bahia-sur
Aces,43.4399088,-6.0657919,ES,aces
Las Campas/Les Campes,43.3638968,-5.8832674,ES,las-campas/les-campes
Sidi Abdellah,36.6802202,2.8921599,DZ,sidi-abdellah
Pôle universitaire Sidi Abdellah,36.6920636,2.8714684,DZ,pole-universitaire-sidi-abdellah
Tessala El Merdja,36.6396289,2.9354336,DZ,tessala-el-merdja
Iznalloz,37.3958204,-3.527761,ES,iznalloz
Cabra del Santo Cristo-Alicún,37.6565877,-3.2623676,ES,cabra-del-santo-cristo-alicun
Navalperal,40.5909344,-4.4086279,ES,navalperal
Vigo-Guixar,42.2395164,-8.7118818,ES,vigo-guixar
Benalmadena - Arroyo de la Miel,36.5990753,-4.5365181,ES,benalmadena-arroyo-de-la-miel
Benigànim,38.9383286,-0.4532279,ES,beniganim
Santa Cruz de Mudela,38.6445907,-3.4513524,ES,santa-cruz-de-mudela
Consolación,38.8913249,-3.3937161,ES,consolacion
Estación de Tembleque,39.722469,-3.4970532,ES,estacion-de-tembleque
Villasequilla,39.8794692,-3.728501,ES,villasequilla
Socuéllamos,39.2785573,-2.7753973,ES,socuellamos
La Roda de Albacete,39.1993692,-2.162873,ES,la-roda-de-albacete
Novelda-Aspe,38.4072636,-0.7775541,ES,novelda-aspe
Alcobendas - San Sebastián de los Reyes,40.5467468,-3.6346007,ES,alcobendas-san-sebastian-de-los-reyes
Rafelbunyol,39.5879683,-0.3308699,ES,rafelbunyol
Daimiel,39.0614095,-3.6040793,ES,daimiel
Almagro,38.8955125,-3.7096502,ES,almagro
Alcalá de Henares,40.4890599,-3.366189,ES,alcala-de-henares
Quero,39.5042295,-3.2663033,ES,quero
Campredó,40.7590764,0.5558624,ES,campredo
Málaga María Zambrano,36.7116198,-4.4323605,ES,malaga-maria-zambrano
Doce de Octubre,40.3790211,-3.6987395,ES,doce-de-octubre
Maestra Justa Freire-Polideportivo Aluche,40.3835465,-3.7686258,ES,maestra-justa-freire-polideportivo-aluche
Puente Alcocer,40.3503366,-3.7050198,ES,puente-alcocer
Carvajal,36.5703735,-4.5938788,ES,carvajal
Guadalhorce,36.6925835,-4.4831135,ES,guadalhorce
Campillos,37.0320313,-4.8635041,ES,campillos
Torre Pacheco,37.7469426,-0.9670576,ES,torre-pacheco
Beni Mered,36.5202414,2.8594797,DZ,beni-mered
Chlef,36.166207,1.3418723,DZ,chlef
Paraninfo,36.7179935,-4.4887014,ES,paraninfo
Gaucin,36.5402389,-5.3868218,ES,gaucin
La Bazagona,39.9152457,-5.8978185,ES,la-bazagona
Astorga,42.4593977,-6.0470591,ES,astorga
Son Reus,39.6378979,2.6683019,ES,son-reus
Portela,42.5177,-8.654353,ES,portela
Sidi Lakhdar,36.2677809,2.1633886,DZ,sidi-lakhdar
Sidi Bouabida,36.2327663,1.7123653,DZ,sidi-bouabida
El Attaf,36.2254897,1.6693083,DZ,el-attaf
Oued Fodda,36.1896953,1.5356662,DZ,oued-fodda
Blida,36.4785227,2.8160657,DZ,blida
Las Mellizas,36.8732189,-4.7192019,ES,las-mellizas
Llíria,39.6225864,-0.5907218,ES,lliria
Benaguasil,39.598988,-0.5842003,ES,benaguasil
Fondo de Benaguasil,39.5926935,-0.5783058,ES,fondo-de-benaguasil
L'Eliana,39.5616244,-0.5359523,ES,l'eliana
Montesol,39.5554391,-0.5318048,ES,montesol
Entrepins,39.5432596,-0.5140201,ES,entrepins
La Canyada,39.5269572,-0.4871045,ES,la-canyada
Fuente del Jarro,39.5111574,-0.4640764,ES,fuente-del-jarro
Santa Rita,39.5059042,-0.455317,ES,santa-rita
Paterna,39.4988913,-0.4419403,ES,paterna
Campament,39.4958186,-0.4352732,ES,campament
Les Carolines-Fira,39.4990148,-0.4249245,ES,les-carolines-fira
Benimàmet,39.5018496,-0.4187199,ES,benimamet
Cantereria,39.5025382,-0.4119442,ES,cantereria
Bétera,39.5907287,-0.457496,ES,betera
Horta Vella,39.5819969,-0.4428387,ES,horta-vella
Seminari-CEU,39.5497488,-0.3896096,ES,seminari-ceu
Moncada-Alfara,39.5435011,-0.3885714,ES,moncada-alfara
Godella,39.5191851,-0.4140999,ES,godella
Burjassot-Godella,39.5131257,-0.4116669,ES,burjassot-godella
Burjassot,39.5082938,-0.4067919,ES,burjassot
Beniferri,39.4908715,-0.3993909,ES,beniferri
Campanar,39.4835506,-0.3941092,ES,campanar
Túria,39.4782542,-0.3902759,ES,turia
Plaça Espanya,39.4662197,-0.3820885,ES,placa-espanya
Safranar,39.4550851,-0.3977688,ES,safranar
Patraix,39.4564669,-0.3903421,ES,patraix
محطّة محمد بوضياف,36.6963648,3.0763969,DZ,
Paiporta,39.4322203,-0.4178775,ES,paiporta
Alboraia Peris Aragó,39.5008914,-0.3523606,ES,alboraia-peris-arago
Alboraia Palmaret,39.4958197,-0.3555609,ES,alboraia-palmaret
Machado,39.492086,-0.3587134,ES,machado
Benimaclet,39.4848096,-0.362352,ES,benimaclet
Facultats - Manuel Broseta,39.4781042,-0.3618837,ES,facultats-manuel-broseta
Alameda,39.4731081,-0.3660177,ES,alameda
Avinguda del Cid,39.4685471,-0.3979341,ES,avinguda-del-cid
Nou d'Octubre,39.4707625,-0.4068717,ES,nou-d'octubre
Mislata,39.4739864,-0.4181175,ES,mislata
Mislata Almassil,39.4754869,-0.4227833,ES,mislata-almassil
Faitanar,39.4776777,-0.4334105,ES,faitanar
Salt de l'Aigua,39.4853071,-0.4504393,ES,salt-de-l'aigua
Manises,39.4895834,-0.4594256,ES,manises
Aeroport,39.4921903,-0.474374,ES,aeroport
Ayora,39.4677747,-0.3431272,ES,ayora
Amistat,39.4703326,-0.35049,ES,amistat
Bailén,39.4635964,-0.3792761,ES,bailen
Almàssera,39.512224,-0.3542038,ES,almassera
Meliana,39.5280174,-0.3516256,ES,meliana
Foios,39.5372733,-0.353825,ES,foios
Albalat dels Sorells,39.5453392,-0.3479811,ES,albalat-dels-sorells
Museros,39.5617469,-0.3407042,ES,museros
Massamagrell,39.5704987,-0.3326119,ES,massamagrell
La Pobla de Farnals,39.5789133,-0.3300548,ES,la-pobla-de-farnals
La Cova,39.4989133,-0.4847032,ES,la-cova
la Presa,39.5170789,-0.5159906,ES,la-presa
Masia de Traver,39.5382647,-0.5466326,ES,masia-de-traver
Riba-roja de Túria,39.5433067,-0.5594273,ES,riba-roja-de-turia
Col·legi El Vedat,39.4112747,-0.4602511,ES,collegi-el-vedat
Sant Ramon,39.3843789,-0.4671275,ES,sant-ramon
Picassent,39.3630565,-0.4646699,ES,picassent
Omet,39.353152,-0.4737535,ES,omet
Espioca,39.3264194,-0.4686776,ES,espioca
Font Almaguer,39.2893312,-0.4645398,ES,font-almaguer
Alginet,39.2629324,-0.4748626,ES,alginet
Ausiàs March,39.2493719,-0.4922095,ES,ausias-march
Carlet,39.2273926,-0.5251284,ES,carlet
Benimodo,39.216471,-0.5195945,ES,benimodo
Montortal,39.1741512,-0.5157137,ES,montortal
Roses,39.4926732,-0.4671623,ES,roses
Mer et Soleil,36.7335851,3.1009545,DZ,mer-et-soleil
خليفة بوخالفة Khelifa Boukhalfa,36.766245,3.0536667,DZ,khelifa-boukhalfa
Arriate,36.790954,-5.1405656,ES,arriate
Benaojan-Montejaque,36.7137087,-5.2461358,ES,benaojan-montejaque
Setenil,36.8625972,-5.1213522,ES,setenil
La Luz - La Paz,36.6954164,-4.4513131,ES,la-luz-la-paz
Puerta Blanca,36.6917962,-4.4559168,ES,puerta-blanca
Rouiba SNVI,36.7338157,3.3177992,DZ,rouiba-snvi
ZI Rouiba,36.7333057,3.3017407,DZ,zi-rouiba
Algodor,39.9141541,-3.8624865,ES,algodor
محطّة المنظر الجميل,36.7095629,3.1587937,DZ,
Catarroja,39.4000723,-0.399188,ES,catarroja
Massanassa,39.4091688,-0.3953228,ES,massanassa
Alfafar - Benetússer,39.422329,-0.3925914,ES,alfafar-benetusser
Sollana,39.2792758,-0.3790618,ES,sollana
Sueca,39.205796,-0.3079878,ES,sueca
Cullera,39.1779377,-0.2634928,ES,cullera
Platja i Grau de Gandia,38.9902173,-0.1624206,ES,platja-i-grau-de-gandia
Ávila,40.6570906,-4.6830022,ES,avila
Gare désaffectée,36.2721763,2.7167947,DZ,gare-desaffectee
Luceros,38.3460283,-0.4906238,ES,luceros
Enllaç,39.6906676,2.9512554,ES,enllac
Inca,39.718103,2.9058376,ES,inca
Santa Magdalena de Pulpis,40.3585915,0.2935883,ES,santa-magdalena-de-pulpis
Aeropuerto,36.6777495,-4.4901616,ES,aeropuerto
Palacio de los Deportes,36.6845619,-4.4583141,ES,palacio-de-los-deportes
Aragó,39.4724072,-0.3575395,ES,arago
Villena AV,38.5843148,-0.8738866,ES,villena-av
El Perchel,36.7127953,-4.4324264,ES,el-perchel
Barbarela,36.7116862,-4.4461114,ES,barbarela
Carranque,36.7186174,-4.449102,ES,carranque
Princesa - Huelin,36.7040678,-4.4403095,ES,princesa-huelin
El Torcal,36.6995262,-4.4460882,ES,el-torcal
Salamanca,40.971382,-5.6486277,ES,salamanca
Sa Pobla,39.7644684,3.0292591,ES,sa-pobla
Zéralda,36.7022912,2.8492427,DZ,zeralda
Dénia,38.8394015,0.1127095,ES,denia
Oviedo / Uviéu,43.3663632,-5.8548667,ES,oviedo-/-uvieu
Mieres del Camín,43.2500408,-5.7823864,ES,mieres-del-camin
Pola de Lena,43.1586493,-5.8311261,ES,pola-de-lena
La Robla,42.8039902,-5.6264788,ES,la-robla
Cieza,38.2466922,-1.4216721,ES,cieza
Caracollera,38.7049997,-4.4747209,ES,caracollera
Las Torres de Cotillas,38.0314174,-1.2376195,ES,las-torres-de-cotillas
Archena-Fortuna,38.1313835,-1.2358788,ES,archena-fortuna
محطّة سكة حديد الحراش,36.7221987,3.132713,DZ,
Parque Oeste,40.3458164,-3.849049,ES,parque-oeste
Recoletos,40.4224959,-3.6917042,ES,recoletos
Ontinyent,38.8094074,-0.6024698,ES,ontinyent
Palma,39.5768033,2.6538742,ES,palma
Pozo de Santa Bárbara,40.8069743,-0.8448082,ES,pozo-de-santa-barbara
Entronque,40.8080027,-0.8436584,ES,entronque
Mirador de Buenos Aires,40.8094818,-0.8424489,ES,mirador-de-buenos-aires
Manuel Beltrán (antiguo Hospital),40.8111796,-0.8440269,ES,manuel-beltran-antiguo-hospital
El Higuerón,37.8670309,-4.8504733,ES,el-higueron
Guadalmez-Los Pedroches,38.6992242,-4.9292819,ES,guadalmez-los-pedroches
Plaça d'Espanya,39.5764574,2.6543586,ES,placa-d'espanya
León,42.5951002,-5.5819405,ES,leon
Tetuán,40.4608552,-3.6982259,ES,tetuan
Plaza de Castilla,40.4662822,-3.6896636,ES,plaza-de-castilla
Chamartín,40.4739539,-3.6827087,ES,chamartin
Bambú,40.4769812,-3.676614,ES,bambu
Pinar de Chamartín,40.4800504,-3.6670518,ES,pinar-de-chamartin
Valdecarros,40.3599901,-3.5921171,ES,valdecarros
Las Suertes,40.3635039,-3.5991634,ES,las-suertes
Congosto,40.3721977,-3.6187268,ES,congosto
Villa de Vallecas,40.3794304,-3.6213251,ES,villa-de-vallecas
Sierra de Guadalupe,40.3825816,-3.6249212,ES,sierra-de-guadalupe
Miguel Hernández,40.387548,-3.6400068,ES,miguel-hernandez
Alto del Arenal,40.3900497,-3.6458127,ES,alto-del-arenal
Buenos Aires,40.3916235,-3.653876,ES,buenos-aires
Portazgo,40.3930132,-3.659194,ES,portazgo
Nueva Numancia,40.395963,-3.6647621,ES,nueva-numancia
Puente de Vallecas,40.3980926,-3.6689662,ES,puente-de-vallecas
Atocha,40.4069749,-3.6886008,ES,atocha
Estación del Arte,40.4088389,-3.6914748,ES,estacion-del-arte
Antón Martín,40.412291,-3.699089,ES,anton-martin
Tirso de Molina,40.4123608,-3.7045846,ES,tirso-de-molina
Gran Vía,40.4199123,-3.7016189,ES,gran-via
Tribunal,40.4262415,-3.7010942,ES,tribunal
Iglesia,40.4352634,-3.6990132,ES,iglesia
Ríos Rosas,40.4415935,-3.7015924,ES,rios-rosas
Alvarado,40.4500867,-3.7035098,ES,alvarado
Sol,40.416938,-3.7033901,ES,sol
Valdeacederas,40.4645262,-3.694999,ES,valdeacederas
Estrecho,40.4545136,-3.7027568,ES,estrecho
Colombia,40.4571156,-3.6769611,ES,colombia
Pinar del Rey,40.4678284,-3.6486781,ES,pinar-del-rey
Mar de Cristal,40.4698205,-3.6385808,ES,mar-de-cristal
Feria de Madrid,40.464,-3.6163088,ES,feria-de-madrid
Aeropuerto T1-T2-T3,40.4679143,-3.5717593,ES,aeropuerto-t1-t2-t3
Barajas,40.4758121,-3.5826207,ES,barajas
Manoteras,40.4766992,-3.662679,ES,manoteras
Hortaleza,40.4747276,-3.652125,ES,hortaleza
Parque de Santa María,40.4771257,-3.6456986,ES,parque-de-santa-maria
San Lorenzo,40.4745618,-3.6396107,ES,san-lorenzo
Canillas,40.4637721,-3.6354426,ES,canillas
Esperanza,40.4592436,-3.6455644,ES,esperanza
Arturo Soria,40.455936,-3.6561772,ES,arturo-soria
Avenida de la Paz,40.4532165,-3.6621876,ES,avenida-de-la-paz
Alfonso XIII,40.4482221,-3.6678923,ES,alfonso-xiii
Prosperidad,40.4442092,-3.6748514,ES,prosperidad
Diego de León,40.434474,-3.6747205,ES,diego-de-leon
Lista,40.4293973,-3.6753988,ES,lista
Goya,40.4246991,-3.6762001,ES,goya
Velázquez,40.4251769,-3.682539,ES,velazquez
Serrano,40.4253869,-3.6869007,ES,serrano
Alonso Martínez,40.4274063,-3.695983,ES,alonso-martinez
Argüelles,40.4307266,-3.7161715,ES,arguelles
Avenida de América,40.4376477,-3.6772962,ES,avenida-de-america
Casa de Campo,40.4034858,-3.7609309,ES,casa-de-campo
Campamento,40.3946832,-3.7682788,ES,campamento
Eugenia de Montijo,40.3844157,-3.7510629,ES,eugenia-de-montijo
Carabanchel,40.3878172,-3.7449835,ES,carabanchel
Oporto,40.3886401,-3.7317242,ES,oporto
Urgel,40.3925341,-3.7253613,ES,urgel
Marqués de Vadillo,40.3974458,-3.7164041,ES,marques-de-vadillo
Acacias,40.4040749,-3.7059572,ES,acacias
Puerta de Toledo,40.4070507,-3.7110664,ES,puerta-de-toledo
La Latina,40.4112911,-3.7083094,ES,la-latina
Ópera,40.4179827,-3.7094148,ES,opera
Callao,40.4202937,-3.7059121,ES,callao
Chueca,40.4226703,-3.6976743,ES,chueca
Rubén Darío,40.4330422,-3.6896897,ES,ruben-dario
Núñez de Balboa,40.4326416,-3.6795551,ES,nunez-de-balboa
Ventas,40.4310642,-3.6635419,ES,ventas
El Carmen,40.4319699,-3.6561907,ES,el-carmen
Quintana,40.4331142,-3.6481458,ES,quintana
Pueblo Nuevo,40.4350329,-3.644171,ES,pueblo-nuevo
Ciudad Lineal,40.4379315,-3.6377404,ES,ciudad-lineal
Suanzes,40.4408788,-3.6270164,ES,suanzes
Torre Arias,40.443618,-3.6171219,ES,torre-arias
Canillejas,40.4491131,-3.6085862,ES,canillejas
El Capricho,40.4533798,-3.5941978,ES,el-capricho
Alameda de Osuna,40.4575814,-3.5879745,ES,alameda-de-osuna
Moncloa,40.4350196,-3.719236,ES,moncloa
Ventura Rodríguez,40.4267606,-3.713295,ES,ventura-rodriguez
Plaza de España,40.423449,-3.7108809,ES,plaza-de-espana
Lavapiés,40.4084539,-3.7006613,ES,lavapies
Palos de la Frontera,40.4030849,-3.6947843,ES,palos-de-la-frontera
Delicias,40.3993312,-3.6941225,ES,delicias
Almendrales,40.3839505,-3.6980105,ES,almendrales
Hospital 12 de Octubre,40.37546,-3.6959057,ES,hospital-12-de-octubre
San Fermín-Orcasur,40.369987,-3.6943864,ES,san-fermin-orcasur
Ciudad de los Ángeles,40.3601741,-3.69343,ES,ciudad-de-los-angeles
Villaverde Bajo - Cruce,40.351034,-3.6926258,ES,villaverde-bajo-cruce
San Cristóbal,40.3416121,-3.6934141,ES,san-cristobal
Cuatro Caminos,40.4467812,-3.7039643,ES,cuatro-caminos
Canal,40.4386349,-3.704264,ES,canal
Quevedo,40.4331809,-3.7044934,ES,quevedo
Noviciado,40.4247733,-3.7073851,ES,noviciado
Santo Domingo,40.4204264,-3.7085723,ES,santo-domingo
Sevilla,40.4177659,-3.6999453,ES,sevilla
Banco de España,40.4190548,-3.6949256,ES,banco-de-espana
Retiro,40.4204626,-3.6864269,ES,retiro
Príncipe de Vergara,40.4226491,-3.6803686,ES,principe-de-vergara
Manuel Becerra,40.4281432,-3.6687107,ES,manuel-becerra
La Almudena,40.4231715,-3.6382552,ES,la-almudena
Alsacia,40.4182411,-3.6237899,ES,alsacia
Avenida de Guadalajara,40.422449,-3.6122237,ES,avenida-de-guadalajara
La Elipa,40.4269992,-3.6494651,ES,la-elipa
Hospital del Henares,40.417612,-3.5345145,ES,hospital-del-henares
Henares,40.4177888,-3.5270942,ES,henares
Jarama,40.4233732,-3.5253633,ES,jarama
La Rambla,40.4251447,-3.5479154,ES,la-rambla
Barrio del Puerto,40.4224714,-3.5691052,ES,barrio-del-puerto
Estadio Metropolitano,40.4337998,-3.600962,ES,estadio-metropolitano
Las Musas,40.4325722,-3.6078503,ES,las-musas
San Blas,40.4275001,-3.615954,ES,san-blas
Simancas,40.4275549,-3.6229906,ES,simancas
García Noblejas,40.4286476,-3.6328626,ES,garcia-noblejas
Ascao,40.4303119,-3.6404493,ES,ascao
Barrio de la Concepción,40.4393659,-3.6520984,ES,barrio-de-la-concepcion
Parque de las Avenidas,40.4393064,-3.6629009,ES,parque-de-las-avenidas
Gregorio Marañón,40.4379941,-3.6912127,ES,gregorio-maranon
Alonso Cano,40.4384455,-3.6992576,ES,alonso-cano
Islas Filipinas,40.4390433,-3.7139784,ES,islas-filipinas
Guzmán el Bueno,40.4462739,-3.7131693,ES,guzman-el-bueno
Francos Rodríguez,40.4566118,-3.7121114,ES,francos-rodriguez
Valdezarza,40.4649188,-3.7165189,ES,valdezarza
Antonio Machado,40.4701887,-3.7178808,ES,antonio-machado
Peñagrande,40.4759519,-3.7160518,ES,penagrande
Avenida de la Ilustración,40.4800446,-3.7183058,ES,avenida-de-la-ilustracion
Lacoma,40.4851113,-3.7231023,ES,lacoma
Príncipe Pío,40.4209619,-3.7193334,ES,principe-pio
Parque Lisboa,40.3494977,-3.8207793,ES,parque-lisboa
Puerta del Sur,40.3452072,-3.8120209,ES,puerta-del-sur
San Nicasio,40.3367045,-3.7767659,ES,san-nicasio
Leganés Central,40.3280922,-3.7723562,ES,leganes-central
Hospital Severo Ochoa,40.3217764,-3.7678287,ES,hospital-severo-ochoa
Casa del Reloj,40.3266736,-3.7594548,ES,casa-del-reloj
Julián Besteiro,40.3346216,-3.7523849,ES,julian-besteiro
El Bercial,40.329394,-3.729993,ES,el-bercial
Los Espartales,40.3241766,-3.7183219,ES,los-espartales
Juan de la Cierva,40.311798,-3.7224742,ES,juan-de-la-cierva
Getafe Central,40.3099984,-3.7340308,ES,getafe-central
Alonso de Mendoza,40.3001349,-3.7370513,ES,alonso-de-mendoza
Conservatorio,40.2932486,-3.7457669,ES,conservatorio
Arroyo Culebro,40.2886235,-3.7567702,ES,arroyo-culebro
Parque de los Estados,40.2866605,-3.7871681,ES,parque-de-los-estados
Fuenlabrada Central,40.2822879,-3.7982754,ES,fuenlabrada-central
Parque Europa,40.2852204,-3.8074481,ES,parque-europa
Hospital de Fuenlabrada,40.2858456,-3.815823,ES,hospital-de-fuenlabrada
Loranca,40.296741,-3.8367671,ES,loranca
Manuela Malasaña,40.3091106,-3.864774,ES,manuela-malasana
Hospital de Móstoles,40.3163098,-3.8744217,ES,hospital-de-mostoles
Pradillo,40.3217118,-3.8648272,ES,pradillo
Móstoles Central,40.3290012,-3.8634972,ES,mostoles-central
Universidad Rey Juan Carlos,40.3348569,-3.8721732,ES,universidad-rey-juan-carlos
Lucero,40.4048009,-3.7452693,ES,lucero
Alto de Extremadura,40.4099947,-3.7384073,ES,alto-de-extremadura
Puerta del Ángel,40.4138284,-3.7271312,ES,puerta-del-angel
Ciudad Universitaria,40.4438005,-3.7264206,ES,ciudad-universitaria
Vicente Aleixandre,40.446506,-3.7190437,ES,vicente-aleixandre
República Argentina,40.4443179,-3.6846392,ES,republica-argentina
O'Donnell,40.422202,-3.6690629,ES,o'donnell
Sainz de Baranda,40.4143958,-3.6696729,ES,sainz-de-baranda
Arganzuela-Planetario,40.3932319,-3.6884132,ES,arganzuela-planetario
Usera,40.3880344,-3.7056039,ES,usera
Plaza Elíptica,40.3853557,-3.7178747,ES,plaza-eliptica
Opañel,40.3869292,-3.7231777,ES,opanel
Carpetana,40.3929166,-3.7409821,ES,carpetana
Pan Bendito,40.3761821,-3.7341933,ES,pan-bendito
San Francisco,40.3736594,-3.7397923,ES,san-francisco
Carabanchel Alto,40.3718832,-3.7517535,ES,carabanchel-alto
La Peseta,40.3630249,-3.7574077,ES,la-peseta
La Fortuna,40.3581963,-3.7776561,ES,la-fortuna
Arroyofresno,40.4906807,-3.7259989,ES,arroyofresno
Duque de Pastrana,40.4674764,-3.6805854,ES,duque-de-pastrana
Ventilla,40.4698213,-3.696293,ES,ventilla
Barrio del Pilar,40.4770471,-3.7035391,ES,barrio-del-pilar
Herrera Oria,40.4846027,-3.7080099,ES,herrera-oria
Mirasierra,40.4910429,-3.7165397,ES,mirasierra
Pavones,40.4005425,-3.6352111,ES,pavones
Artilleros,40.4052627,-3.6418518,ES,artilleros
Vinateros,40.4103313,-3.6525288,ES,vinateros
Estrella,40.4112849,-3.661347,ES,estrella
Cruz del Rayo,40.4444834,-3.6784632,ES,cruz-del-rayo
Ibiza,40.4183658,-3.6781374,ES,ibiza
Concha Espina,40.4513295,-3.6776079,ES,concha-espina
Pío XII,40.4618018,-3.6765305,ES,pio-xii
La Poveda,40.3190333,-3.4777889,ES,la-poveda
Puerta de Arganda,40.4012423,-3.5957286,ES,puerta-de-arganda
San Cipriano,40.4039851,-3.6035493,ES,san-cipriano
Valdebernardo,40.3999118,-3.621522,ES,valdebernardo
Lago,40.4165076,-3.7348806,ES,lago
Santiago Bernabéu,40.4523667,-3.6907254,ES,santiago-bernabeu
Cuzco,40.4594841,-3.6900166,ES,cuzco
Begoña,40.4834526,-3.6869037,ES,begona
Tres Olivos,40.500966,-3.6946891,ES,tres-olivos
Montecarmelo,40.5053359,-3.6959917,ES,montecarmelo
Las Tablas,40.5083428,-3.6694346,ES,las-tablas
Ronda de la Comunicación,40.5151569,-3.6623169,ES,ronda-de-la-comunicacion
La Granja,40.5274337,-3.6585237,ES,la-granja
La Moraleja,40.5320326,-3.6354938,ES,la-moraleja
Marqués de la Valdavia,40.5404555,-3.6380507,ES,marques-de-la-valdavia
Manuel de Falla,40.5502221,-3.6469674,ES,manuel-de-falla
Baunatal,40.5543838,-3.6350405,ES,baunatal
Reyes Católicos,40.5509075,-3.6240552,ES,reyes-catolicos
Hospital Infanta Sofía,40.5598448,-3.6115488,ES,hospital-infanta-sofia
Joaquín Vilumbrales,40.3497655,-3.8073186,ES,joaquin-vilumbrales
Cuatro Vientos,40.3778953,-3.7919717,ES,cuatro-vientos
Aviación Española,40.3837137,-3.7840243,ES,aviacion-espanola
Colonia Jardín,40.3968629,-3.7747975,ES,colonia-jardin
Batán,40.4078351,-3.7531173,ES,batan
Palas de Rey,40.5054595,-3.6650971,ES,palas-de-rey
Virgen del Cortijo,40.4872436,-3.661223,ES,virgen-del-cortijo
Antonio Saura,40.4853643,-3.6537279,ES,antonio-saura
Álvarez de Villaamil,40.4891668,-3.6513796,ES,alvarez-de-villaamil
Blasco Ibáñez,40.4936729,-3.6558437,ES,blasco-ibanez
María Tudor,40.4976043,-3.6584428,ES,maria-tudor
Prado de la Vega,40.4022818,-3.7813011,ES,prado-de-la-vega
Colonia de los Ángeles,40.4072202,-3.7845032,ES,colonia-de-los-angeles
Prado del Rey,40.4104269,-3.7875507,ES,prado-del-rey
Somosaguas Sur,40.4157445,-3.7925931,ES,somosaguas-sur
Somosaguas Centro,40.4192936,-3.7987457,ES,somosaguas-centro
Pozuelo Oeste,40.4230677,-3.8045876,ES,pozuelo-oeste
Bélgica,40.4305885,-3.8075282,ES,belgica
Dos Castillas,40.4325414,-3.801613,ES,dos-castillas
Campus de Somosaguas,40.4334436,-3.7951423,ES,campus-de-somosaguas
Avenida de Europa,40.4390885,-3.7930351,ES,avenida-de-europa
Berna,40.4448182,-3.7911721,ES,berna
Puerta de Boadilla,40.4078514,-3.9040061,ES,puerta-de-boadilla
Infante Don Luis,40.4059413,-3.8974147,ES,infante-don-luis
Siglo XXI,40.4051271,-3.8926422,ES,siglo-xxi
Nuevo Mundo,40.4056393,-3.8856939,ES,nuevo-mundo
Boadilla Centro,40.4071659,-3.8800807,ES,boadilla-centro
Ferial de Boadilla,40.4019726,-3.8793803,ES,ferial-de-boadilla
Cantabria,40.3952888,-3.8643349,ES,cantabria
Prado del Espino,40.3950215,-3.8476925,ES,prado-del-espino
Ventorro del Cano,40.3942024,-3.8380691,ES,ventorro-del-cano
Montepríncipe,40.397938,-3.8357916,ES,monteprincipe
Retamares,40.3987189,-3.816743,ES,retamares
Ciudad del Cine,40.3945373,-3.79568,ES,ciudad-del-cine
José Isbert,40.3952606,-3.7899213,ES,jose-isbert
Ciudad de la Imagen,40.3970933,-3.783987,ES,ciudad-de-la-imagen
Pozuelo,40.447408,-3.8000611,ES,pozuelo
Las Rozas,40.4942937,-3.867936,ES,las-rozas
Pinto,40.2429919,-3.7038365,ES,pinto
Getafe Industrial,40.3055087,-3.7075792,ES,getafe-industrial
San Cristóbal Industrial,40.3316317,-3.6993784,ES,san-cristobal-industrial
San Cristóbal de los Ángeles,40.3421965,-3.6837456,ES,san-cristobal-de-los-angeles
Majadahonda,40.4743387,-3.84597,ES,majadahonda
Aravaca,40.4485813,-3.7854948,ES,aravaca
Valdebebas,40.4818094,-3.6164188,ES,valdebebas
Asamblea de Madrid-Entrevías,40.3816333,-3.6680241,ES,asamblea-de-madrid-entrevias
Torrejón de Ardoz,40.4547845,-3.4797459,ES,torrejon-de-ardoz
Vallecas,40.3820582,-3.6247854,ES,vallecas
Santa Eugenia,40.3871289,-3.6090858,ES,santa-eugenia
Soto del Henares,40.4638327,-3.441277,ES,soto-del-henares
Ciempozuelos,40.1590643,-3.6101317,ES,ciempozuelos
Zarzalejo,40.538631,-4.1579732,ES,zarzalejo
Santa María de la Alameda,40.5688229,-4.2693185,ES,santa-maria-de-la-alameda
Robledo de Chavela,40.5212161,-4.2471363,ES,robledo-de-chavela
Las Navas del Marqués,40.5891603,-4.3616197,ES,las-navas-del-marques
Las Rosas,40.4235572,-3.6028437,ES,las-rosas
Gabinete de Circulación Elx Mercaderíes,38.2786537,-0.655541,ES,gabinete-de-circulacion-elx-mercaderies
Blanca - Abaran,38.2230265,-1.3251556,ES,blanca-abaran
Alguazas-Molina,38.05176,-1.2453875,ES,alguazas-molina
La Palma - Pozo Estrecho,37.6997516,-0.9778663,ES,la-palma-pozo-estrecho
Bilbao,40.4292705,-3.7019295,ES,bilbao
El Pozo,40.3761663,-3.6560947,ES,el-pozo
Menéndez Pelayo,40.4042973,-3.6811007,ES,menendez-pelayo
Torrent Avinguda,39.4316826,-0.4726324,ES,torrent-avinguda
Alberic,39.1170121,-0.5236551,ES,alberic
València Sud,39.4408196,-0.4105125,ES,valencia-sud
Torrent,39.4360982,-0.460926,ES,torrent
Marítim,39.4648555,-0.3386346,ES,maritim
Castelló,39.0807069,-0.5133765,ES,castello
Haï El Badr,36.7254312,3.1022698,DZ,hai-el-badr
Castillejo-Añover,39.9495725,-3.7385925,ES,castillejo-anover
Caminreal-Fuentes Claras,40.8504524,-1.3385784,ES,caminreal-fuentes-claras
Torrijo del Campo,40.8262528,-1.340519,ES,torrijo-del-campo
València la Vella,39.5304813,-0.5342266,ES,valencia-la-vella
La Garena,40.4803451,-3.3929927,ES,la-garena
Brañuelas,42.6327778,-6.2009735,ES,branuelas
Barra de Miño,42.4010458,-7.802544,ES,barra-de-mino
Villafranca del Bierzo,42.6022879,-6.8150313,ES,villafranca-del-bierzo
Puebla de Valverde,40.2123934,-0.9439513,ES,puebla-de-valverde
Mora de Rubielos,40.1178431,-0.7734666,ES,mora-de-rubielos
Parla,40.2410464,-3.7693581,ES,parla
Las Margaritas Universidad,40.3229593,-3.7273094,ES,las-margaritas-universidad
Getafe Sector 3,40.2882391,-3.7375097,ES,getafe-sector-3
Universidad Pontificia de Comillas,40.5540616,-3.683493,ES,universidad-pontificia-de-comillas
Valdelasfuentes,40.5473962,-3.6543921,ES,valdelasfuentes
Puerto de Navacerrada,40.7844282,-4.004724,ES,puerto-de-navacerrada
Cotos,40.8222413,-3.9645757,ES,cotos
Meco,40.5346404,-3.2986035,ES,meco
Azuqueca,40.5610094,-3.2653441,ES,azuqueca
Jadraque,40.9300016,-2.9358484,ES,jadraque
Matillas,40.9538498,-2.8432841,ES,matillas
Pacífico,40.4013961,-3.6748832,ES,pacifico
Conde de Casal,40.4078121,-3.6701194,ES,conde-de-casal
Aéroport Houari Boumédiène,36.7002838,3.2091629,DZ,aeroport-houari-boumediene
Guadalajara,40.6440843,-3.1822527,ES,guadalajara
Montequinto,37.3421159,-5.9346082,ES,montequinto
El Carrascal,40.3364492,-3.7405905,ES,el-carrascal
ParcBit,39.6344127,2.6364776,ES,parcbit
Pitis,40.4953016,-3.7255882,ES,pitis
Campanillas,36.7050855,-4.545545,ES,campanillas
Matallana,42.8411428,-5.5221675,ES,matallana
San Feliz,42.6822682,-5.5379563,ES,san-feliz
Villaquilambre,42.646899,-5.5540493,ES,villaquilambre
Villa Romana,42.6291004,-5.5613205,ES,villa-romana
La Raya,42.6380707,-5.5569901,ES,la-raya
Asunción-Universidad,42.6159541,-5.5662413,ES,asuncion-universidad
باش جراح - تنس,36.7182182,3.1105878,DZ,
El-Harrach Centre,36.7220024,3.1371632,DZ,el-harrach-centre
El Harrach Gare,36.7220937,3.1317268,DZ,el-harrach-gare
باش جراح,36.7218062,3.118274,DZ,
Alcázar de San Juan,39.3956628,-3.2053714,ES,alcazar-de-san-juan
Coslada,40.4237334,-3.5610079,ES,coslada
la Vallesa,39.5359895,-0.4954044,ES,la-vallesa
Grado,43.3944345,-6.063731,ES,grado
Guimorcondo,40.6489387,-4.6149864,ES,guimorcondo
l'Hospitalet de l'Infant,40.9996481,0.9124003,ES,l'hospitalet-de-l'infant
Granada,37.1836936,-3.6086283,ES,granada
Alcalà de Xivert,40.304654,0.2286776,ES,alcala-de-xivert
Vinaròs,40.471751,0.4554509,ES,vinaros
Puçol,39.6204852,-0.3031005,ES,pucol
Sagunt,39.6756707,-0.2714149,ES,sagunt
Almenara,39.7486679,-0.2182163,ES,almenara
Nules - La Vilavella,39.8529669,-0.1522395,ES,nules-la-vilavella
Vila-real,39.9329581,-0.0965352,ES,vila-real
València - La Font de Sant Lluís,39.441528,-0.3714612,ES,valencia-la-font-de-sant-lluis
València Joaquín Sorolla,39.4600472,-0.3812078,ES,valencia-joaquin-sorolla
València - Estació del Nord,39.4669126,-0.3771908,ES,valencia-estacio-del-nord
Atocha-Cercanías,40.4059688,-3.6887662,ES,atocha-cercanias
Madrid-Puerta de Atocha-Almudena Grandes,40.4056837,-3.6900187,ES,madrid-puerta-de-atocha-almudena-grandes
Torre del Bierzo,42.5955607,-6.3285977,ES,torre-del-bierzo
Veguellina,42.4334733,-5.8875017,ES,veguellina
Villadangos,42.521492,-5.7455212,ES,villadangos
Quintana-Raneros,42.5500529,-5.6379197,ES,quintana-raneros
Antequera-Santa Ana,37.0701682,-4.7197084,ES,antequera-santa-ana
Montilla,37.5789991,-4.6336985,ES,montilla
Casariche,37.2945847,-4.7642121,ES,casariche
Córdoba Julio Anguita,37.8885103,-4.789516,ES,cordoba-julio-anguita
Los Prados,36.6985145,-4.4783127,ES,los-prados
Cártama,36.733858,-4.6085688,ES,cartama
Aljaima,36.7328998,-4.6647665,ES,aljaima
Álora,36.8197098,-4.6993991,ES,alora
El Chorro-Caminito del Rey,36.9070732,-4.7591329,ES,el-chorro-caminito-del-rey
Bobadilla,37.0376401,-4.7279832,ES,bobadilla
La Roda de Andalucia,37.2078504,-4.7749124,ES,la-roda-de-andalucia
Puente Genil,37.3959248,-4.7527784,ES,puente-genil
Puente Genil-Herrera,37.3589237,-4.8222285,ES,puente-genil-herrera
La Granja de San Vicente,42.606672,-6.2948757,ES,la-granja-de-san-vicente
Porqueros,42.5987837,-6.1084021,ES,porqueros
Vega-Magaz,42.5535209,-6.0682068,ES,vega-magaz
Torrellano,38.2896453,-0.5827572,ES,torrellano
Pravia,43.4911431,-6.1106188,ES,pravia
Almería,36.8344866,-2.4561108,ES,almeria
Huércal-Viator,36.8835556,-2.4363838,ES,huercal-viator
Gérgal,37.1086081,-2.5915757,ES,gergal
Abla y Abrucena,37.1674546,-2.783981,ES,abla-y-abrucena
Fiñana,37.184716,-2.8394834,ES,finana
Huéneja-Dólar,37.2214542,-2.9491191,ES,hueneja-dolar
Guadix,37.3168751,-3.1270157,ES,guadix
Jódar - Úbeda,37.9134753,-3.3501802,ES,jodar-ubeda
Linares-Baeza,38.0690845,-3.5891403,ES,linares-baeza
Espelúy,38.0102592,-3.8321596,ES,espeluy
Vilches,38.2157347,-3.5176996,ES,vilches
Andújar,38.0279715,-4.0660316,ES,andujar
Villa del Rio,37.9812868,-4.2836936,ES,villa-del-rio
Alcolea de Córdoba,37.9329792,-4.6748063,ES,alcolea-de-cordoba
Cinco Casas,39.1688835,-3.2330546,ES,cinco-casas
Manzanares,39.0058959,-3.3705968,ES,manzanares
Valdepeñas,38.7632817,-3.3961361,ES,valdepenas
Dos Hermanas,37.2872158,-5.9233167,ES,dos-hermanas
Los Rosales,37.5901197,-5.7269962,ES,los-rosales
Villarrubia de Córdoba,37.8479706,-4.9137717,ES,villarrubia-de-cordoba
Posadas,37.8041466,-5.1059226,ES,posadas
Palma del Río,37.7181407,-5.2929522,ES,palma-del-rio
Lora del Río,37.6612874,-5.5310778,ES,lora-del-rio
Jardines de Hércules,37.3329228,-5.9640016,ES,jardines-de-hercules
Brenes,37.5460965,-5.8667749,ES,brenes
Utrera,37.1833437,-5.7902404,ES,utrera
Villanueva del Río y Minas,37.661671,-5.7119539,ES,villanueva-del-rio-y-minas
Cazalla - Constantina,37.9327009,-5.7042459,ES,cazalla-constantina
Guadalcanal,38.0903746,-5.8033276,ES,guadalcanal
Zarzaquemada,40.3408429,-3.7482479,ES,zarzaquemada
Cantoblanco Universidad,40.5438006,-3.7001897,ES,cantoblanco-universidad
Almorchón,38.6964634,-5.2903616,ES,almorchon
Soto Udrión/Sotu-Udrión,43.3564725,-5.9650353,ES,soto-udrion/sotu-udrion
T4,40.491334,-3.5914693,ES,t4
T4S,40.4944748,-3.5672079,ES,t4s
Pontedeume,43.4118465,-8.1803439,ES,pontedeume
Ronda,36.7485914,-5.1619649,ES,ronda
Almargen - Cañete la Real,37.0009416,-5.0198943,ES,almargen-canete-la-real
Cortes de la Frontera,36.5973773,-5.3326268,ES,cortes-de-la-frontera
Jimera de Líbar,36.660644,-5.2813402,ES,jimera-de-libar
Bendicion,43.3634598,-5.6806048,ES,bendicion
Villabona de Asturias,43.4615126,-5.8263369,ES,villabona-de-asturias
Ciañu,43.2893913,-5.6688152,ES,cianu
Soto Rei/Soto de Rey,43.3064014,-5.8557852,ES,soto-rei/soto-de-rey
Serín,43.5048179,-5.7819091,ES,serin
Jacint Verdaguer,39.5800542,2.6599692,ES,jacint-verdaguer
Sineu,39.6437029,3.0143689,ES,sineu
Petra,39.6181708,3.1109092,ES,petra
Son Cladera - Es Vivero,39.5934854,2.6793384,ES,son-cladera-es-vivero
Pedrera,37.2222655,-4.8936375,ES,pedrera
Osuna,37.2337052,-5.1149676,ES,osuna
Marchena,37.3343424,-5.4254964,ES,marchena
Arahal,37.2682181,-5.5484627,ES,arahal
es Pont d'Inca,39.59812,2.6917323,ES,es-pont-d'inca
Son Costa - Son Fortesa,39.58417,2.6657937,ES,son-costa-son-fortesa
Son Fuster,39.5902008,2.6746056,ES,son-fuster
Verge de Lluc,39.5967658,2.6863945,ES,verge-de-lluc
Es Pont d'Inca Nou,39.6044921,2.7015526,ES,es-pont-d'inca-nou
Binissalem,39.6924449,2.8411893,ES,binissalem
Marratxí,39.6253908,2.7254749,ES,marratxi
Sarrión,40.1461535,-0.823583,ES,sarrion
Caudiel,39.9472816,-0.572196,ES,caudiel
Campo de Criptana,39.3943842,-3.1177032,ES,campo-de-criptana
Estación de Mercancías Madrid - Abroñigal,40.3889298,-3.6777157,ES,estacion-de-mercancias-madrid-abronigal
Condequinto,37.3465595,-5.9362831,ES,condequinto
Pablo de Olavide,37.3540042,-5.9436667,ES,pablo-de-olavide
La Plata,37.3715461,-5.9517958,ES,la-plata
Amate,37.3758245,-5.9526566,ES,amate
1º de Mayo,37.3807365,-5.9556886,ES,1o-de-mayo
Gran Plaza,37.381657,-5.9667423,ES,gran-plaza
Nervión,37.3829853,-5.9739859,ES,nervion
Prado San Sebastián,37.3807744,-5.9871948,ES,prado-san-sebastian
Puerta de Jerez,37.3817849,-5.99436,ES,puerta-de-jerez
Plaza de Cuba,37.3792497,-5.9993727,ES,plaza-de-cuba
Estación de Serón,37.3518858,-2.5188966,ES,estacion-de-seron
Medellín,38.9339781,-5.9725312,ES,medellin
Cercedilla,40.7376578,-4.0660341,ES,cercedilla
Olivar de Quintos,37.3294074,-5.9383424,ES,olivar-de-quintos
Manacor,39.5705578,3.202838,ES,manacor
Teulada,38.729248,0.0979662,ES,teulada
Benissa,38.7150054,0.0764618,ES,benissa
Benidorm Intermodal,38.5483218,-0.1233893,ES,benidorm-intermodal
l'Alfàs del Pi,38.5676462,-0.0929643,ES,l'alfas-del-pi
Altea,38.5959002,-0.0521779,ES,altea
Olla Altea,38.6215067,-0.0327763,ES,olla-altea
Calp,38.6499307,0.0329121,ES,calp
El Cónsul,36.7173254,-4.4840124,ES,el-consul
Clínico,36.7165546,-4.4785823,ES,clinico
El Barrial-Centro Comercial Pozuelo,40.4653284,-3.8078481,ES,el-barrial-centro-comercial-pozuelo
Madrid-Príncipe Pío,40.4215987,-3.719032,ES,madrid-principe-pio
Madrid-Chamartín-Clara Campoamor,40.4727184,-3.6824287,ES,madrid-chamartin-clara-campoamor
Puertollano,38.6912881,-4.1119364,ES,puertollano
Río Arillo,36.4575286,-6.2246904,ES,rio-arillo
Apeadero de San Marcos,39.9091463,-5.4054523,ES,apeadero-de-san-marcos
O Carballiño,42.4315242,-8.0686581,ES,o-carballino
Cuenca-Fernando Zóbel,40.0339646,-2.1436891,ES,cuenca-fernando-zobel
Alacant Terminal,38.3449804,-0.496061,ES,alacant-terminal
Alcoi,38.7094773,-0.4706489,ES,alcoi
Xeraco,39.0262117,-0.2149775,ES,xeraco
Gandia,38.9703506,-0.1800597,ES,gandia
La Encina,38.7654497,-0.9538537,ES,la-encina
Caudete,38.7162674,-0.9595646,ES,caudete
Jerez de la Frontera,36.6798124,-6.1261035,ES,jerez-de-la-frontera
Noblejas,39.9723703,-3.4426799,ES,noblejas
Albacete Los Llanos,39.0001057,-1.8473476,ES,albacete-los-llanos
Antequera Alta Velocidad,37.029483,-4.5613719,ES,antequera-alta-velocidad
La Calahorra-Ferreira,37.2529462,-3.0291447,ES,la-calahorra-ferreira
Estación de Siete Picos,40.7639836,-4.037181,ES,estacion-de-siete-picos
Estación de Camorritos,40.7562358,-4.047273,ES,estacion-de-camorritos
Constància / Hospital d’Inca,39.7148111,2.9147277,ES,constancia-/-hospital-dinca
Guadalmedina,36.7159854,-4.429699,ES,guadalmedina
Málaga Centro Alameda,36.7153993,-4.4265565,ES,malaga-centro-alameda
Atarazanas,36.7176036,-4.4235116,ES,atarazanas
Jesús,39.459362,-0.3846487,ES,jesus
El Berrón,43.3824792,-5.702474,ES,el-berron
Espinosa de Henares,40.9097069,-3.0731617,ES,espinosa-de-henares
La Isla,36.7078894,-4.4354896,ES,la-isla
Font del Barranc,39.5175504,-0.4697475,ES,font-del-barranc
Piedras Blancas,43.5564615,-5.9754922,ES,piedras-blancas
Estación de Segovia-Guiomar,40.9102319,-4.0947553,ES,estacion-de-segovia-guiomar
Segovia,40.9335307,-4.1134827,ES,segovia
Valdemoro,40.1960282,-3.6647016,ES,valdemoro
Aranjuez,40.0348282,-3.6182515,ES,aranjuez
Getafe Centro,40.3097057,-3.7340718,ES,getafe-centro
Yunquera de Henares,40.7469896,-3.1630745,ES,yunquera-de-henares
A Ponte de Mera,43.666056,-7.902562,ES,a-ponte-de-mera
Villanueva de la Serena,38.9686751,-5.7964986,ES,villanueva-de-la-serena
Hellin,38.5090026,-1.6886408,ES,hellin
Quereño,42.4206444,-6.8294606,ES,quereno
Sobradelo,42.4147155,-6.9119318,ES,sobradelo
Benidorm,38.5482813,-0.1355764,ES,benidorm
L'Entregu / El Entrego,43.2871373,-5.6451861,ES,l'entregu-/-el-entrego
Covas,42.4752536,-6.8308249,ES,covas
Santiago de Compostela - Daniel Castelao,42.8704417,-8.5451964,ES,santiago-de-compostela-daniel-castelao
Cerceda-Meirama,43.2076422,-8.4468807,ES,cerceda-meirama
محطة طالب عبد الرحمن,36.790745,3.0574534,DZ,
محطة الساعات الثلاث,36.7904386,3.0509015,DZ,
محطة تريولي,36.78689,3.0465295,DZ,
Vigo-Urzáiz,42.2349637,-8.7118996,ES,vigo-urzaiz
Armilla,37.1437237,-3.627145,ES,armilla
Fernando de los Ríos,37.1475035,-3.6208496,ES,fernando-de-los-rios
Sierra Nevada,37.1439913,-3.6140432,ES,sierra-nevada
Parque Tecnológico,37.1490139,-3.6068967,ES,parque-tecnologico
Dílar,37.1492186,-3.6009345,ES,dilar
Nuevo Los Cármenes,37.1511441,-3.5961628,ES,nuevo-los-carmenes
Palacio Deportes,37.1541985,-3.5928031,ES,palacio-deportes
Andrés Segovia,37.1581693,-3.5954377,ES,andres-segovia
Hípica,37.160728,-3.5965429,ES,hipica
Alcázar Genil,37.1644942,-3.6024393,ES,alcazar-genil
Recogidas,37.1701453,-3.6058663,ES,recogidas
Méndez Núñez,37.1765925,-3.6097845,ES,mendez-nunez
Estación Ferrocarril,37.183249,-3.60832,ES,estacion-ferrocarril
Caleta,37.186409,-3.6090293,ES,caleta
Villarejo,37.1887808,-3.6146889,ES,villarejo
Luis Amador,37.1920068,-3.6150375,ES,luis-amador
Argentinita,37.1958566,-3.615492,ES,argentinita
Estación Autobuses,37.1999862,-3.6132216,ES,estacion-autobuses
Cerrillo Maracena,37.2015207,-3.6244134,ES,cerrillo-maracena
Maracena,37.2071349,-3.6303937,ES,maracena
Vicuña,37.2142763,-3.6371355,ES,vicuna
Juncaril,37.2224044,-3.6457297,ES,juncaril
Albolote,37.2281139,-3.6533794,ES,albolote
Parque Principado,43.3862091,-5.8087394,ES,parque-principado
Colloto,43.3794929,-5.7920716,ES,colloto
Fonciello,43.3817438,-5.7296927,ES,fonciello
Lieres,43.3805231,-5.5826619,ES,lieres
Nava,43.3611866,-5.5089929,ES,nava
محطة المنتزه الحضري,36.6839629,3.0831359,DZ,
محطّة مترو عين النعجة – المحطة,36.6903351,3.0809915,DZ,
محطة محمد بلعربي,36.6737614,3.0865845,DZ,
محطة الحديقة,36.6683089,3.0951274,DZ,
محطة مطار هواري بومدين,36.7010628,3.2033697,DZ,
محطة حي الأعمال,36.7119092,3.1960433,DZ,
محطة اسماعيل يفصح,36.7178219,3.1918386,DZ,
رابية الطاهر,36.72042,3.1828032,DZ,
محطة جامعة هواري بومدين,36.7142896,3.175509,DZ,
محطة المترو وادي السمار,36.7085211,3.1681808,DZ,
محطة القطب الجامعي,36.7195318,3.1521432,DZ,
محطة حسان بادي,36.722292,3.1473178,DZ,
Ardila,36.4562486,-6.2159886,ES,ardila
Santo Entierro,36.4559383,-6.2096205,ES,santo-entierro
Plaza del Carmen,36.4581655,-6.203525,ES,plaza-del-carmen
Elx Carrús,38.2690377,-0.7062979,ES,elx-carrus
Murcia del Carmen,37.9745063,-1.1305891,ES,murcia-del-carmen
El Entrego - La Oscura,43.2896753,-5.6408576,ES,el-entrego-la-oscura
Sotrondio,43.276016,-5.6048409,ES,sotrondio
Andalucía Tech,36.7188017,-4.4944181,ES,andalucia-tech
La Florida,43.4347849,-5.7100099,ES,la-florida
Viḷḷayana,43.1839359,-5.8146351,ES,villayana
Santuyano,43.2208865,-5.7854913,ES,santuyano
Villabona–Tabladiello,43.4742024,-5.8000663,ES,villabonatabladiello
Toral de los Vados,42.5409998,-6.7768118,ES,toral-de-los-vados
Trubia,43.3485639,-5.9675823,ES,trubia
Piñeres,43.1658825,-5.6843398,ES,pineres
La Pereda,43.2766719,-5.8128369,ES,la-pereda
Cancienes,43.507205,-5.8693759,ES,cancienes
Luarca,43.5375773,-6.5366703,ES,luarca
Caneiru,43.5418774,-6.4460113,ES,caneiru
Muros de Nalon,43.5430864,-6.111009,ES,muros-de-nalon
Candás,43.5845843,-5.7726773,ES,candas
Santiagu'l Monte,43.5408845,-6.0279863,ES,santiagu'l-monte
La Pola de Gordón,42.8539043,-5.6747002,ES,la-pola-de-gordon
Mascaraque,39.7233803,-3.8103988,ES,mascaraque
Antigua Estación de Higares,39.9205768,-3.9476198,ES,antigua-estacion-de-higares
Tresona,43.5518736,-5.8742203,ES,tresona
A Pobra do Brollón,42.5336352,-7.400268,ES,a-pobra-do-brollon
Humanes,40.2556297,-3.8284438,ES,humanes
Navarrete,40.937084,-1.2617098,ES,navarrete
Son Fuster Vell,39.5954656,2.6714929,ES,son-fuster-vell
Son Castelló,39.6023481,2.6722473,ES,son-castello
Gran via Asima,39.6063854,2.6687537,ES,gran-via-asima
Camí dels Reis,39.6105098,2.6651791,ES,cami-dels-reis
Ablates,39.8174095,-3.8542564,ES,ablates
Los Yébenes,39.5494181,-3.8208148,ES,los-yebenes
Urda Peleches,39.4325614,-3.8179764,ES,urda-peleches
El Emperador,39.3351269,-3.8743192,ES,el-emperador
Ordes,43.0378623,-8.4482103,ES,ordes
Sarria,42.7841802,-7.4189956,ES,sarria
Lugones,43.4043717,-5.8121188,ES,lugones
Parque-San Mamés,42.6066988,-5.5715808,ES,parque-san-mames
Ventas-San Mamés,42.6098438,-5.571176,ES,ventas-san-mames
Hospitales,42.6131666,-5.5692826,ES,hospitales
León-Padre Isla,42.6024712,-5.5749445,ES,leon-padre-isla
La Corredoria,43.3881681,-5.8271388,ES,la-corredoria
Ribadavia,42.2930393,-8.1390152,ES,ribadavia
Veriña,43.5417617,-5.7226053,ES,verina
Curtis,43.1272997,-8.1432357,ES,curtis
MARQ-Castillo,38.3520855,-0.4756717,ES,marq-castillo
Humanes de Mohernando,40.831174,-3.1389153,ES,humanes-de-mohernando
San Pedro del Arroyo,40.8038466,-4.8714626,ES,san-pedro-del-arroyo
Cardeñosa de Ávila,40.7391804,-4.7508866,ES,cardenosa-de-avila
Peñaranda de Bracamonte,40.8979266,-5.2064788,ES,penaranda-de-bracamonte
Herradón-La Cañada,40.5993491,-4.495012,ES,herradon-la-canada
El Pimpollar,40.5676835,-4.2827704,ES,el-pimpollar
Carbajales de Alba,41.6816346,-5.9719696,ES,carbajales-de-alba
Xàtiva,38.9922534,-0.5246819,ES,xativa
Loja,37.1751061,-4.1356667,ES,loja
Santa Lucía,42.8749459,-5.6395756,ES,santa-lucia
Villamanín,42.9366353,-5.6578416,ES,villamanin
Busdongo,42.9843689,-5.7052993,ES,busdongo
Жихарево,59.8462367,31.5782039,RU,
Райконкоски,61.921531,31.5451292,RU,
Погостье,59.5991507,31.5379934,RU,
Karaköy,41.0228645,28.9740393,TR,karakoy
Beyoğlu,41.0283447,28.9739892,TR,beyoglu
Гевгелија,41.143545,22.5126004,MK,
Αερινό,39.3319261,22.7604695,GR,
Manisa,38.6213576,27.4352146,TR,manisa
Egekent 2,38.5605958,27.0443595,TR,egekent-2
Selçuk,37.9509376,27.3729409,TR,selcuk
Μέγαρο Μουσικής,37.9790317,23.7530087,GR,
Ευαγγελισμός,37.9761258,23.7471036,GR,
Βικτώρια,37.9930729,23.7302665,GR,
Σταθμός Λαρίσης,37.9922822,23.7207199,GR,
Μεταξουργείο,37.9858525,23.7213796,GR,
Zeytinburnu-Fişekhane,40.9858638,28.9054568,TR,zeytinburnu-fisekhane
Şemikler,38.4748854,27.0899422,TR,semikler
Atalar,40.8987868,29.1691914,TR,atalar
Cevizli,40.9100807,29.1559855,TR,cevizli
Λάρισα,39.6294028,22.4229244,GR,
Θήβα,38.3296009,23.318326,GR,
Ολυμπία,37.6456407,21.6266157,GR,
Βεύη,40.7731688,21.5706693,GR,
Δομοκός,39.1800271,22.2866045,GR,
Ξάνθη,41.1238904,24.8929027,GR,
Кичево,41.5129028,20.9497005,MK,
Αεροδρόμιο,37.9369769,23.9448074,GR,
Άνω Γατζέα,39.3220972,23.0940377,GR,
Διακοπτό,38.1918659,22.1977184,GR,
Рајко Жинзифов,41.7883808,21.7016066,MK,
Εθνική Άμυνα,37.999184,23.7844745,GR,
Градско,41.5794465,21.9448996,MK,
Неготино Вардар,41.4976957,22.1044844,MK,
Άγιος Δημήτριος,37.9404334,23.7407042,GR,
İdealtepe,40.9378351,29.1142301,TR,idealtepe
Süreyya Plajı,40.9267803,29.1242545,TR,sureyya-plaj
Σεπόλια,38.0026101,23.7140398,GR,
Ελαιώνας,37.9877639,23.6933664,GR,
Άγιος Αντώνιος,38.006104,23.6997301,GR,
Mavişehir,38.482221,27.08298,TR,mavisehir
Ulukent,38.5478512,27.0354657,TR,ulukent
Atasanayi,38.4990422,27.0531415,TR,atasanayi
Μέγαρα,37.9909531,23.3610689,GR,
Ασπρόπυργος,38.0810562,23.6042741,GR,
Κινέτα,37.9654263,23.2010511,GR,
Άγιοι Θεοδώροι,37.9331977,23.1370307,GR,
Κεραμεικός,37.9787426,23.7109568,GR,
Αιγάλεω,37.9914389,23.6818223,GR,
Άνω Λιόσια,38.0707654,23.7098471,GR,
Άνω Πατήσια,38.0238389,23.7360222,GR,
Πευκάκια,38.0371241,23.7501217,GR,
Νέα Ιωνία,38.0414993,23.7549034,GR,
Περισσός,38.0328448,23.7447123,GR,
Άγιος Ελευθέριος,38.0200358,23.7317451,GR,
Κάτω Πατήσια,38.0119232,23.7286475,GR,
Ρουφ,37.973633,23.7039652,GR,
Λειανοκλάδι,38.8907335,22.3726917,GR,
Florya,40.972897,28.7876122,TR,florya
Goncalı,37.8479861,29.1166376,TR,goncal
Kocabaş Istasyon,37.8037151,29.3277358,TR,kocabas-istasyon
Ortaklar,37.886357,27.5024801,TR,ortaklar
Sarayköy Istasyonu,37.9139646,28.9259687,TR,saraykoy-istasyonu
Çamlık,37.8799857,27.3779228,TR,camlk
Söke İstasyonu,37.7552313,27.4098054,TR,soke-istasyonu
Atça İstasyonu,37.8833746,28.2119341,TR,atca-istasyonu
Köşk,37.8515466,28.0514779,TR,kosk
İncirliova,37.8538377,27.7250479,TR,incirliova
Nazilli,37.9140609,28.3270857,TR,nazilli
Sultanhisar,37.8873183,28.1557307,TR,sultanhisar
Arıkbaşı,38.1778789,27.4962239,TR,arkbas
Eşme İstasyonu,38.3983765,28.9689603,TR,esme-istasyonu
Uşak Gar,38.6639088,29.4074222,TR,usak-gar
İnay İstasyonu,38.4210349,29.2267867,TR,inay-istasyonu
Denizli,37.7869799,29.0909657,TR,denizli
Balıkesir,39.6469144,27.8885353,TR,balkesir
Kuşcenneti,40.3363628,27.9801926,TR,kuscenneti
Savaştepe,39.382701,27.6501908,TR,savastepe
Yenimahale,40.9817256,28.8810529,TR,yenimahale
Yeşilyurt,40.9654468,28.8373253,TR,yesilyurt
Αγία Παρασκευή,38.0171296,23.8124844,GR,
Χολαργός,38.0049099,23.7947085,GR,
Χαλάνδρι,38.0217116,23.8207549,GR,
Кременица,40.9130411,21.461628,GR,
Emniyet - Fatih,41.017567,28.9393888,TR,emniyet-fatih
Αλφειός,37.6537043,21.5032947,GR,
Βέννα,41.0226794,25.5052107,GR,
Dursunbey,39.5472927,28.6529869,TR,dursunbey
Piribeyler İstasyonu,39.6274582,28.7958968,TR,piribeyler-istasyonu
Tavşanlı,39.5402183,29.4863407,TR,tavsanl
Велес,41.7240351,21.7697737,MK,
Horsunlu Istasyon,37.9147873,28.5913502,TR,horsunlu-istasyon
Tepeköy,38.147035,27.3615279,TR,tepekoy
Biçerova,38.7493538,26.9612753,TR,bicerova
Yeşilköy,40.9626544,28.824857,TR,yesilkoy
Librazhd,41.1867746,20.3130087,AL,librazhd
Демир Капија,41.4093676,22.2448902,MK,
Ραψάνη,39.8990018,22.6140189,GR,
Ίασμος,41.1260377,25.1874058,GR,
Böceli,37.802169,29.2085907,TR,boceli
Buharkent,37.9526579,28.7385258,TR,buharkent
Νομισματοκοπείο,38.0090991,23.8057757,GR,
Кукуричани,41.5480362,22.0389765,MK,
Криволак,41.5221628,22.1169337,MK,
Дуброво,41.4632323,22.151679,MK,
Чашка,41.6473084,21.6933905,MK,
Васил Антевски-Дрен,41.55171,21.6100934,MK,
Alaşehir İstasyonu,38.3577385,28.5150652,TR,alasehir-istasyonu
Kadıköy,40.9905872,29.0220448,TR,kadkoy
Ayrılık Çeşmesi,41.0001678,29.0302593,TR,ayrlk-cesmesi
Yenisahra,40.9845938,29.0904257,TR,yenisahra
Acıbadem,41.0023323,29.0444009,TR,acbadem
Yunus,40.8845607,29.2104051,TR,yunus
Erenköy,40.9716688,29.0763701,TR,erenkoy
Yeniköy,39.7784143,28.0046732,TR,yenikoy
Çandır,39.6099656,28.0486299,TR,candr
Αιγίνιο,40.4978433,22.5523744,GR,
Αττική,37.9995238,23.7228379,GR,
Άγιος Ιωάννης,37.9564304,23.7346855,GR,
Ακρόπολη,37.9688593,23.7295312,GR,
Νέος Κόσμος,37.9576705,23.7283724,GR,
Συγγρού-Φιξ,37.9646255,23.7268179,GR,
Αμπελόκηποι,37.9871933,23.7576802,GR,
Πανόρμου,37.9932117,23.7635768,GR,
Salhane,38.4506901,27.1722077,TR,salhane
Bayraklı,38.4639144,27.1644029,TR,bayrakl
Naldöken,38.4645638,27.1284533,TR,naldoken
Turan,38.4668902,27.1494095,TR,turan
Κηφισιά,38.0736082,23.8082244,GR,
Гостивар,41.7964482,20.9172791,MK,
Gjorm,41.6171453,19.7010609,AL,gjorm
Budull,41.4521983,19.6715666,AL,budull
Sukth,41.3709832,19.5593361,AL,sukth
Golem,41.2563337,19.5268202,AL,golem
Lushnjë,40.9387724,19.6986819,AL,lushnje
Mirakë,41.1663135,20.2211281,AL,mirake
Aksakal,40.143747,28.0889395,TR,aksakal
Ανθούπολη,38.0171395,23.6909111,GR,
Ρέντης,37.9623421,23.668454,GR,
Ταύρος,37.9687965,23.6934298,GR,
Αγία Μαρίνα,37.9969083,23.6671221,GR,
Άλιμος,37.918092,23.7442245,GR,
Ηλιούπολη,37.9296605,23.7444679,GR,
Atatürk Oto Sanayi,41.1180498,29.0241763,TR,ataturk-oto-sanayi
Περιστέρι,38.0128951,23.6957764,GR,
Halkalı,41.0183702,28.7665286,TR,halkal
Muratlı,41.1699287,27.5002504,TR,muratl
Καλλιθέα,37.9604095,23.6969304,GR,
Πετράλωνα,37.968347,23.7090441,GR,
Ταύρος-Ελευθέριος Βενιζέλος,37.9624859,23.7034811,GR,
Θησείο,37.9767658,23.7203289,GR,
Kaklık,37.8271545,29.4147139,TR,kaklk
Βελεστίνο,39.391218,22.7589724,GR,
Οινόη,38.3221682,23.6096826,GR,
Σταυρούπολη,41.1932364,24.7032736,GR,
Κίρκη,40.9756196,25.7978359,GR,
Κηφισίας,38.0421425,23.8035281,GR,
Kaynarca,40.8713681,29.2559613,TR,kaynarca
Fıstıkağacı,41.0281537,29.0283579,TR,fstkagac
Ελληνικό,37.8925913,23.7471137,GR,
Μανιάτικα,37.9595528,23.6397846,GR,
Kuyucak,37.9096934,28.4594821,TR,kuyucak
Згрополци,41.6584822,21.8736967,MK,
Δάφνη,37.9495601,23.7372326,GR,
Turgutlu Gar,38.5099987,27.7071726,TR,turgutlu-gar
Μέστη,40.9671997,25.6404462,GR,
Νικηφόρος,41.1672645,24.3099189,GR,
Φωτολίβος,41.0597079,24.0491966,GR,
Κορωπί,37.9130116,23.8958108,GR,
Νεραντζιώτισσα,38.045158,23.7929845,GR,
Παιανία-Κάντζα,37.9841986,23.8699253,GR,
Πολύανθο,41.1256906,25.2278228,GR,
Çatalca,41.1505914,28.480199,TR,catalca
Emiralem,38.6244851,27.1481943,TR,emiralem
Muradiye,38.6511748,27.328427,TR,muradiye
Urganlı,38.5181276,27.838314,TR,urganl
Ahmetli Tren İstasyonu,38.5162225,27.9359393,TR,ahmetli-tren-istasyonu
Salihli,38.4830061,28.1309024,TR,salihli
Yeşilkavak,38.4637762,28.257756,TR,yesilkavak
Piyadeler,38.4000315,28.4329616,TR,piyadeler
Güneyköy,38.3841121,28.8626647,TR,guneykoy
Ahmetler,38.3903132,29.1032999,TR,ahmetler
Karaağaçlı,38.6846513,27.5272796,TR,karaagacl
Saruhanlı,38.7327408,27.577392,TR,saruhanl
Hacırahmanlı,38.747723,27.6070859,TR,hacrahmanl
Kapaklı,38.8720545,27.7441226,TR,kapakl
Kırkağaç,39.1155007,27.6859781,TR,krkagac
Soma,39.1987193,27.6241754,TR,soma
Çalıköy,39.439382,27.6397538,TR,calkoy
Çukurhüseyin,39.5729016,27.7586007,TR,cukurhuseyin
Δημοτικό Θέατρο,37.9429026,23.6475856,GR,
Sağlık,38.0850886,27.4004884,TR,saglk
Tekirdağ İskele,40.9617794,27.5040837,TR,tekirdag-iskele
Gradishtë,40.8853625,19.5944881,AL,gradishte
Άγιος Νικόλαος,38.0069885,23.7277049,GR,
Ζευγολατιό,37.925942,22.8056108,GR,
Soğucak,39.5139616,27.6726655,TR,sogucak
Ayvacık,38.6358928,27.2119241,TR,ayvack
Olimpiyat,41.0795735,28.7672398,TR,olimpiyat
Vorë,41.4007675,19.6484744,AL,vore
Ziya Gökalp,41.0745493,28.7864545,TR,ziya-gokalp
İSTOÇ,41.0649898,28.8260353,TR,istoc
Mahmutbey,41.0551119,28.8306301,TR,mahmutbey
Başak Konutları,41.0978061,28.7913461,TR,basak-konutlar
Metrokent,41.1081483,28.8014943,TR,metrokent
İkitelli Sanayi,41.0711324,28.803895,TR,ikitelli-sanayi
Падалиште,41.6856193,20.9634136,MK,
Kazlıçeşme,40.9926732,28.9168903,TR,kazlcesme
Gaziemir,38.3262756,27.1399665,TR,gaziemir
Битола,41.0199522,21.3430425,MK,
Rrogozhinë,41.0790776,19.6683491,AL,rrogozhine
Κορινός,40.3166522,22.5780758,GR,
Stacioni hekurudhor i Kasharit,41.3584723,19.7409793,AL,stacioni-hekurudhor-i-kasharit
Αμύνταιο,40.6909095,21.6856182,GR,
Тополка,41.6790929,21.7443322,MK,
Vezneciler-İstanbul Üniversitesi,41.0122525,28.9597006,TR,vezneciler-istanbul-universitesi
Nispetiye,41.0773859,29.0240046,TR,nispetiye
Etiler,41.0824567,29.0375989,TR,etiler
Gökköy,39.5944163,27.8260519,TR,gokkoy
Λυγιά,38.1267794,22.457548,GR,
Ünalan,40.9980939,29.0600259,TR,unalan
Kavajë,41.1770878,19.5674922,AL,kavaje
Yeni Mahalle,41.0404044,28.8359881,TR,yeni-mahalle
Turgut Özal,41.0812047,28.7975395,TR,turgut-ozal
Siteler,41.0882324,28.7965629,TR,siteler
Demirli,39.5030844,29.301472,TR,demirli
Değirmisaz Istasyonu,39.4895889,29.1976367,TR,degirmisaz-istasyonu
Balıköy,39.5240739,29.0951005,TR,balkoy
Gazellidere,39.5449446,28.4692829,TR,gazellidere
Sindirler,39.6111857,28.7474512,TR,sindirler
Dada,39.5680412,28.3710426,TR,dada
Mezitler,39.5493127,28.3084743,TR,mezitler
Nusrat,39.6158162,28.1625983,TR,nusrat
Tavşantepe,40.882159,29.2488342,TR,tavsantepe
Yakacık—Adnan Kahveci,40.8966262,29.2271263,TR,yakackadnan-kahveci
Nergiz,38.4595882,27.1046651,TR,nergiz
Egekent,38.5073447,27.0459812,TR,egekent
Aliağa,38.7889142,26.9669803,TR,aliaga
Αφίδνες,38.1873782,23.8446369,GR,
Αργυρούπολη,37.9030265,23.7454985,GR,
Βέροια,40.5393528,22.2135648,GR,
Πλατύ,40.6365676,22.529562,GR,
Άδενδρο,40.6744281,22.6027357,GR,
Σίνδος,40.674065,22.8053363,GR,
Λαχανόκηποι,40.7059806,22.8373737,GR,
Γαλλικός,40.8591026,22.8847041,GR,
Κιλκίς,40.9589039,22.856849,GR,
Μεταλλικό,41.0250958,22.803685,GR,
Καλίνδοια,41.1100772,22.7827553,GR,
Δοϊράνη,41.172778,22.772055,GR,
Σκοτούσα,41.1295271,23.3765392,GR,
Τοξότες,41.0868702,24.7801093,GR,
Σέρραι,41.0739505,23.5362605,GR,
Αγχίαλος Μακεδονίας,40.6975934,22.7979425,GR,
Νέο Πολύκαστρο,40.9670617,22.6150381,GR,
Καστανάς,40.8273661,22.6572762,GR,
Άσπρος,40.8905919,22.6551446,GR,
Γέφυρα,40.7274281,22.6929857,GR,
Πολύκαστρον,40.9873268,22.5820894,GR,
Αξιούπολις,41.0132818,22.5511921,GR,
Παιονία,41.0425727,22.5519635,GR,
Ειδομένη,41.1206609,22.5184052,MK,
Θεσσαλονίκη,40.6451119,22.9291851,GR,
Μπράλος,38.7020389,22.4577656,GR,
Αμφίκλεια,38.6584294,22.5947622,GR,
Λιλαία,38.6698278,22.5445269,GR,
Ξεχασμένη Ημαθίας,40.5638234,22.3387937,GR,
Αλεξάνδρεια,40.6203384,22.4414623,GR,
Επισκοπή Νάουσας,40.6905571,22.1412817,GR,
Νάουσα,40.6214713,22.1339962,GR,
Σκύδρα,40.7682483,22.1574446,GR,
Άγρας,40.8098662,21.9810064,GR,
Έδεσσα,40.808778,22.0500557,GR,
Ειρήνη,38.0433749,23.7830457,GR,
Milot,41.6773374,19.7076956,AL,milot
Tersane,40.8611643,29.2732939,TR,tersane
Güzelyalı,40.8568284,29.2836051,TR,guzelyal
Aydıntepe,40.8522949,29.2931959,TR,aydntepe
İçmeler,40.8456867,29.3000382,TR,icmeler
Tuzla,40.8299498,29.3224266,TR,tuzla
Çayırova,40.8105337,29.3473731,TR,cayrova
GTÜ-Fatih,40.8076023,29.3640227,TR,gtu-fatih
Darıca,40.7914044,29.3919092,TR,darca
Yamanevler,41.0242009,29.1087471,TR,yamanevler
Kısıklı,41.0221852,29.0620794,TR,kskl
Altunizade,41.021911,29.0483118,TR,altunizade
Bağlarbaşı,41.0214561,29.0368747,TR,baglarbas
Suadiye,40.9605007,29.0844637,TR,suadiye
Αγγίστα,41.0070361,23.9387212,GR,
Λευκοθέα,41.0120998,23.9329829,GR,
Νέα Ζίχνη,40.9554425,23.8217396,GR,
Δράμα,41.1404906,24.1471344,GR,
Bursa Teknik Üniversitesi / Mimar Sinan,40.1915593,29.132266,TR,bursa-teknik-universitesi-/-mimar-sinan
Hacivat / Esenevler,40.1921925,29.141635,TR,hacivat-/-esenevler
Şirinevler,40.1945732,29.1550112,TR,sirinevler
Otosansit,40.1967204,29.167411,TR,otosansit
Cumalıkızık / Değirmenönü,40.1978861,29.1749547,TR,cumalkzk-/-degirmenonu
Gürsu,40.1992393,29.1904244,TR,gursu
Kestel,40.2026251,29.2069636,TR,kestel
Arabayatağı / Yavuz Selim,40.1915399,29.1169104,TR,arabayatag-/-yavuz-selim
152 Evler,40.1915409,29.1064364,TR,152-evler
Yıldırım / Davutdede,40.1916229,29.0874597,TR,yldrm-/-davutdede
Gökdere,40.1885955,29.0786017,TR,gokdere
Merinos,40.197713,29.0493737,TR,merinos
Şehreküstü,40.1884695,29.0629698,TR,sehrekustu
Demirtaşpaşa / Abdal,40.1873374,29.069088,TR,demirtaspasa-/-abdal
Kültürpark,40.2003138,29.0406498,TR,kulturpark
Bursaspor/Acemler,40.2130163,29.0151275,TR,bursaspor/acemler
Paşa Çiftliği,40.2095106,29.0251815,TR,pasa-ciftligi
Sırameşeler / Kükürtlü,40.2052713,29.0297762,TR,srameseler-/-kukurtlu
Karaman / Hürriyet,40.2165679,29.000591,TR,karaman-/-hurriyet
Korupark,40.2507123,28.9571983,TR,korupark
Emek,40.2570429,28.9525619,TR,emek
Bursa Organize Sanayi Bölgesi / Akpınar,40.2434211,28.9670044,TR,bursa-organize-sanayi-bolgesi-/-akpnar
Hamitler / Fethiye,40.2369491,28.9755365,TR,hamitler-/-fethiye
Bağlarbaşı / Esentepe,40.229165,28.9865249,TR,baglarbas-/-esentepe
Beşevler / Barış,40.2130163,28.9661488,TR,besevler-/-bars
Fatih Sultan Mehmet,40.211521,28.9755017,TR,fatih-sultan-mehmet
Nilüfer,40.2118754,28.9881295,TR,nilufer
Yüzüncüyıl,40.2202053,28.899866,TR,yuzuncuyl
Batıkent / 19 Mayıs,40.2204724,28.8911674,TR,batkent-/-19-mays
Uludağ Üniversitesi,40.218146,28.8700453,TR,uludag-universitesi
Özlüce / 29 Ekim,40.2199002,28.9112869,TR,ozluce-/-29-ekim
Ertuğrul / Dörtçelik Çocuk Hastanesi,40.2193984,28.9219286,TR,ertugrul-/-dortcelik-cocuk-hastanesi
Ataevler / 23 Nisan,40.2125595,28.9499322,TR,ataevler-/-23-nisan
Küçük Sanayi,40.2120183,28.9415857,TR,kucuk-sanayi
Νέα Ελβετία,40.5932661,22.9688561,GR,
Βούλγαρη,40.5950407,22.9606841,GR,
25ης Μαρτίου,40.6010746,22.9585309,GR,25
Ανάληψη,40.6062063,22.9578459,GR,
Φλέμινγκ,40.6119855,22.9573385,GR,
Ευκλείδης,40.6158337,22.9604596,GR,
Παπάφη,40.6197147,22.9630321,GR,
Σιντριβάνι,40.6308043,22.9541915,GR,
Αγίας Σοφίας,40.6346926,22.9465212,GR,
Βενιζέλου,40.6369851,22.9421265,GR,
Δημοκρατίας,40.6409788,22.9344535,GR,
Νέος Σιδηροδρομικός Σταθμός,40.6439588,22.9287505,GR,
Μοσχάτο,37.9552355,23.6802925,GR,
ΚΑΤ,38.0655977,23.8039921,GR,
Μαρούσι,38.0562402,23.804941,GR,
Σύνταγμα,37.9754953,23.7356676,GR,
Ομόνοια,37.9841128,23.7279901,GR,
Poligon,38.3932553,27.0848255,TR,poligon
Hatay,38.4015299,27.1028227,TR,hatay
İzmirspor,38.4017292,27.1104278,TR,izmirspor
Konak,38.4170329,27.1280578,TR,konak
Çankaya,38.4224884,27.135996,TR,cankaya
Stadyum,38.4423871,27.1806848,TR,stadyum
Bölge,38.4549611,27.2013535,TR,bolge
Evka 3,38.4651437,27.2285906,TR,evka-3
Σταμνά,38.5122543,21.2985615,GR,
Ορφανά,39.4026163,22.2280486,GR,
Αλίαρτος,38.3792962,23.1117972,GR,
Lezhë,41.7806529,19.6384612,AL,lezhe
100. Yıl Cumhuriyet Şehitlik,38.3958662,27.0005409,TR,100-yl-cumhuriyet-sehitlik
Bakırköy,40.9803562,28.8724259,TR,bakrkoy
Δεκέλεια,38.0997582,23.7801051,GR,
Çekmeköy,41.0145289,29.1895134,TR,cekmekoy
Necip Fazıl,41.0160135,29.1794304,TR,necip-fazl
Dudullu,41.0153698,29.1631878,TR,dudullu
İmam Hatip Lisesi,41.0160466,29.1517449,TR,imam-hatip-lisesi
Ihlamurkuyu,41.0197808,29.1306269,TR,ihlamurkuyu
Çakmak,41.0215971,29.1186259,TR,cakmak
Зајас,41.6178861,20.9383045,MK,
Κατερίνη,40.2685138,22.5315302,GR,
Ζεφύρι,38.0698218,23.7168389,GR,
Παλλήνη,38.0057615,23.8696043,GR,
Πύργος Βασιλίσσης,38.0397137,23.727456,GR,
Κάτω Αχαρναί,38.054188,23.7326454,GR,
Άγιοι Ανάργυροι,38.0218581,23.7184204,GR,
Vadi İstanbul,41.1075562,28.9884311,TR,vadi-istanbul
Σιδηροδρομικό Κέντρο Αχαρνών,38.0656513,23.7377663,GR,
Fevzi Çakmak - Hastane,40.8888001,29.2624462,TR,fevzi-cakmak-hastane
Yayalar-Şeyhli,40.9040157,29.2757138,TR,yayalar-seyhli
Sabiha Gökçen Havalimanı,40.9065703,29.3114591,TR,sabiha-gokcen-havaliman
Söğütlüçeşme,40.9910017,29.0376538,TR,sogutlucesme
Θαυμακό,39.156926,22.2835354,GR,
Florya Akvaryum,40.9678261,28.7969885,TR,florya-akvaryum
Mustafa Kemal,41.0061764,28.7738899,TR,mustafa-kemal
Küçükçekmece,40.9885202,28.7729647,TR,kucukcekmece
Feneryolu,40.9788502,29.0487327,TR,feneryolu
Başak,40.890264,29.1774971,TR,basak
Kurtköy,40.9098874,29.2967277,TR,kurtkoy
Αίγιο,38.2397557,22.1035047,GR,
Διμηνιό,38.0355096,22.7151815,GR,
Yıldız,41.054072,29.009666,TR,yldz
Nurtepe,41.0798589,28.9634762,TR,nurtepe
Alibeyköy,41.0791413,28.949577,TR,alibeykoy
Fulya,41.0623115,29.0069778,TR,fulya
Giyimkent-Tekstilkent,41.0712858,28.8667756,TR,giyimkent-tekstilkent
Karadeniz Mahallesi,41.081247,28.8750965,TR,karadeniz-mahallesi
Çırçır,41.0801289,28.9363025,TR,crcr
Veysel Karani-Akşemsettin,41.0795812,28.9281287,TR,veysel-karani-aksemsettin
Yeşilpınar,41.0822903,28.9182892,TR,yesilpnar
Kâzım Karabekir,41.0853315,28.9085323,TR,kazm-karabekir
Yenimahalle,41.0838895,28.8927638,TR,yenimahalle
Çağlayan,41.0707068,28.9805133,TR,caglayan
Parseller,41.0312427,29.1527388,TR,parseller
Huzur,41.022602,29.1595862,TR,huzur
Davutpaşa - YTÜ,41.0202193,28.900375,TR,davutpasa-ytu
Bakırköy-İncirli,40.9966207,28.8753616,TR,bakrkoy-incirli
Gebze,40.7838682,29.4107806,TR,gebze
Onurkent,41.1134023,28.7905007,TR,onurkent
Toplu Konutlar,41.1076913,28.7678634,TR,toplu-konutlar
Kayaşehir Merkez,41.1190792,28.7663353,TR,kayasehir-merkez
Samandıra Merkez,40.9836831,29.2314094,TR,samandra-merkez
Sancaktepe,40.9920567,29.2290134,TR,sancaktepe
Meclis,41.0096577,29.198884,TR,meclis
MODOKO-KEYAP,41.0074042,29.1620118,TR,modoko-keyap
İMES,41.000233,29.155986,TR,imes
Mevlana,40.9921566,29.1533813,TR,mevlana
Kayışdağı,40.9846866,29.1377413,TR,kaysdag
İçerenköy,40.9789595,29.1262074,TR,icerenkoy
Küçükbakkalköy,40.978931,29.1118694,TR,kucukbakkalkoy
Ayşekadın,40.9668107,29.0867801,TR,aysekadn
Emin Ali Paşa,40.9606909,29.093549,TR,emin-ali-pasa
Çiğli,38.4916582,27.0634346,TR,cigli
Kemerburgaz,41.159163,28.9102378,TR,kemerburgaz
Vlorë,40.4664446,19.4810222,AL,vlore
Shkozet,41.3164724,19.4772188,AL,shkozet
Peqin,41.0478298,19.7490141,AL,peqin
Lekaj,41.1139652,19.607662,AL,lekaj
Fier,40.7300083,19.5530136,AL,fier
Elbasan,41.1046346,20.0746239,AL,elbasan
Durrës,41.317838,19.4556691,AL,durres
Bishqem,41.0588312,19.8440646,AL,bishqem
Ballsh,40.6043231,19.7390326,AL,ballsh
Laç,41.6378644,19.7005902,AL,lac
İstanbul Havalimanı,41.2559331,28.7425561,TR,istanbul-havaliman
Штип,41.7557403,22.1735049,MK,
Ümraniye,41.024613,29.0847972,TR,umraniye
Çarşı,41.0259405,29.097392,TR,cars
Αγία Βαρβάρα,37.9899656,23.6593325,GR,
Κορυδαλλός,37.9770493,23.6504072,GR,
Νίκαια,37.9657507,23.6473298,GR,
Λεπτοκαρυά,40.0585678,22.5655914,GR,
Νέοι Πόροι,39.9761052,22.6383557,GR,
Hastane Adliye,40.9163935,29.1783001,TR,hastane-adliye
Haliç,41.02269,28.9666792,TR,halic
Şişhane,41.0282743,28.9727191,TR,sishane
Osmanbey,41.0527755,28.9874046,TR,osmanbey
Şişli,41.0645059,28.9927696,TR,sisli
Bağcılar Meydan,41.0346825,28.8566398,TR,bagclar-meydan
Üçyüzlü,41.0367017,28.8706993,TR,ucyuzlu
Menderes,41.0427411,28.8784952,TR,menderes
Esenler,41.0375744,28.8885873,TR,esenler
Otogar,41.0402205,28.8946029,TR,otogar
Kocatepe,41.0484385,28.8955023,TR,kocatepe
Sağmalcılar,41.0408592,28.9071541,TR,sagmalclar
Bayrampaşa-Maltepe,41.0341105,28.9202619,TR,bayrampasa-maltepe
Topkapı Ulubatlı,41.0239057,28.9305575,TR,topkap-ulubatl
Aksaray,41.0119976,28.9481445,TR,aksaray
Terazidere,41.0304621,28.8978698,TR,terazidere
Zeytinburnu,41.0017169,28.8899747,TR,zeytinburnu
Merter,41.0074232,28.8961294,TR,merter
Bahçelievler,40.9954814,28.8633136,TR,bahcelievler
Ataköy-Şirinevler,40.9913785,28.8457709,TR,atakoy-sirinevler
DTM-İstanbul Fuar Merkezi,40.986602,28.8284735,TR,dtm-istanbul-fuar-merkezi
Atatürk Havalimanı,40.9797455,28.8211267,TR,ataturk-havaliman
4. Levent,41.086111,29.0071653,TR,4-levent
İTÜ-Ayazağa,41.1080715,29.0209695,TR,itu-ayazaga
Darüşşafaka,41.1292759,29.0250803,TR,darussafaka
Hacıosman,41.1397645,29.0304548,TR,hacosman
Duaçınarı,40.1915637,29.0992347,TR,duacnar
Oruç Reis - Yüzyıl,41.0627949,28.8554546,TR,oruc-reis-yuzyl
Bornova,38.4583873,27.2126033,TR,bornova
Ege Üniversitesi,38.4596934,27.2288236,TR,ege-universitesi
Huzurevi,40.9299537,29.1468056,TR,huzurevi
Gülsuyu,40.9238717,29.1547148,TR,gulsuyu
Esenkent,40.920837,29.1664075,TR,esenkent
Soğanlık,40.9132162,29.1924269,TR,soganlk
Κιάτο,38.0140255,22.7349797,GR,
Αυλώνας,38.2506642,23.6956252,GR,
Χαλκίδα,38.4625725,23.5861731,GR,
Κόρινθος,37.9214056,22.932332,GR,
Molla Gürani,41.0259439,28.8479604,TR,molla-gurani
Yıldıztepe,41.0194161,28.8577509,TR,yldztepe
İlkyuva,41.0116361,28.8655579,TR,ilkyuva
Haznedar,41.0046217,28.8716807,TR,haznedar
İncirli,40.9976332,28.8750558,TR,incirli
Özgürlük Meydanı,40.981628,28.8740542,TR,ozgurluk-meydan
Bakırköy Sahil,40.9736492,28.8680322,TR,bakrkoy-sahil
Koşu,38.3833544,27.1474332,TR,kosu
Fahrettin Altay,38.3969831,27.0699404,TR,fahrettin-altay
Mecidiyeköy,41.0651758,28.9955189,TR,mecidiyekoy
Sarnıç,38.3120737,27.1446187,TR,sarnc
ESBAŞ,38.3369449,27.1364707,TR,esbas
Kemer,38.4218006,27.1562701,TR,kemer
İnkılap,38.368868,27.1415242,TR,inklap
Tekeli,38.1810224,27.1856672,TR,tekeli
Develi,38.2033132,27.1666792,TR,develi
Hasanağa Bahçesi,38.380023,27.179109,TR,hasanaga-bahcesi
Dokuz Eylül Üniversitesi  Tınaztepe Kampüsü,38.3762344,27.1917029,TR,dokuz-eylul-universitesi-tnaztepe-kampusu
Buca Koop.,38.3708585,27.1825297,TR,buca-koop
Çamlıkule,38.3708425,27.1671657,TR,camlkule
Buca Belediyesi,38.387704,27.1617635,TR,buca-belediyesi
Hatundere,38.6900072,27.0175615,TR,hatundere
Kuşçuburun,38.2091397,27.3093365,TR,kuscuburun
Alaybey,38.4606272,27.1214638,TR,alaybey
Karşıyaka,38.4579013,27.1151324,TR,karsyaka
Belevi,38.0307899,27.4331644,TR,belevi
Akhisar,38.9080572,27.7905314,TR,akhisar
Atatürk Mahallesi,41.0522224,28.7987338,TR,ataturk-mahallesi
Bahariye,41.0584718,28.7993012,TR,bahariye
MASKO,41.0641121,28.8041363,TR,masko
Halkalı Caddesi,41.0450113,28.8065121,TR,halkal-caddesi
15 Temmuz,41.036891,28.814003,TR,15-temmuz
Mimar Sinan,41.0250887,28.8165787,TR,mimar-sinan
Doğu Sanayi,41.0149413,28.8179193,TR,dogu-sanayi
29 Ekim Cumhuriyet,41.0061738,28.8186101,TR,29-ekim-cumhuriyet
Çobançeşme,40.9997399,28.8226129,TR,cobancesme
Hasdal,41.1212167,28.9468433,TR,hasdal
Göktürk,41.1770052,28.8836557,TR,gokturk
Kargo Terminali,41.2554335,28.7126953,TR,kargo-terminali
Çevik Bir Meydanı,38.3830308,27.1707917,TR,cevik-bir-meydan
Αγία Τριάδα,39.3173737,23.1071811,GR,
Μηλιές,39.3276342,23.1435862,GR,
Odunluk,40.2120917,28.9987586,TR,odunluk
Sığırcı,40.2699471,28.0515431,TR,sgrc
Novoselë,40.6181298,19.4753842,AL,novosele
Τιθορέα,38.6082315,22.7178882,GR,
Λαμία,38.8960611,22.4347069,GR,
Στυλίδα,38.9133311,22.6144326,GR,
Αρμένιο,39.485339,22.6938574,GR,
Βόλος,39.3642347,22.9369,GR,
Παλαιοφάρσαλος,39.3135187,22.2435948,GR,
Λιβαδειά,38.4710165,22.9269797,GR,
Αγγείαι,39.0906419,22.191434,GR,
Αριστίππου,37.98029,23.7440155,GR,
Άγιος Γεώργιος,37.9821045,23.7435617,GR,
Φάληρο,37.9450534,23.6652663,GR,
Konut Birlik,41.03461,28.763349,TR,konut-birlik
Bahçeşehir,41.0843995,28.6788126,TR,bahcesehir
Ispartakule,41.0629617,28.6993868,TR,ispartakule
Μοναστηράκι,37.9760959,23.7256297,GR,
Νέα Φιλαδέλφεια Τούμπας,40.7964257,22.8487786,GR,
Κάτω Αχαΐα,38.1458954,21.5614413,GR,
Άγιος Ανδρέας,38.2394053,21.7271591,GR,
Ρίο,38.2981583,21.7775953,GR,
Πάτρα,38.2498476,21.7351217,GR,
Σουφλί,41.1878631,26.3015525,GR,
Λαγυνά,41.0863905,26.3013298,TR,
Τυχερό,41.0349055,26.293349,GR,
Πέπλος,40.9593247,26.2770117,GR,
Φέρρες,40.8911327,26.1850382,GR,
Αλεξανδρούπολη Λιμάνι,40.8452251,25.8788203,GR,
Сопотница,41.2924946,21.1610769,MK,
Бакарно Гумно,41.2720185,21.4181181,MK,
Жабени,40.9464758,21.4282246,MK,
Прилеп,41.3439374,21.5378816,MK,
Гостиражни,41.5494662,21.432091,MK,
Богомила,41.5958785,21.4838726,MK,
Καρδίτσα,39.3540442,21.9147816,GR,
Τρίκαλα,39.5460802,21.7633872,GR,
Καλαμπάκα,39.7030141,21.6253598,GR,
Σοφάδες,39.340353,22.0866874,GR,
Μαγούλα,38.0735852,23.5295354,GR,
Bulgurlu,41.0162865,29.0762576,TR,bulgurlu
Pogradec,40.9321795,20.6387365,AL,pogradec
Aşiyan,41.08138,29.0549987,TR,asiyan
Λιτόχωρο,40.1249114,22.5500783,GR,
Άρνισσα,40.7981505,21.8350998,GR,
Ξινό Νερό,40.6914096,21.6338643,GR,
Νερατζιώτισσα,38.0450998,23.7931826,GR,
Taşoluk,41.2070653,28.715889,TR,tasoluk
Arnavutköy Hastane,41.1790982,28.7476829,TR,arnavutkoy-hastane
Μεσονήσι,40.7961446,21.4732019,GR,
Cankurtaran,41.0055376,28.9830122,TR,cankurtaran
Horozköy,38.6266873,27.4031801,TR,horozkoy
Fen Lisesi Durağı,38.0979564,27.7098511,TR,fen-lisesi-durag
General Asım Gündüz,38.3971749,27.1319267,TR,general-asm-gunduz
Zafertepe,38.4023092,27.1297498,TR,zafertepe
Balçova,38.3957233,27.0569428,TR,balcova
Çağdaş,38.3945413,27.0454287,TR,cagdas
Dokuz Eylül Üniversitesi Hastanesi,38.394169,27.0382072,TR,dokuz-eylul-universitesi-hastanesi
Güzel Sanatlar Fakültesi,38.3925017,27.0234927,TR,guzel-sanatlar-fakultesi
Narlıdere İtfaiye,38.3937252,27.0149809,TR,narldere-itfaiye
Narlıdere Kaymakamlık,38.3949774,26.991087,TR,narldere-kaymakamlk
Sarıgazi,41.0100295,29.2126756,TR,sargazi
Okçugöl,40.0624836,28.1614941,TR,okcugol
Darıca Sahil,40.7573319,29.376327,TR,darca-sahil
Darıca Cumhuriyet Meydanı,40.7612553,29.3884724,TR,darca-cumhuriyet-meydan
Farabi Devlet Hastanesi,40.7742388,29.4035745,TR,farabi-devlet-hastanesi
Gebze Gar,40.7830415,29.410777,TR,gebze-gar
Fatih Devlet Hastanesi,40.7904089,29.4216678,TR,fatih-devlet-hastanesi
Gebze Kent Meydanı,40.7980109,29.4322828,TR,gebze-kent-meydan
Gebze Stadyum,40.8044504,29.4388279,TR,gebze-stadyum
Akse Sapağı,40.8079141,29.4314045,TR,akse-sapag
Adliye,40.8142183,29.4184419,TR,adliye
Mutlukent,40.8271902,29.417388,TR,mutlukent
OSB,40.8390543,29.4316666,TR,osb
Kemalpaşa,38.4694649,27.4002143,TR,kemalpasa
Pancar,38.1975049,27.2395725,TR,pancar
Adnan Menderes Havalimanı,38.2912987,27.1478659,TR,adnan-menderes-havaliman
Cumaovası,38.2640451,27.1629949,TR,cumaovas
Alsancak Gar,38.4386339,27.1481153,TR,alsancak-gar
Geçit/Balat,40.2673754,28.9482624,TR,gecit/balat
Bergama Otogar,39.0837385,27.122991,TR,bergama-otogar
Bergama,39.1013583,27.2024303,TR,bergama
Bozköy,39.0510006,27.1092951,TR,bozkoy
Yenikent,39.0103555,27.0704444,TR,yenikent
Yenişakran,38.8837042,27.0852114,TR,yenisakran
Aliağa OSB,38.8273039,27.0190284,TR,aliaga-osb
Zeytindağ,38.9654653,27.05055,TR,zeytindag
Gürsu Hızlı Tren İstasyonu,40.2563556,29.2009848,TR,gursu-hzl-tren-istasyonu
Menemen,38.6031664,27.076721,TR,menemen
Kavaklıdere,38.4286456,28.3588878,TR,kavakldere
Susurluk İstasyonu,39.9256134,28.1528886,TR,susurluk-istasyonu
Bursa Hızlı Tren Garı,40.2736681,28.9233437,TR,bursa-hzl-tren-gar
Yedikule,40.9935264,28.9269188,TR,yedikule
Kocamustafapaşa,40.9999287,28.9331768,TR,kocamustafapasa
Cerrahpaşa,41.0028107,28.9402407,TR,cerrahpasa
Kumkapı,41.0033651,28.9629002,TR,kumkap
Πύργος,37.6760512,21.4353666,GR,
Κατάκολο,37.6483931,21.3166749,GR,
Браилово,41.4609902,21.4568395,MK,
Тошо Арсов,41.7990732,21.8824657,MK,
Bayındır,38.2128197,27.6495581,TR,bayndr
Tire İstasyonu,38.0924932,27.7278025,TR,tire-istasyonu
Çatal,38.1724198,27.7208343,TR,catal
Ödemiş,38.2220533,27.965566,TR,odemis
Ödemiş Şehir,38.2272054,27.9771538,TR,odemis-sehir
Fuar İzmir,38.3476495,27.1239493,TR,fuar-izmir
Gediz,38.3605451,27.1492824,TR,gediz
Bandırma Gar,40.3507684,27.9593669,TR,bandrma-gar
Emirler,39.4925647,29.3623508,TR,emirler
Ömerli,41.1172857,28.6414161,TR,omerli
Άνω Λεχώνια,39.3254185,23.0537918,GR,
Μεταμόρφωση,38.0601678,23.7557122,GR,
Çamlıpınar,38.3663695,27.1573552,TR,camlpnar
Yenişehir Havalimanı Hızlı Tren İstasyonu,40.2626697,29.5496221,TR,yenisehir-havaliman-hzl-tren-istasyonu
Goncalı Müselles,37.8425904,29.1191387,TR,goncal-muselles
Konaklar,38.3571011,28.7110739,TR,konaklar
Ömerköy,39.8418431,28.0749601,TR,omerkoy
Süleymanlı,38.9629606,27.7799271,TR,suleymanl
Torbalı,38.1701193,27.347338,TR,torbal
Tunçbilek,39.6351326,29.4724873,TR,tuncbilek
Tekirdağ,40.9584171,27.4846252,TR,tekirdag
Haydarpaşa,40.9968284,29.0199126,TR,haydarpasa
Lannion,48.7274303,-3.4602605,FR,lannion
Lamballe,48.4658798,-2.5112218,FR,lamballe
Malakoff - Rue Étienne Dolet,48.8151929,2.2973418,FR,malakoff-rue-etienne-dolet
Le Puy-en-Velay,45.042729,3.8925667,FR,le-puy-en-velay
Le Bourget,48.9308009,2.4257459,FR,le-bourget
Les Flachères,45.7774415,4.7540906,FR,les-flacheres
Asnières-sur-Seine,48.905901,2.2834758,FR,asnieres-sur-seine
Clichy-Levallois,48.8975882,2.2973511,FR,clichy-levallois
Les Sablons,48.8809365,2.2722281,FR,les-sablons
Franklin D. Roosevelt,48.8690339,2.3099266,FR,franklin-d-roosevelt
Tuileries,48.8645194,2.3296312,FR,tuileries
Saint-Paul,48.8553844,2.3604068,FR,saint-paul
Meaux,48.9573337,2.8734872,FR,meaux
Marcel Sembat,48.8336468,2.2435931,FR,marcel-sembat
La Motte-Picquet - Grenelle,48.8491009,2.2981675,FR,la-motte-picquet-grenelle
Cambronne,48.8475232,2.3029457,FR,cambronne
Dupleix,48.8504095,2.2936611,FR,dupleix
Pezou,47.8672803,1.1409256,FR,pezou
Vendôme,47.8020516,1.067735,FR,vendome
Gare Montparnasse,48.8400624,2.3191085,FR,gare-montparnasse
Gare Dijon Porte Neuve,47.3227839,5.0549152,FR,gare-dijon-porte-neuve
Gennevilliers,48.9336452,2.3075935,FR,gennevilliers
Gros Noyer - Saint-Prix,48.9962878,2.2595198,FR,gros-noyer-saint-prix
Argenteuil,48.9469407,2.257864,FR,argenteuil
Chaville Rive Droite,48.8123397,2.1880637,FR,chaville-rive-droite
Arcueil - Cachan,48.7986105,2.3280777,FR,arcueil-cachan
Champagne-sur-Seine,48.4066756,2.7993021,FR,champagne-sur-seine
La Verrière,48.7553401,1.9436491,FR,la-verriere
Frontignan,43.4449302,3.7589379,FR,frontignan
Méry-sur-Oise,49.0577058,2.1910268,FR,mery-sur-oise
Mairie d'Issy,48.824163,2.2731685,FR,mairie-d'issy
Corentin Celton,48.8270637,2.279363,FR,corentin-celton
Convention,48.8372872,2.2966539,FR,convention
Fontaine-le-Port,48.4871784,2.7512004,FR,fontaine-le-port
Héricy,48.4427392,2.7607709,FR,hericy
Fontainebleau - Avon,48.4163144,2.7266285,FR,fontainebleau-avon
Épluches,49.0547101,2.1223837,FR,epluches
Chaponval,49.0694368,2.1422346,FR,chaponval
Auvers-sur-Oise,49.0704674,2.1753597,FR,auvers-sur-oise
Bourges,47.0943276,2.3943023,FR,bourges
Bry-sur-Marne,48.8446195,2.5261866,FR,bry-sur-marne
Noisy-Champs,48.8429791,2.5809845,FR,noisy-champs
La Grande-Paroisse,48.3787856,2.897142,FR,la-grande-paroisse
Les Noues,49.0324994,2.4768414,FR,les-noues
Fontenay-le-Fleury,48.8072915,2.0406809,FR,fontenay-le-fleury
Villepreux - Les Clayes,48.8237835,1.9927044,FR,villepreux-les-clayes
Plaisir - Grignon,48.8319663,1.9434777,FR,plaisir-grignon
Porte d'Orléans,48.8236307,2.3256075,FR,porte-d'orleans
Alésia,48.8280318,2.3270406,FR,alesia
Mouton-Duvernet,48.8312786,2.3298657,FR,mouton-duvernet
Thoré la Rochette,47.7748937,0.962171,FR,thore-la-rochette
Saint-Jacques,48.8329806,2.3368199,FR,saint-jacques
Glacière,48.8311451,2.3434916,FR,glaciere
Place d'Italie,48.8309446,2.3558932,FR,place-d'italie
Nationale,48.8331995,2.3628272,FR,nationale
Chevaleret,48.83495,2.3681023,FR,chevaleret
Quai de la Gare,48.8370444,2.3728619,FR,quai-de-la-gare
La Roche-sur-Yon,46.6721477,-1.4359725,FR,la-roche-sur-yon
Émerainville Pontault-Combault,48.8060951,2.6184604,FR,emerainville-pontault-combault
Les Yvris Noisy-le-Grand,48.8231656,2.5797902,FR,les-yvris-noisy-le-grand
Les Boullereaux - Champigny,48.8248403,2.5118815,FR,les-boullereaux-champigny
Noisy-le-Grand - Mont d’Est,48.8407958,2.5477591,FR,noisy-le-grand-mont-dest
Marne-la-Vallée - Chessy,48.8699134,2.7821727,FR,marne-la-vallee-chessy
Fontenay-sous-Bois,48.8437078,2.4637379,FR,fontenay-sous-bois
Rosny Bois Perrier,48.8825591,2.4811886,FR,rosny-bois-perrier
Buttes Chaumont,48.8783961,2.3812008,FR,buttes-chaumont
Buzenval,48.8518248,2.4013274,FR,buzenval
Père Lachaise,48.8629238,2.3874128,FR,pere-lachaise
Alexandre Dumas,48.85634,2.3944352,FR,alexandre-dumas
Belleville,48.872035,2.3768798,FR,belleville
Blanche,48.8835274,2.3335853,FR,blanche
Place de Clichy,48.8834776,2.3272899,FR,place-de-clichy
Rome,48.8823012,2.3213298,FR,rome
Villiers,48.8811181,2.3149118,FR,villiers
Monceau,48.8803157,2.3086415,FR,monceau
Porte Dauphine,48.871598,2.2773184,FR,porte-dauphine
Rue Saint-Maur,48.864335,2.3794817,FR,rue-saint-maur
Parmentier,48.8653571,2.3739035,FR,parmentier
Arts et Métiers,48.8654718,2.3561116,FR,arts-et-metiers
Bourse,48.8686539,2.3414383,FR,bourse
Quatre Septembre,48.8695929,2.3358665,FR,quatre-septembre
Opéra,48.8706446,2.33233,FR,opera
Havre - Caumartin,48.8737533,2.3274302,FR,havre-caumartin
Wagram,48.8840526,2.3037389,FR,wagram
Pereire,48.8847906,2.2983109,FR,pereire
Porte de Champerret,48.8858342,2.2931032,FR,porte-de-champerret
Vaugirard,48.839587,2.3012795,FR,vaugirard
Volontaires,48.8415334,2.3080102,FR,volontaires
Falguière,48.8444916,2.317965,FR,falguiere
Duroc,48.8468433,2.3166286,FR,duroc
Torcy,48.839553,2.6543891,FR,torcy
Bel-Air,48.8413382,2.4009129,FR,bel-air
Corbeil-Essonnes,48.6140021,2.4736052,FR,corbeil-essonnes
Maisse,48.3936741,2.3934472,FR,maisse
Buno - Gironville,48.3707399,2.3870667,FR,buno-gironville
Ballancourt,48.5321637,2.3711049,FR,ballancourt
Moulin Galant,48.5863595,2.4734909,FR,moulin-galant
Essonnes Robinson,48.6056231,2.4626322,FR,essonnes-robinson
Ponthierry Pringy,48.535017,2.5448933,FR,ponthierry-pringy
Melun,48.5274833,2.6551924,FR,melun
Carnoules,43.2974731,6.1864,FR,carnoules
Saint-Saviol,46.1469773,0.2179597,FR,saint-saviol
Marx Dormoy,48.8905061,2.3599967,FR,marx-dormoy
Gabriel Péri,48.9163939,2.2946589,FR,gabriel-peri
Isles - Armentières - Congis,48.998106,3.0073018,FR,isles-armentieres-congis
Nemours - Saint-Pierre,48.2678408,2.6855644,FR,nemours-saint-pierre
Jacques Bonsergent,48.8711191,2.3607546,FR,jacques-bonsergent
Dijon-Ville,47.3230453,5.0272536,FR,dijon-ville
Maintenon,48.5855671,1.5925337,FR,maintenon
Montargis,48.0069479,2.7432191,FR,montargis
Croix de Chavaux,48.8579778,2.43575,FR,croix-de-chavaux
Mairie de Montreuil,48.8625988,2.441569,FR,mairie-de-montreuil
Saint-Étienne-du-Rouvray,49.3771726,1.1095372,FR,saint-etienne-du-rouvray
Maraîchers,48.8527267,2.4061303,FR,maraichers
Robespierre,48.8558145,2.4237108,FR,robespierre
Rue des Boulets,48.8525808,2.3887914,FR,rue-des-boulets
Charonne,48.8547411,2.3853043,FR,charonne
Sorgues - Châteauneuf-du-Pape,44.0053826,4.8757671,FR,sorgues-chateauneuf-du-pape
Voltaire,48.8581794,2.3798223,FR,voltaire
Saint-Ambroise,48.8610434,2.3747264,FR,saint-ambroise
Oberkampf,48.8641124,2.3694232,FR,oberkampf
Bonne Nouvelle,48.8705324,2.3487457,FR,bonne-nouvelle
Grands Boulevards,48.8714412,2.3434953,FR,grands-boulevards
Saint-Augustin,48.874471,2.3217921,FR,saint-augustin
Gramat,44.7735103,1.7223491,FR,gramat
Rocamadour - Padirac,44.8183148,1.6571848,FR,rocamadour-padirac
Disneyland Railroad Main Street Station,48.8707952,2.7791228,FR,disneyland-railroad-main-street-station
Disneyland Railroad Frontierland Depot,48.8701941,2.7721388,FR,disneyland-railroad-frontierland-depot
Disneyland Railroad Fantasyland Station,48.8746234,2.7735731,FR,disneyland-railroad-fantasyland-station
Disneyland Railroad Discoveryland Station,48.874721,2.7794141,FR,disneyland-railroad-discoveryland-station
Cardinal Lemoine,48.8465303,2.3518356,FR,cardinal-lemoine
Maubert - Mutualité,48.8500649,2.3484301,FR,maubert-mutualite
Cluny-La Sorbonne,48.8510938,2.3441587,FR,cluny-la-sorbonne
Mabillon,48.8528857,2.3349394,FR,mabillon
Balard,48.8363968,2.278379,FR,balard
Lourmel,48.8387364,2.2821481,FR,lourmel
Boucicaut,48.8410837,2.2879218,FR,boucicaut
Félix Faure,48.8426775,2.2917792,FR,felix-faure
Dugommier,48.8390379,2.3897217,FR,dugommier
Bercy,48.8401549,2.3799474,FR,bercy
Kléber,48.8716801,2.2935185,FR,kleber
Passy,48.8575009,2.285778,FR,passy
Iéna,48.8646131,2.2937335,FR,iena
Rue de la Pompe,48.8640672,2.278149,FR,rue-de-la-pompe
La Muette,48.8579754,2.274062,FR,la-muette
Ranelagh,48.8555764,2.2702166,FR,ranelagh
Jasmin,48.8525598,2.2681802,FR,jasmin
Michel-Ange - Molitor,48.8450092,2.26111,FR,michel-ange-molitor
Exelmans,48.8430044,2.2600472,FR,exelmans
Porte de Saint-Cloud,48.8377937,2.256558,FR,porte-de-saint-cloud
Alma-Marceau,48.8648683,2.300292,FR,alma-marceau
Saint-Philippe du Roule,48.8722352,2.3100505,FR,saint-philippe-du-roule
Miromesnil,48.873719,2.3145029,FR,miromesnil
Sèvres-Babylone,48.8512518,2.326992,FR,sevres-babylone
Mairie de Clichy,48.9032278,2.3059879,FR,mairie-de-clichy
Brochant,48.8905757,2.3202004,FR,brochant
La Fourche,48.886971,2.3258228,FR,la-fourche
Ségur,48.8469753,2.3074451,FR,segur
Avenue Émile Zola,48.8469751,2.2953222,FR,avenue-emile-zola
Bigny,46.8015871,2.3685836,FR,bigny
Assemblée Nationale,48.860576,2.3211714,FR,assemblee-nationale
Solférino,48.8586551,2.3229865,FR,solferino
Notre-Dame des Champs,48.8446836,2.3288039,FR,notre-dame-des-champs
Commerce,48.8447112,2.2938643,FR,commerce
École Militaire,48.8546647,2.3060728,FR,ecole-militaire
La Tour Maubourg,48.8575602,2.3103234,FR,la-tour-maubourg
Filles du Calvaire,48.8633194,2.3666323,FR,filles-du-calvaire
Saint-Sébastien - Froissart,48.8611816,2.367234,FR,saint-sebastien-froissart
Chemin Vert,48.8574434,2.3681408,FR,chemin-vert
Ledru-Rollin,48.8512945,2.3760274,FR,ledru-rollin
Faidherbe — Chaligny,48.8501609,2.3842222,FR,faidherbe-chaligny
Montgallet,48.844304,2.3901962,FR,montgallet
Michel Bizot,48.8370694,2.4024586,FR,michel-bizot
Liberté,48.8264064,2.406201,FR,liberte
Porte Dorée,48.8352765,2.4061775,FR,porte-doree
Picpus,48.8451759,2.4005236,FR,picpus
Porte de Charenton,48.8330612,2.4011868,FR,porte-de-charenton
Trinité d'Estienne d'Orves,48.8763067,2.3326426,FR,trinite-d'estienne-d'orves
Notre-Dame de Lorette,48.8760405,2.3374234,FR,notre-dame-de-lorette
Saint-Georges,48.8784466,2.3374748,FR,saint-georges
Abbesses,48.8848041,2.3386421,FR,abbesses
Lamarck - Caulaincourt,48.8897556,2.3387677,FR,lamarck-caulaincourt
Jules Joffrin,48.8925349,2.3446536,FR,jules-joffrin
Porte de la Chapelle,48.897694,2.359259,FR,porte-de-la-chapelle
Simplon,48.8938481,2.3478412,FR,simplon
Gare de l'Est,48.8762027,2.3579127,FR,gare-de-l'est
Cité,48.8553245,2.347542,FR,cite
Saint-Michel,48.8532864,2.3435081,FR,saint-michel
Saint-Germain-des-Prés,48.8536304,2.334471,FR,saint-germain-des-pres
Saint-Placide,48.847098,2.3270206,FR,saint-placide
Vavin,48.8422164,2.3290114,FR,vavin
Charles Michels,48.84647,2.2858803,FR,charles-michels
Javel - André Citroën,48.8461781,2.2782825,FR,javel-andre-citroen
Église d'Auteuil,48.8473124,2.2686366,FR,eglise-d'auteuil
Porte d'Auteuil,48.8480881,2.2587539,FR,porte-d'auteuil
Chardon-Lagache,48.8454285,2.2671305,FR,chardon-lagache
Mirabeau,48.8468116,2.2716976,FR,mirabeau
Boulogne - Jean Jaurès,48.8421141,2.2393674,FR,boulogne-jean-jaures
Boulogne - Pont de Saint-Cloud,48.8408383,2.2283263,FR,boulogne-pont-de-saint-cloud
Bonneval,48.1862821,1.3862894,FR,bonneval
Goncourt,48.8699854,2.3710671,FR,goncourt
Pyrénées,48.8738565,2.3852638,FR,pyrenees
Jourdain,48.8750944,2.38933,FR,jourdain
Riquet,48.8884812,2.3742226,FR,riquet
Crimée,48.8908513,2.3773681,FR,crimee
Corentin Cariou,48.8947282,2.3823046,FR,corentin-cariou
Porte de la Villette,48.8974039,2.385591,FR,porte-de-la-villette
Sully - Morland,48.8513954,2.3618174,FR,sully-morland
Pont Marie,48.8537872,2.3565905,FR,pont-marie
Place Monge,48.8429053,2.3522772,FR,place-monge
Censier - Daubenton,48.8406473,2.3519334,FR,censier-daubenton
Les Gobelins,48.8356304,2.3526735,FR,les-gobelins
Danube,48.8818204,2.3942224,FR,danube
Pelleport,48.8680997,2.4013152,FR,pelleport
Guy Môquet,48.8927389,2.3273435,FR,guy-moquet
Porte de Saint-Ouen,48.8971558,2.3288425,FR,porte-de-saint-ouen
Tolbiac,48.8260904,2.3573505,FR,tolbiac
Maison Blanche,48.8214836,2.3588859,FR,maison-blanche
Marne-la-Vallée Chessy,48.8704008,2.7828344,FR,marne-la-vallee-chessy
Les Agnettes,48.9231172,2.2862019,FR,les-agnettes
Écommoy,47.8244661,0.2689994,FR,ecommoy
Fort d'Aubervilliers,48.9142573,2.4038072,FR,fort-d'aubervilliers
Aubervilliers - Pantin - Quatre Chemins,48.9036279,2.3922499,FR,aubervilliers-pantin-quatre-chemins
La Courneuve - 8 mai 1945,48.9207595,2.410766,FR,la-courneuve-8-mai-1945
Rodez,44.3627525,2.5805973,FR,rodez
Garges - Sarcelles,48.976527,2.390265,FR,garges-sarcelles
Champs-Élysées - Clemenceau,48.8674912,2.3140701,FR,champs-elysees-clemenceau
Bellignat,46.2387565,5.6302641,FR,bellignat
Le Vésinet - Le Pecq,48.8982337,2.121941,FR,le-vesinet-le-pecq
Trappes,48.7748343,2.0066596,FR,trappes
Le Bras de Fer,48.6232786,2.4504028,FR,le-bras-de-fer
Évry - Courcouronnes,48.625989,2.428907,FR,evry-courcouronnes
Vallon-en-Sully,46.5363299,2.6107572,FR,vallon-en-sully
La Ferté-Alais,48.4847616,2.3517701,FR,la-ferte-alais
Le Cendre - Orcet,45.7238955,3.1887405,FR,le-cendre-orcet
Pontcharra - Saint-Forgeux,45.871468,4.4927921,FR,pontcharra-saint-forgeux
Noisiel,48.8434831,2.6163935,FR,noisiel
Lognes,48.8391244,2.6337174,FR,lognes
Bois-le-Roi,48.4755914,2.6919165,FR,bois-le-roi
Vichy,46.1269027,3.4308218,FR,vichy
Parent - Coudes - Champeix,45.614286,3.2166738,FR,parent-coudes-champeix
Créteil-L'Échat,48.7965908,2.4493852,FR,creteil-l'echat
Créteil Université,48.7899004,2.4505696,FR,creteil-universite
Maisons-Alfort — Les Juilliottes,48.8033311,2.4456085,FR,maisons-alfort-les-juilliottes
Maisons-Alfort — Stade,48.8090371,2.4347211,FR,maisons-alfort-stade
École Vétérinaire de Maisons-Alfort,48.8150196,2.4217316,FR,ecole-veterinaire-de-maisons-alfort
Charenton-Écoles,48.8215612,2.4137829,FR,charenton-ecoles
Saint-Pol de Léon,48.6768486,-3.9872929,FR,saint-pol-de-leon
Dunkerque,51.0304157,2.3685474,FR,dunkerque
Saint-Romain-de-Popey,45.861616,4.5423629,FR,saint-romain-de-popey
Tarare,45.8897456,4.4390198,FR,tarare
Gare de Boissy-la-Rivière,48.3777114,2.1453802,FR,gare-de-boissy-la-riviere
Chaville Rive Gauche,48.8048138,2.1889107,FR,chaville-rive-gauche
Dammartin - Juilly - Saint-Mard,49.0321161,2.6991012,FR,dammartin-juilly-saint-mard
Le Plessis-Belleville,49.0959723,2.7446739,FR,le-plessis-belleville
Villejuif - Léo Lagrange,48.8051317,2.3637903,FR,villejuif-leo-lagrange
Villejuif - Louis Aragon,48.7869402,2.3673857,FR,villejuif-louis-aragon
Villejuif - Paul Vaillant-Couturier,48.7961557,2.3683565,FR,villejuif-paul-vaillant-couturier
Le Kremlin-Bicêtre,48.810328,2.3622359,FR,le-kremlin-bicetre
Margaux,45.0358496,-0.6854735,FR,margaux
Parempuyre,44.9447027,-0.619345,FR,parempuyre
Nogent - Le Perreux,48.8386135,2.4942678,FR,nogent-le-perreux
Grigny-Centre,48.6542441,2.3963774,FR,grigny-centre
Rochefort,45.947269,-0.963706,FR,rochefort
Ferrières - Fontenay,48.0965112,2.7723071,FR,ferrieres-fontenay
Val de Reuil,49.2755117,1.2249121,FR,val-de-reuil
Château Landon,48.8789087,2.3624266,FR,chateau-landon
La Courneuve - Aubervilliers,48.9240954,2.384957,FR,la-courneuve-aubervilliers
Pantin,48.8979517,2.4004902,FR,pantin
Drancy,48.932705,2.4544348,FR,drancy
Survilliers - Fosses,49.0995779,2.5255352,FR,survilliers-fosses
Chantilly – Gouvieux,49.1872381,2.4595267,FR,chantilly-gouvieux
Orry-la-Ville - Coye-la-Forêt,49.1385074,2.4899686,FR,orry-la-ville-coye-la-foret
La Borne Blanche,49.1268059,2.5060723,FR,la-borne-blanche
Gretz-Armainvilliers,48.7462814,2.727358,FR,gretz-armainvilliers
Le Blanc-Mesnil,48.9322896,2.4768975,FR,le-blanc-mesnil
La Ricamarie,45.4040862,4.3604059,FR,la-ricamarie
Chantenay,47.1971055,-1.5943591,FR,chantenay
Gare Saint-Roch,49.8932209,2.2834356,FR,gare-saint-roch
Bir-Hakeim,48.8538898,2.2893811,FR,bir-hakeim
Boutigny,48.4348794,2.3761952,FR,boutigny
Thieux - Nantouillet,49.0085125,2.6805673,FR,thieux-nantouillet
Saint-Rome-de-Cernon,44.0139911,2.9673586,FR,saint-rome-de-cernon
Auber,48.8722245,2.3297877,FR,auber
Billancourt,48.8317043,2.2372367,FR,billancourt
Marvejols,44.5446591,3.2810964,FR,marvejols
Franconville – Le Plessis-Bouchard,48.9934276,2.2350311,FR,franconville-le-plessis-bouchard
Pont de Sèvres,48.8296692,2.2308438,FR,pont-de-sevres
Cahors,44.4492246,1.4330956,FR,cahors
Issoudun,46.9486016,1.9854698,FR,issoudun
Éragny - Neuville,49.0180904,2.0906339,FR,eragny-neuville
Vannes,47.6652992,-2.7525901,FR,vannes
Mennecy,48.5710587,2.4330895,FR,mennecy
Lisle-sur-Tarn,43.85639,1.80823,FR,lisle-sur-tarn
Vaucresson,48.8367417,2.1524193,FR,vaucresson
Garches - Marnes-la-Coquette,48.8382992,2.1871303,FR,garches-marnes-la-coquette
Bruyères-sur-Oise,49.1552109,2.3260147,FR,bruyeres-sur-oise
Boran-sur-Oise,49.167065,2.3624978,FR,boran-sur-oise
Nointel - Mours,49.132581,2.2805055,FR,nointel-mours
Ermont Halte,48.9899263,2.2634012,FR,ermont-halte
Saint-Leu-la-Forêt,49.0155565,2.2423972,FR,saint-leu-la-foret
Mériel,49.0777145,2.2054547,FR,meriel
Pont Petit,49.0603806,2.1306588,FR,pont-petit
Saint-Ouen-l'Aumône Quartier de l'Église,49.0396846,2.1037387,FR,saint-ouen-l'aumone-quartier-de-l'eglise
Nevers,46.987297,3.1507219,FR,nevers
Saint-Jean-d'Angély,45.9407558,-0.5099568,FR,saint-jean-d'angely
Lesparre,45.3036181,-0.9453635,FR,lesparre
La Primaube,44.2914332,2.5545173,FR,la-primaube
Baraqueville-Carcenac-Peyralès,44.2704824,2.4274454,FR,baraqueville-carcenac-peyrales
Cransac,44.52282,2.2719869,FR,cransac
Aubin,44.5272706,2.2393094,FR,aubin
Pontgibaud,45.8210006,2.8457965,FR,pontgibaud
Saint-Mammès,48.3822686,2.8157792,FR,saint-mammes
Villiers - Neauphle - Pontchartrain,48.815329,1.877503,FR,villiers-neauphle-pontchartrain
La Mothe Achard,46.6069551,-1.6596414,FR,la-mothe-achard
Avallon,47.4957553,3.9124463,FR,avallon
Nangis,48.5614718,3.0126543,FR,nangis
La Teste,44.6369726,-1.1429337,FR,la-teste
La Rochelle - Porte Dauphine,46.167556,-1.1518694,FR,la-rochelle-porte-dauphine
Andrésy,48.9748202,2.0490816,FR,andresy
Châteauneuf-sur-Cher,46.856812,2.3103822,FR,chateauneuf-sur-cher
Le Monastier,44.508993,3.2521133,FR,le-monastier
Nanterre-Préfecture,48.8957273,2.2231626,FR,nanterre-prefecture
Machecoul,46.9906287,-1.8226619,FR,machecoul
Tournus,46.5666633,4.9064149,FR,tournus
Porte de Choisy,48.8201241,2.3647858,FR,porte-de-choisy
Pierre et Marie Curie,48.8159011,2.3773455,FR,pierre-et-marie-curie
Vaneau,48.8491519,2.3218529,FR,vaneau
Lagny - Thorigny,48.8821143,2.7047921,FR,lagny-thorigny
Boussy Saint-Antoine,48.6809364,2.5329514,FR,boussy-saint-antoine
Combs-la-Ville - Quincy,48.6675776,2.5478186,FR,combs-la-ville-quincy
Vigneux-sur-Seine,48.7083523,2.4143034,FR,vigneux-sur-seine
Villabé,48.592772,2.4615848,FR,villabe
Aumont-Aubrac,44.7182521,3.2835587,FR,aumont-aubrac
Figeac,44.6032632,2.0371094,FR,figeac
Trôo,47.776432,0.8034851,FR,troo
Balsieges-Bourg,44.482029,3.4561579,FR,balsieges-bourg
Arrivée du vélorail (gare d'Etampes),48.4165656,2.1477273,FR,arrivee-du-velorail-gare-d'etampes
Départ du vélorail de la Juine,48.3669069,2.1436629,FR,depart-du-velorail-de-la-juine
Bonnières,49.0387689,1.581569,FR,bonnieres
Tence,45.1138541,4.2962404,FR,tence
Saint-Loubès,44.9223901,-0.4332238,FR,saint-loubes
Montereau,48.3794243,2.9426727,FR,montereau
Santeuil - Le Perchay,49.1241696,1.9490103,FR,santeuil-le-perchay
Bécon-les-Bruyères,48.9055566,2.2687814,FR,becon-les-bruyeres
Châtel-Censoir,47.5377899,3.6351706,FR,chatel-censoir
Le Teich,44.6324226,-1.0256103,FR,le-teich
Brignoles,43.4058621,6.056548,FR,brignoles
Sainte-Anastasie,43.3422121,6.1305527,FR,sainte-anastasie
Juziers,48.9922338,1.8457308,FR,juziers
Brunoy,48.6992635,2.5066339,FR,brunoy
Gargenville,48.9829928,1.8090361,FR,gargenville
Épinay - Villetaneuse,48.9581476,2.3283996,FR,epinay-villetaneuse
L'Isle-Adam - Parmain,49.1147858,2.2100326,FR,l'isle-adam-parmain
Saint-Leu-d'Esserent,49.2140793,2.4177697,FR,saint-leu-d'esserent
Vayres,44.8971627,-0.3168578,FR,vayres
Magnette,46.4641214,2.602833,FR,magnette
Les Trillers,46.4147461,2.6001018,FR,les-trillers
Urçay,46.6295472,2.5866674,FR,urcay
Ludon-Médoc,44.9743982,-0.6118056,FR,ludon-medoc
Saint-Étienne Carnot,45.4469009,4.3853825,FR,saint-etienne-carnot
Pouilly-sur-Loire,47.2827852,2.9640693,FR,pouilly-sur-loire
Nogent-sur-Vernisson,47.8527775,2.7376005,FR,nogent-sur-vernisson
Vélines,44.8520145,0.1036584,FR,velines
Herblay-sur-Seine,48.9902943,2.161899,FR,herblay-sur-seine
Macau,45.0041853,-0.6200812,FR,macau
Mérignac Arlac,44.8267789,-0.6261731,FR,merignac-arlac
Bagneaux-sur-Loing,48.2303892,2.7034925,FR,bagneaux-sur-loing
Cramoisy,49.2566188,2.4048424,FR,cramoisy
Cires-lès-Mello,49.271703,2.3601736,FR,cires-les-mello
Balagny - Saint-Épin,49.2942243,2.3440459,FR,balagny-saint-epin
Lillers,50.5616212,2.4787797,FR,lillers
Salon du Capucin,45.5686156,2.8047852,FR,salon-du-capucin
Mont-Dore,45.5712522,2.8091913,FR,mont-dore
Berguette - Isbergues,50.6140074,2.4630207,FR,berguette-isbergues
Castillon-la-Bataille,44.8570225,-0.0406587,FR,castillon-la-bataille
Nanteuil-le-Haudouin,49.1428104,2.7943715,FR,nanteuil-le-haudouin
Belz - Ploemel,47.652466,-3.0721919,FR,belz-ploemel
Rosny-sur-Seine,48.9974027,1.6301463,FR,rosny-sur-seine
Raucoules - Brossette,45.1668815,4.292384,FR,raucoules-brossette
Puy-Guillaume,45.9576682,3.4738973,FR,puy-guillaume
Bruges,44.8869972,-0.6094758,FR,bruges
Joigny,47.9736157,3.392959,FR,joigny
Blonville-sur-Mer - Benerville,49.3314601,0.0355368,FR,blonville-sur-mer-benerville
Mézériat,46.2350103,5.0466193,FR,mezeriat
Chirac,44.5244688,3.2637499,FR,chirac
Montigny-sur-Loing,48.336466,2.738544,FR,montigny-sur-loing
Bélisaire,44.6566928,-1.2400756,FR,belisaire
Gien,47.6991595,2.6365032,FR,gien
Bois-d'Oingt-Légny,45.9065156,4.5755632,FR,bois-d'oingt-legny
Brélidy - Plouëc,48.6695517,-3.1965542,FR,brelidy-plouec
Trégonneau-Squiffiec,48.6245901,-3.1742819,FR,tregonneau-squiffiec
Paimpol,48.7769669,-3.0460582,FR,paimpol
Nanterre - Université,48.9010513,2.2133626,FR,nanterre-universite
La Ferté-Imbault,47.3835723,1.9580833,FR,la-ferte-imbault
Ternes,48.8783132,2.2990737,FR,ternes
Saint-Amand de Vendôme,47.6930846,1.0120828,FR,saint-amand-de-vendome
Estrées-Saint-Denis,49.4381989,2.642246,FR,estrees-saint-denis
Saint-Hilaire-de-Riez,46.716647,-1.9495624,FR,saint-hilaire-de-riez
Le Havre,49.4925773,0.1250681,FR,le-havre
Aigues-Mortes,43.5709165,4.1910259,FR,aigues-mortes
Place Thiers,49.4979721,0.1115879,FR,place-thiers
Pointe du Lac,48.7687461,2.4643793,FR,pointe-du-lac
Veauche-Saint-Galmier,45.5658975,4.2934004,FR,veauche-saint-galmier
Ambert,45.5492403,3.7349801,FR,ambert
Laboissière – Le Déluge,49.2885664,2.1361341,FR,laboissiere-le-deluge
Bourgtheroulde - Thuit-Hébert,49.3176304,0.8382268,FR,bourgtheroulde-thuit-hebert
Paris Montparnasse 3 - Vaugirard,48.8383847,2.3158319,FR,paris-montparnasse-3-vaugirard
Salles-Courbatiès,44.4751636,2.0788943,FR,salles-courbaties
La Ferté-Milon,49.179674,3.120881,FR,la-ferte-milon
Saint-Flour - Chaudes-Aigues,45.0350199,3.1062173,FR,saint-flour-chaudes-aigues
Artenay,48.0808761,1.8833705,FR,artenay
Le Bugue,44.9056892,0.942795,FR,le-bugue
Longpré-les-Corps-Saints,50.0116,2.002654,FR,longpre-les-corps-saints
Campagnac - Saint-Geniez,44.4219997,3.0663959,FR,campagnac-saint-geniez
Le Lioran,45.0906651,2.7533211,FR,le-lioran
Vic-sur-Cère,44.9759667,2.6315974,FR,vic-sur-cere
Boisset,44.7856855,2.2493874,FR,boisset
Toucy-Moulins,47.7010489,3.3088479,FR,toucy-moulins
Robinson,48.7800971,2.2812102,FR,robinson
Bourg-la-Reine,48.7802471,2.312232,FR,bourg-la-reine
Usson-en-Forez,45.3901992,3.9474293,FR,usson-en-forez
Écueillé,47.079997,1.3575749,FR,ecueille
Val d'Europe,48.8548969,2.7725636,FR,val-d'europe
Penne,44.3799331,0.8029791,FR,penne
Sabres,44.1492513,-0.7473134,FR,sabres
Martel,44.9334908,1.608449,FR,martel
Les Eyzies,44.9411916,1.0081942,FR,les-eyzies
Saint-Trojan,45.8378948,-1.2086128,FR,saint-trojan
Plouharnel - Carnac,47.6045616,-3.1180189,FR,plouharnel-carnac
Polliat,46.2446252,5.1238268,FR,polliat
Prémery,47.1709884,3.3325557,FR,premery
Naucelle,44.1854865,2.3632867,FR,naucelle
Rabastens-Coufouleux,43.8196484,1.7305226,FR,rabastens-coufouleux
Marssac-sur-Tarn,43.9151576,2.0268912,FR,marssac-sur-tarn
Clermont de l'Oise,49.3854939,2.4177472,FR,clermont-de-l'oise
Anvin,50.4469471,2.2549931,FR,anvin
Méru,49.2320541,2.1323991,FR,meru
Monsempron-Libos,44.4865311,0.9412874,FR,monsempron-libos
Avron,48.851501,2.3982195,FR,avron
Frépillon,49.0461831,2.197024,FR,frepillon
Montreuil-Bellay,47.1254181,-0.1482834,FR,montreuil-bellay
Aubigné-Racan,47.6869531,0.2658076,FR,aubigne-racan
Cordes-Vindrac,44.067189,1.900229,FR,cordes-vindrac
Lexos,44.1422453,1.8850826,FR,lexos
Plerguer,48.5314637,-1.8505895,FR,plerguer
Mouroux,48.8139949,3.0423421,FR,mouroux
Tuffé Ville,48.1135128,0.512821,FR,tuffe-ville
Train des Cevennes - Saint Jean du Gard,44.1018837,3.8830017,FR,train-des-cevennes-saint-jean-du-gard
Firminy,45.3917975,4.2863836,FR,firminy
Arcachon,44.6589663,-1.1655698,FR,arcachon
Le Rouget,44.8565077,2.2352803,FR,le-rouget
Lamothe-Montravel,44.8537384,0.0215683,FR,lamothe-montravel
Nogent-sur-Marne,48.8351671,2.4718177,FR,nogent-sur-marne
Chabris,47.2550746,1.6459907,FR,chabris
Brioude,45.3007046,3.3787407,FR,brioude
Marquèze,44.1672254,-0.7801558,FR,marqueze
Saint-Chamond,45.4723695,4.5170182,FR,saint-chamond
Pont-de-Veyle,46.2678972,4.8930249,FR,pont-de-veyle
Dompierre-Sept-Fons,46.5263166,3.6749309,FR,dompierre-sept-fons
Lancerf,48.761873,-3.1181396,FR,lancerf
Mer,47.7059746,1.5062556,FR,mer
Pauillac,45.203816,-0.7551762,FR,pauillac
Bouaye,47.1381112,-1.6810992,FR,bouaye
Moulins-sur-Allier,46.5615946,3.3393685,FR,moulins-sur-allier
Commentry,46.2951664,2.7399419,FR,commentry
La Charité-sur-Loire,47.1799594,3.0239241,FR,la-charite-sur-loire
Limoges-Montjovis,45.838411,1.2515123,FR,limoges-montjovis
Marcadet - Poissonniers,48.8914837,2.3497296,FR,marcadet-poissonniers
Évreux - Normandie,49.0184156,1.1497044,FR,evreux-normandie
Dunières,45.2114997,4.3499305,FR,dunieres
Coulommiers,48.8077066,3.0819816,FR,coulommiers
Saint-Ouen-l'Aumône,49.0452786,2.1059281,FR,saint-ouen-l'aumone
Bétaille,44.9424285,1.734429,FR,betaille
Saint-Germain-sur-Ille,48.2394802,-1.6541804,FR,saint-germain-sur-ille
Belleville-sur-Saône,46.1119468,4.729008,FR,belleville-sur-saone
Gisors,49.2851686,1.7846207,FR,gisors
Longueil-Annel,49.4671008,2.8631508,FR,longueil-annel
Thourotte,49.475441,2.8819826,FR,thourotte
Carnoët-Locarn,48.3404909,-3.4907884,FR,carnoet-locarn
Belvès,44.7773586,1.011891,FR,belves
Saint-Émilion,44.8811708,-0.159334,FR,saint-emilion
Choisy-le-Roi,48.7643737,2.4112139,FR,choisy-le-roi
Le Buisson,44.8470665,0.9080844,FR,le-buisson
Saint-Germain-du-Puy,47.0963826,2.4847012,FR,saint-germain-du-puy
Loudéac,48.1803249,-2.7631652,FR,loudeac
Bandol,43.140372,5.7501474,FR,bandol
Gardonne,44.8347538,0.3319427,FR,gardonne
Sèvres-Lecourbe,48.8456163,2.3095848,FR,sevres-lecourbe
Bassens Ville,44.9012933,-0.5223144,FR,bassens-ville
Saint-Sulpice - Izon,44.9142839,-0.3921324,FR,saint-sulpice-izon
Amiens,49.8905599,2.3081986,FR,amiens
Massiac - Blesle,45.2537642,3.1963372,FR,massiac-blesle
Caussade,44.1622668,1.5336541,FR,caussade
Aubie - Saint-Antoine,45.0152913,-0.4197605,FR,aubie-saint-antoine
Nogent-l'Artaud - Charly,48.9687351,3.3223268,FR,nogent-l'artaud-charly
Montpellier Saint-Roch,43.6042456,3.8803219,FR,montpellier-saint-roch
Mantes-la-Jolie,48.9893972,1.703099,FR,mantes-la-jolie
Vincennes,48.8473177,2.4334904,FR,vincennes
Craponne-sur-Arzon,45.3339741,3.8514061,FR,craponne-sur-arzon
Vauxaillon,49.4741627,3.4096253,FR,vauxaillon
Vermenton,47.6605871,3.7320158,FR,vermenton
Mailly-la-Ville,47.6041692,3.6751472,FR,mailly-la-ville
Flez Cuzy Tannay,47.3630583,3.6149926,FR,flez-cuzy-tannay
Ormoy-Villers,49.2001907,2.8374339,FR,ormoy-villers
Les Ardoines,48.7829984,2.4094509,FR,les-ardoines
Porte de Clignancourt,48.8973976,2.3448521,FR,porte-de-clignancourt
Boissy-Saint-Léger,48.7525204,2.5047564,FR,boissy-saint-leger
Le Vésinet Centre,48.8900879,2.1345954,FR,le-vesinet-centre
Dole,47.0962085,5.4880293,FR,dole
Guîtres,45.0381495,-0.195198,FR,guitres
Paris-Bercy - Bourgogne-Pays d'Auvergne,48.8391964,2.382849,FR,paris-bercy-bourgogne-pays-d'auvergne
Ytrac,44.9106782,2.3644654,FR,ytrac
Maurs,44.7060004,2.1997854,FR,maurs
Galuzot,46.6421069,4.3300578,FR,galuzot
Joinville-le-Pont,48.8210037,2.463862,FR,joinville-le-pont
Chelles Gournay,48.8742022,2.5827737,FR,chelles-gournay
Villeneuve-sur-Yonne,48.0851042,3.2866333,FR,villeneuve-sur-yonne
La Villette - Saint-Prest,48.4827059,1.5230874,FR,la-villette-saint-prest
Pougues-les-Eaux,47.0767912,3.094009,FR,pougues-les-eaux
Chapeauroux,44.8379819,3.7419145,FR,chapeauroux
Ermont - Eaubonne,48.980694,2.2714017,FR,ermont-eaubonne
Saint-Germain-des-Fossés,46.2090521,3.4304262,FR,saint-germain-des-fosses
Le Theil - La Rouge,48.2672955,0.6943943,FR,le-theil-la-rouge
Argy,46.9388318,1.4411791,FR,argy
Heugnes,47.0147232,1.414035,FR,heugnes
Pellevoisin,46.9819771,1.420627,FR,pellevoisin
Romorantin-Lanthenay,47.3554036,1.7388706,FR,romorantin-lanthenay
Europe,48.8787706,2.3222823,FR,europe
Volvic,45.864715,3.0031455,FR,volvic
Botzaris,48.879514,2.3885871,FR,botzaris
Jaurès,48.8825949,2.3703263,FR,jaures
Montierchaume,46.8500886,1.7939094,FR,montierchaume
Villers-sur-Mer,49.3160921,0.0100223,FR,villers-sur-mer
Thouars,46.985099,-0.209896,FR,thouars
La Suze,47.89222,0.0265841,FR,la-suze
Saint-Étienne Châteaucreux,45.4436149,4.3996073,FR,saint-etienne-chateaucreux
Bretteville-Norrey,49.2034044,-0.5127472,FR,bretteville-norrey
Porte de Vanves,48.827676,2.3054796,FR,porte-de-vanves
Saint-Césaire,43.8133863,4.3276399,FR,saint-cesaire
Villeherviers,47.3694005,1.7972555,FR,villeherviers
Montataire,49.2511153,2.436113,FR,montataire
Nuits sous Ravières,47.729326,4.2116895,FR,nuits-sous-ravieres
Pont-Sainte-Maxence,49.3097934,2.6028585,FR,pont-sainte-maxence
Cassel,50.7876221,2.4598931,FR,cassel
Arnèke,50.8315071,2.4082869,FR,arneke
Esquelbecq,50.8898108,2.4121415,FR,esquelbecq
Coudekerque-Branche,51.0175188,2.3751331,FR,coudekerque-branche
Gravelines,50.9787459,2.1233976,FR,gravelines
Les Laumes Alésia,47.5432729,4.4626185,FR,les-laumes-alesia
Tincques,50.3570245,2.4981377,FR,tincques
Place des Fêtes,48.8768713,2.3932057,FR,place-des-fetes
Anizy - Pinon,49.4960774,3.448704,FR,anizy-pinon
Souppes - Château-Landon,48.1817602,2.7349626,FR,souppes-chateau-landon
Rouen Rive-Droite,49.4492443,1.0942235,FR,rouen-rive-droite
Royaume des enfants,48.6934881,2.403453,FR,royaume-des-enfants
La Seyne Six Fours,43.1169934,5.8767567,FR,la-seyne-six-fours
Bléré - La Croix,47.3377237,0.9877784,FR,blere-la-croix
Anse Pont,45.9358247,4.7225526,FR,anse-pont
Anse Plage,45.9508798,4.7273067,FR,anse-plage
Saint-Amand-Montrond - Orval,46.7265149,2.4857005,FR,saint-amand-montrond-orval
Villefranche-sur-Cher,47.2948034,1.768094,FR,villefranche-sur-cher
Tournon - Saint-Jean,45.0678965,4.7877485,FR,tournon-saint-jean
Salbris,47.4251814,2.0475728,FR,salbris
Moissac,44.1024178,1.0773525,FR,moissac
Mairie de Montrouge,48.8179643,2.3192501,FR,mairie-de-montrouge
Train des Cevennes - Anduze,44.0506153,3.9840289,FR,train-des-cevennes-anduze
Fréteval,47.8919261,1.2118185,FR,freteval
Brest,48.3876941,-4.4800927,FR,brest
Mortagne-sur-Sèvre,46.9945847,-0.9444232,FR,mortagne-sur-sevre
Les Herbiers,46.8635715,-1.0097622,FR,les-herbiers
Saint-Laurent-sur-Sèvre,46.9521744,-0.90879,FR,saint-laurent-sur-sevre
Le Chambon-Feugerolles,45.3947579,4.3223807,FR,le-chambon-feugerolles
Beauvais,49.4261995,2.0886775,FR,beauvais
Crouy,49.4036744,3.3570311,FR,crouy
Margival,49.4393801,3.4027907,FR,margival
Bornel - Belle-Église,49.1946859,2.2070988,FR,bornel-belle-eglise
Namps - Quevauvillers,49.8081469,2.1054116,FR,namps-quevauvillers
Porte de Montreuil,48.8535352,2.4106565,FR,porte-de-montreuil
Portets,44.6928657,-0.4253867,FR,portets
Laroche - Migennes,47.9610304,3.5130434,FR,laroche-migennes
Lisière Pereire,48.9030945,2.0729794,FR,lisiere-pereire
Bas-Monistrol,45.2976156,4.1394908,FR,bas-monistrol
Achères - Ville,48.9701965,2.077719,FR,acheres-ville
Cergy-le-Haut,49.0485662,2.0120435,FR,cergy-le-haut
Cergy Préfecture,49.0365516,2.0794144,FR,cergy-prefecture
Cergy - Saint-Christophe,49.0496017,2.0346919,FR,cergy-saint-christophe
Neuville Université,49.0142697,2.0782873,FR,neuville-universite
Saint-André-de-Corcy,45.9259308,4.9487937,FR,saint-andre-de-corcy
Réaumont-Saint-Cassien,45.3688204,5.53472,FR,reaumont-saint-cassien
Moulis-Listrac,45.0840273,-0.7447365,FR,moulis-listrac
L'Aigle,48.7663038,0.6200727,FR,l'aigle
Nonant-le-Pin,48.7037802,0.2194656,FR,nonant-le-pin
Surdon,48.6653453,0.1333975,FR,surdon
Panoramique des Dômes - Station Haute,45.7708988,2.9626356,FR,panoramique-des-domes-station-haute
Avenue du Président Kennedy - Maison de Radio-France,48.8532278,2.2801681,FR,avenue-du-president-kennedy-maison-de-radio-france
Pontoise,49.0467275,2.0951961,FR,pontoise
Sannois,48.9701924,2.2639812,FR,sannois
Étampes,48.4369538,2.1594995,FR,etampes
Issy Val de Seine,48.829667,2.2633387,FR,issy-val-de-seine
Marigny (Deux-Sèvres),46.1990832,-0.428404,FR,marigny-deux-sevres
Musée d'Orsay,48.8605888,2.3259096,FR,musee-d'orsay
Saint-Marcel-en-Dombes,45.950096,4.9773378,FR,saint-marcel-en-dombes
Les Échets,45.8746675,4.9108215,FR,les-echets
Marlieux Châtillon,46.0638765,5.0731097,FR,marlieux-chatillon
Saint-Paul-de-Varax,46.1000331,5.1282046,FR,saint-paul-de-varax
Servas-Lent,46.1307407,5.1679548,FR,servas-lent
Villars-les-Dombes,46.0042296,5.028384,FR,villars-les-dombes
Mâcon-Loché-TGV,46.2829122,4.7788492,FR,macon-loche-tgv
Compiègne,49.4220307,2.8235128,FR,compiegne
Villers-Saint-Paul,49.2826033,2.4899429,FR,villers-saint-paul
Château-Renault,47.5877961,0.9015238,FR,chateau-renault
Laillé,47.9717711,-1.749601,FR,laille
Saint-Just-en-Chaussée,49.503662,2.429229,FR,saint-just-en-chaussee
Chamelet,45.9816339,4.506952,FR,chamelet
Ciry-le-Noble,46.6041145,4.2997314,FR,ciry-le-noble
Montceau-les-Mines,46.6706636,4.3610264,FR,montceau-les-mines
Paray-le-Monial,46.4472653,4.1137377,FR,paray-le-monial
Luçay-le-Mâle,47.1330004,1.4358238,FR,lucay-le-male
Beaune,47.0229402,4.8485402,FR,beaune
Cercy-la-Tour,46.8578816,3.6452029,FR,cercy-la-tour
Decize,46.8374954,3.4672857,FR,decize
Luzy,46.7940793,3.9693245,FR,luzy
Digoin,46.4851604,3.9876537,FR,digoin
La Clayette - Baudemont,46.2881469,4.2984195,FR,la-clayette-baudemont
Chauffailles,46.2074552,4.3454278,FR,chauffailles
Lamure-sur-Azergues,46.0610764,4.4921161,FR,lamure-sur-azergues
Génelard,46.5812177,4.2379965,FR,genelard
Corbigny,47.254807,3.6773226,FR,corbigny
Chagny,46.9074507,4.7495611,FR,chagny
Chalon-sur-Saône,46.7815848,4.8434328,FR,chalon-sur-saone
Mareuil-sur-Ourcq,49.1355418,3.075653,FR,mareuil-sur-ourcq
Le Creusot-Ville,46.8078372,4.4304463,FR,le-creusot-ville
Autun,46.9549721,4.2928102,FR,autun
Le Creusot TGV (Montceau - Montchanin),46.7653149,4.4995015,FR,le-creusot-tgv-montceau-montchanin
Cravant - Bazarnes,47.6785079,3.6811741,FR,cravant-bazarnes
Clamecy,47.4666984,3.5207672,FR,clamecy
Le Perray,48.6932479,1.8565472,FR,le-perray
Nuits-Saint-Georges,47.1306192,4.9561867,FR,nuits-saint-georges
Le Bruel,44.4813175,3.3583801,FR,le-bruel
Feurs,45.7440644,4.2306094,FR,feurs
Montrond-les-Bains,45.64437,4.2489779,FR,montrond-les-bains
Roanne,46.0392963,4.0629741,FR,roanne
Thiers,45.8610502,3.5431798,FR,thiers
Bonson,45.5221941,4.2163084,FR,bonson
Versailles Château Rive Gauche,48.8003009,2.1290402,FR,versailles-chateau-rive-gauche
Javel,48.8465072,2.2771727,FR,javel
Nurieux,46.1842195,5.5327486,FR,nurieux
Oyonnax,46.2596066,5.6532807,FR,oyonnax
Mouchard,46.976863,5.7997768,FR,mouchard
Saint-Savinien,45.8759345,-0.6778141,FR,saint-savinien
Rai-Aube,48.7436864,0.5531475,FR,rai-aube
Sainte-Gauburge,48.7172703,0.4290792,FR,sainte-gauburge
Auxonne,47.1926795,5.3772576,FR,auxonne
Genlis,47.244293,5.223968,FR,genlis
Is-sur-Tille,47.5203015,5.129704,FR,is-sur-tille
Bougival,48.8541882,2.1321144,FR,bougival
La Celle-Saint-Cloud,48.842692,2.1381607,FR,la-celle-saint-cloud
Le Val d'Or,48.8563887,2.2165707,FR,le-val-d'or
Louveciennes,48.861215,2.1230807,FR,louveciennes
Marly-le-Roi,48.8714738,2.0966837,FR,marly-le-roi
Puteaux,48.8834194,2.2337199,FR,puteaux
Saint-Nom-la-Bretèche - Forêt de Marly,48.867811,2.0509445,FR,saint-nom-la-breteche-foret-de-marly
Suresnes Mont-Valérien,48.8717256,2.2210307,FR,suresnes-mont-valerien
Le Theil-de-Bretagne,47.9187276,-1.4319871,FR,le-theil-de-bretagne
Troyes,48.296014,4.0652114,FR,troyes
Paris Gare de l'Est,48.8770979,2.3594905,FR,paris-gare-de-l'est
Saint-Denis - L'Île-Saint-Denis,48.9350549,2.3453785,FR,saint-denis-l'ile-saint-denis
Presles - Courcelles,49.1135126,2.2878349,FR,presles-courcelles
Bouffémont - Moisselles,49.0451839,2.3229123,FR,bouffemont-moisselles
Domont,49.0327734,2.3377457,FR,domont
Montsoult - Maffliers,49.0660153,2.3225994,FR,montsoult-maffliers
Deuil - Montmagny,48.97593,2.3382926,FR,deuil-montmagny
Groslay,48.9843631,2.3534922,FR,groslay
Sarcelles - Saint-Brice,48.9961525,2.3687261,FR,sarcelles-saint-brice
Écouen - Ézanville,49.0229548,2.3626417,FR,ecouen-ezanville
Langres,47.8769645,5.3444225,FR,langres
Saint-Dizier,48.6426562,4.9479511,FR,saint-dizier
Vitry-le-François,48.7179105,4.5876081,FR,vitry-le-francois
Châlons-en-Champagne,48.9551958,4.3487491,FR,chalons-en-champagne
Mourmelon-le-Petit,49.1313076,4.3180982,FR,mourmelon-le-petit
Reims,49.258985,4.0243838,FR,reims
Culmont - Chalindrey,47.8100902,5.4432217,FR,culmont-chalindrey
Ambronay-Priay,46.0115941,5.3382579,FR,ambronay-priay
Bourg-en-Bresse,46.2000925,5.2149881,FR,bourg-en-bresse
Mionnay,45.8966784,4.919752,FR,mionnay
Pont-d'Ain,46.0539335,5.3341828,FR,pont-d'ain
Callac,48.4061919,-3.419732,FR,callac
Anse,45.9393585,4.7198564,FR,anse
Mâcon-Ville,46.3027953,4.8250128,FR,macon-ville
Gare de Villefranche-sur-Saône,45.984526,4.7211003,FR,gare-de-villefranche-sur-saone
Plounérin,48.5816732,-3.5680551,FR,plounerin
Brassac-les-Mines - Sainte-Florine,45.4140748,3.330164,FR,brassac-les-mines-sainte-florine
Pont-de-Buis,48.2544069,-4.0861187,FR,pont-de-buis
Bessancourt,49.0357484,2.2098277,FR,bessancourt
Nanterre-Ville,48.8954546,2.1963555,FR,nanterre-ville
Moirans-Galifette,45.3239303,5.563758,FR,moirans-galifette
Cité Universitaire,48.8205877,2.3390071,FR,cite-universitaire
Murat,45.1090177,2.869688,FR,murat
Sury-le-Comtal,45.5291194,4.1824904,FR,sury-le-comtal
Mareil-Marly,48.8813662,2.0792855,FR,mareil-marly
Noisy-le-Roi,48.8411008,2.0620406,FR,noisy-le-roi
Fourqueux - Bel Air,48.8947457,2.0699865,FR,fourqueux-bel-air
Luçon,46.4638221,-1.1674692,FR,lucon
Châtelaillon-Plage,46.0783586,-1.0909398,FR,chatelaillon-plage
Pont-Melvez,48.4702228,-3.3114444,FR,pont-melvez
Coat-Guegan,48.4803156,-3.2738023,FR,coat-guegan
Plougonver,48.4584133,-3.3704584,FR,plougonver
Bonnétable,48.1731014,0.4203923,FR,bonnetable
Champbenoist - Poigny,48.5454403,3.2870716,FR,champbenoist-poigny
Sainte-Colombe Septveilles,48.5293947,3.2557102,FR,sainte-colombe-septveilles
Saint-Maixent-l'École,46.4064362,-0.2011195,FR,saint-maixent-l'ecole
Les Églisottes,45.0942427,-0.0437932,FR,les-eglisottes
Anché-Voulon,46.3495965,0.2501976,FR,anche-voulon
Epanvilliers,46.2272296,0.2359299,FR,epanvilliers
Prissé-la-Charrière,46.15277,-0.4936249,FR,prisse-la-charriere
Saint-Aigulin-la-Roche-Chalais,45.1572634,-0.0191044,FR,saint-aigulin-la-roche-chalais
Villeneuve-la-Comtesse,46.0986601,-0.5130724,FR,villeneuve-la-comtesse
Labouheyre,44.2106051,-0.9209499,FR,labouheyre
Morcenx,44.033542,-0.9085124,FR,morcenx
Assier,44.6746197,1.8697681,FR,assier
Châtillon d'Azergues,45.8752033,4.6451524,FR,chatillon-d'azergues
Chessy,45.8854699,4.622457,FR,chessy
Serge Gainsbourg,48.8813599,2.4274377,FR,serge-gainsbourg
Romainville - Carnot,48.8831643,2.4405572,FR,romainville-carnot
Saint-Malo,48.6466038,-2.0039808,FR,saint-malo
Plage de l'Horizon,44.6549687,-1.2572503,FR,plage-de-l'horizon
Guillerval,48.3745373,2.0599606,FR,guillerval
Dordives,48.1472633,2.7627245,FR,dordives
Aimé Césaire,48.9082256,2.3778513,FR,aime-cesaire
Mairie d'Aubervilliers,48.9142765,2.3809116,FR,mairie-d'aubervilliers
Albi Madeleine,43.9381958,2.1411513,FR,albi-madeleine
Lumbres,50.7008289,2.119936,FR,lumbres
Arques,50.7280987,2.3019959,FR,arques
Beaucroissant,45.3437803,5.4748781,FR,beaucroissant
Albertville,45.6731918,6.3832429,FR,albertville
Grésy-sur-Isère,45.5944384,6.2588887,FR,gresy-sur-isere
Châtelet - Les Halles,48.8616374,2.3470441,FR,chatelet-les-halles
Sérifontaine,49.3567004,1.7644315,FR,serifontaine
Chamalières-sur-Loire,45.2054768,3.9917584,FR,chamalieres-sur-loire
Pont de Lignon,45.2598207,4.1372773,FR,pont-de-lignon
Bagneux,48.7932621,2.3211078,FR,bagneux
Boissise-le-Roi,48.5293818,2.5729279,FR,boissise-le-roi
Chasseneuil-sur-Bonnieure,45.8244091,0.4535528,FR,chasseneuil-sur-bonnieure
Issoire,45.5440318,3.2539966,FR,issoire
Champ de Mars - Tour Eiffel,48.8567083,2.2897559,FR,champ-de-mars-tour-eiffel
Pont de l'Alma,48.8625482,2.2999919,FR,pont-de-l'alma
Anvers,48.8828803,2.3442565,FR,anvers
Funiculaire Montmartre - Station inférieure,48.8846923,2.3426644,FR,funiculaire-montmartre-station-inferieure
Funiculaire Montmartre - Station supérieure,48.8856581,2.3425549,FR,funiculaire-montmartre-station-superieure
La Chapelle,48.8844068,2.3603057,FR,la-chapelle
Paris Austerlitz,48.841244,2.3664552,FR,paris-austerlitz
Quai de la Rapée,48.8464813,2.3659024,FR,quai-de-la-rapee
Bagnac,44.6651733,2.1601536,FR,bagnac
Sentier,48.8677209,2.3457562,FR,sentier
Chamarande,48.5143361,2.2156384,FR,chamarande
Lamonzie-Saint-Martin,44.843428,0.3802951,FR,lamonzie-saint-martin
Saint-Antoine-de-Breuilh,44.8466877,0.15196,FR,saint-antoine-de-breuilh
Le Verdon,45.5494445,-1.0652833,FR,le-verdon
Lieusaint - Moissy,48.6283373,2.5695685,FR,lieusaint-moissy
Le Chambon-sur-Lignon,45.0612959,4.3037107,FR,le-chambon-sur-lignon
Arlanc,45.4121933,3.7282939,FR,arlanc
Pont d'Ouche,47.162087,4.6965226,FR,pont-d'ouche
Bligny-sur-Ouche,47.1090365,4.660319,FR,bligny-sur-ouche
Massangis,47.6191554,3.9734893,FR,massangis
Villiers - Saint-Benoît,47.7786881,3.203588,FR,villiers-saint-benoit
Dives - Cabourg,49.2865082,-0.1075936,FR,dives-cabourg
Saint-Pierre-sur-Dives,49.0231374,-0.0406226,FR,saint-pierre-sur-dives
Alençon,48.4339833,0.0986339,FR,alencon
Breteil,48.1405713,-1.8972095,FR,breteil
Cercottes,47.9861553,1.8849813,FR,cercottes
Mennetou-sur-Cher,47.2689623,1.8766262,FR,mennetou-sur-cher
Bar-sur-Aube,48.2386176,4.7068605,FR,bar-sur-aube
Nogent-sur-Seine,48.4979143,3.4939711,FR,nogent-sur-seine
Vendeuvre-sur-Barse,48.24009,4.4672122,FR,vendeuvre-sur-barse
Donjeux,48.3656538,5.1483116,FR,donjeux
Vignory,48.2701366,5.1241594,FR,vignory
Pont-de-l'Arche,49.3170876,1.1596541,FR,pont-de-l'arche
Nonancourt,48.7757257,1.1929162,FR,nonancourt
Limoges-Bénédictins,45.8361376,1.2674354,FR,limoges-benedictins
Saint-Yrieix la Perche,45.5193012,1.2055811,FR,saint-yrieix-la-perche
Ablon,48.7254534,2.4194543,FR,ablon
Athis-Mons,48.712617,2.4036055,FR,athis-mons
Juvisy-sur-Orge,48.6902026,2.3838186,FR,juvisy-sur-orge
Savigny-sur-Orge,48.67609,2.352065,FR,savigny-sur-orge
Yerres,48.7065517,2.4834728,FR,yerres
Bouray,48.5331579,2.2903813,FR,bouray
Brétigny-sur-Orge,48.6068145,2.3019977,FR,bretigny-sur-orge
La Norville - Saint-Germain-lès-Arpajon,48.5916376,2.2672615,FR,la-norville-saint-germain-les-arpajon
Lardy,48.520741,2.2555159,FR,lardy
Marolles-en-Hurepoix,48.565125,2.2909649,FR,marolles-en-hurepoix
Saint-Martin d'Étampes,48.4274675,2.1452675,FR,saint-martin-d'etampes
Saint-Michel-sur-Orge,48.6357473,2.3067915,FR,saint-michel-sur-orge
Sainte-Geneviève-des-Bois,48.653119,2.3132967,FR,sainte-genevieve-des-bois
Étréchy,48.4936601,2.1945814,FR,etrechy
Arpajon,48.5860031,2.2411493,FR,arpajon
Breuillet - Bruyères-le-Châtel,48.577426,2.1918832,FR,breuillet-bruyeres-le-chatel
Breuillet - Village,48.5647454,2.1713115,FR,breuillet-village
Saint-Chéron,48.5511055,2.125734,FR,saint-cheron
Égly,48.5825365,2.2226777,FR,egly
Saint-Omer,50.7538813,2.2670111,FR,saint-omer
Moret-sur-Loing - Veneux-les-Sablons,48.3784011,2.7992908,FR,moret-sur-loing-veneux-les-sablons
Cholet,47.0657704,-0.8698085,FR,cholet
Saumur,47.2689964,-0.0714801,FR,saumur
Nantes,47.2170954,-1.541423,FR,nantes
Château-du-Loir,47.6832265,0.4149898,FR,chateau-du-loir
Angers Saint-Laud,47.4643613,-0.5562093,FR,angers-saint-laud
La Chapelle-sur-Erdre Centre,47.2975947,-1.548039,FR,la-chapelle-sur-erdre-centre
Cordemais,47.3022703,-1.8465497,FR,cordemais
Montoir-de-Bretagne,47.3209456,-2.1616062,FR,montoir-de-bretagne
Saint-Nazaire,47.2866383,-2.2111634,FR,saint-nazaire
Soissons,49.3691485,3.3381735,FR,soissons
Creil,49.2639604,2.4686818,FR,creil
Crépy-en-Valois,49.2310918,2.8865502,FR,crepy-en-valois
Toulon,43.128642,5.9295212,FR,toulon
Bièvres,48.7511924,2.2154872,FR,bievres
Chemin d'Antony,48.7479468,2.3127322,FR,chemin-d'antony
Chilly-Mazarin,48.700677,2.3078765,FR,chilly-mazarin
Longjumeau,48.7022797,2.2944264,FR,longjumeau
Meudon Val Fleury,48.8079004,2.2412058,FR,meudon-val-fleury
Gravigny Balizy,48.6858378,2.31749,FR,gravigny-balizy
Igny,48.740041,2.2309877,FR,igny
Issy,48.8198807,2.2592369,FR,issy
Massy-Verrières,48.7347833,2.2734857,FR,massy-verrieres
Petit Vaux,48.6768463,2.3320637,FR,petit-vaux
Monnerville,48.3483997,2.0322379,FR,monnerville
Vaires - Torcy,48.8752295,2.6386689,FR,vaires-torcy
Avenue Foch,48.8705615,2.2752552,FR,avenue-foch
Avenue Henri Martin,48.8645533,2.2721528,FR,avenue-henri-martin
Gare d'Austerlitz,48.8424013,2.3649897,FR,gare-d'austerlitz
Pereire - Levallois,48.8855014,2.2981866,FR,pereire-levallois
Crouy-sur-Ourcq,49.0916882,3.0628712,FR,crouy-sur-ourcq
Créteil Pompadour,48.771492,2.4352991,FR,creteil-pompadour
Épinay-sur-Seine,48.9542296,2.3023104,FR,epinay-sur-seine
La Ferté-sous-Jouarre,48.9509096,3.1254389,FR,la-ferte-sous-jouarre
Chaville-Vélizy,48.7995676,2.1840722,FR,chaville-velizy
Jouy-en-Josas,48.7647766,2.1635389,FR,jouy-en-josas
Versailles-Chantiers,48.7954702,2.1355157,FR,versailles-chantiers
Goussainville,49.023848,2.4632384,FR,goussainville
Saint-Ouen-l'Aumône Liesse,49.0339718,2.1283107,FR,saint-ouen-l'aumone-liesse
Vauboyen,48.7591621,2.1922024,FR,vauboyen
Louvres,49.0495594,2.502078,FR,louvres
Montigny - Beauchamp,49.0074443,2.1975369,FR,montigny-beauchamp
Petit Jouy - Les Loges,48.7718405,2.1470409,FR,petit-jouy-les-loges
Pierrelaye,49.0194293,2.1535658,FR,pierrelaye
Porchefontaine,48.7966743,2.1531096,FR,porchefontaine
Versailles Rive Droite,48.8095808,2.1357131,FR,versailles-rive-droite
Nanteuil - Saâcy,48.973952,3.2200608,FR,nanteuil-saacy
La Croix de Berny,48.7623149,2.3046205,FR,la-croix-de-berny
Parc de Sceaux,48.7705015,2.3101875,FR,parc-de-sceaux
Longueville,48.5136233,3.2502917,FR,longueville
Verneuil-l'Étang,48.6445543,2.8247838,FR,verneuil-l'etang
Antony,48.7549273,2.3009651,FR,antony
Massy-TGV,48.7258423,2.2613435,FR,massy-tgv
Bussy-Saint-Georges,48.8366447,2.7098422,FR,bussy-saint-georges
Mortcerf,48.789231,2.907487,FR,mortcerf
Saint-Rémy-lès-Chevreuse,48.7027301,2.0709126,FR,saint-remy-les-chevreuse
Aéroport Charles de Gaulle 2 TGV (RER),49.0039654,2.5706742,FR,aeroport-charles-de-gaulle-2-tgv-rer
Saint-Quentin-en-Yvelines,48.7874524,2.0445253,FR,saint-quentin-en-yvelines
Sèvres-Rive-Gauche,48.8212245,2.2149014,FR,sevres-rive-gauche
Ivry-sur-Seine,48.814468,2.391244,FR,ivry-sur-seine
Vitry-sur-Seine,48.8006139,2.4024811,FR,vitry-sur-seine
Maisons-Alfort - Alfortville,48.8023251,2.4264491,FR,maisons-alfort-alfortville
Les Saules,48.7454793,2.4175668,FR,les-saules
Orly Ville,48.7418089,2.402955,FR,orly-ville
Villeneuve-le-Roi,48.7398541,2.4263833,FR,villeneuve-le-roi
Pont de Rungis Aéroport d'Orly,48.7481834,2.3728756,FR,pont-de-rungis-aeroport-d'orly
Rungis - La Fraternelle,48.7404828,2.3529205,FR,rungis-la-fraternelle
Neuilly-Plaisance,48.8533755,2.5138862,FR,neuilly-plaisance
Crécy-la-Chapelle,48.8594852,2.9059075,FR,crecy-la-chapelle
Montry - Condé,48.8908268,2.8262345,FR,montry-conde
Lizy-sur-Ourcq,49.0217787,3.0318012,FR,lizy-sur-ourcq
Évry Val de Seine,48.6345309,2.4522049,FR,evry-val-de-seine
Ris-Orangis,48.6592971,2.4143675,FR,ris-orangis
Belloy - Saint-Martin,49.0981221,2.3611091,FR,belloy-saint-martin
Rambouillet,48.6437498,1.8321042,FR,rambouillet
Les-Essarts-le-Roi,48.7218401,1.8900504,FR,les-essarts-le-roi
Coignières,48.7435947,1.9211931,FR,coignieres
Paris-Saint-Lazare,48.87653,2.3252374,FR,paris-saint-lazare
Saint-Lazare,48.8754153,2.3253531,FR,saint-lazare
Vulaines-sur-Seine - Samoreau,48.4306653,2.7530646,FR,vulaines-sur-seine-samoreau
Vosves,48.5151626,2.5991469,FR,vosves
Viry-Châtillon,48.6762224,2.3866238,FR,viry-chatillon
Viroflay Rive Droite,48.8054869,2.1683148,FR,viroflay-rive-droite
Villiers-sur-Marne - Le Plessis-Trévise,48.823232,2.5425352,FR,villiers-sur-marne-le-plessis-trevise
Villiers-le-Bel - Gonesse - Arnouville,48.9939797,2.4163511,FR,villiers-le-bel-gonesse-arnouville
Villepinte - Parc du Sausset,48.9628926,2.5125353,FR,villepinte-parc-du-sausset
Villeparisis - Mitry le Neuf,48.9530204,2.6025652,FR,villeparisis-mitry-le-neuf
Villennes-sur-Seine,48.9395173,1.9996097,FR,villennes-sur-seine
Villeneuve Triage,48.745169,2.4383672,FR,villeneuve-triage
Villeneuve-Saint-Georges,48.7301461,2.4462178,FR,villeneuve-saint-georges
Boigneville,48.342078,2.3789793,FR,boigneville
Viarmes,49.1168467,2.3684989,FR,viarmes
Vert Galant,48.9443725,2.5669327,FR,vert-galant
Vernouillet Verneuil,48.9813574,1.9831221,FR,vernouillet-verneuil
Vernou-sur-Seine,48.3864253,2.8425474,FR,vernou-sur-seine
Vaux-sur-Seine,49.0071004,1.9635773,FR,vaux-sur-seine
Vaucelles,49.0218324,2.2292684,FR,vaucelles
Thun-le-Paradis,49.0066994,1.9192445,FR,thun-le-paradis
Thomery,48.3943084,2.7639925,FR,thomery
Valmondois,49.0917171,2.2021498,FR,valmondois
Val d'Argenteuil,48.9504607,2.2318269,FR,val-d'argenteuil
Us,49.0995637,1.9705605,FR,us
Trilport,48.9602168,2.9494111,FR,trilport
Sevran - Beaudottes,48.9475609,2.5247252,FR,sevran-beaudottes
Saint-Michel Notre-Dame,48.8533538,2.345784,FR,saint-michel-notre-dame
Rosny-sous-Bois,48.8706577,2.4859002,FR,rosny-sous-bois
Roissy-en-Brie,48.7956612,2.6503708,FR,roissy-en-brie
Précy-sur-Oise,49.2033724,2.376518,FR,precy-sur-oise
Pont du Garigliano,48.8393018,2.2706619,FR,pont-du-garigliano
Plaisir - Les Clayes,48.8309585,1.9600411,FR,plaisir-les-clayes
Pierrefitte - Stains,48.9618971,2.3691713,FR,pierrefitte-stains
Champagne-sur-Oise,49.1357242,2.241885,FR,champagne-sur-oise
Persan - Beaumont,49.1478544,2.2782258,FR,persan-beaumont
Parc des Expositions,48.9734231,2.5143675,FR,parc-des-expositions
Osny,49.0630108,2.0577556,FR,osny
Orgerus - Béhoust,48.8266611,1.7027791,FR,orgerus-behoust
Orangis - Bois de l'Épine,48.6363498,2.4077266,FR,orangis-bois-de-l'epine
Noisy-le-Sec,48.8965358,2.4597443,FR,noisy-le-sec
Nézel - Aulnay,48.9388132,1.8404817,FR,nezel-aulnay
Neuilly - Porte Maillot,48.8787074,2.2856632,FR,neuilly-porte-maillot
Montgeroult - Courcelles,49.0805828,2.0034959,FR,montgeroult-courcelles
Montfort l'Amaury-Méré,48.8027495,1.815426,FR,montfort-l'amaury-mere
Mitry Claye,48.9758874,2.642312,FR,mitry-claye
Meulan - Hardricourt,49.0057717,1.9018661,FR,meulan-hardricourt
La Défense - Grande Arche,48.8922478,2.2369184,FR,la-defense-grande-arche
Grand Bourg,48.6480745,2.4359578,FR,grand-bourg
Joinville,48.4443197,5.1433223,FR,joinville
Sens,48.1978959,3.2675246,FR,sens
Victor Hugo,48.8699395,2.2860712,FR,victor-hugo
Concorde,48.8662052,2.3223767,FR,concorde
Avignon-Centre,43.941688,4.8052782,FR,avignon-centre
Prunay,49.1987321,4.1839611,FR,prunay
Rosa Parks,48.8964867,2.3740572,FR,rosa-parks
L'Herbergement - Les Brouzils,46.906975,-1.3713469,FR,l'herbergement-les-brouzils
Port-Boulet,47.2487758,0.1555854,FR,port-boulet
Alès,44.1278635,4.0849332,FR,ales
Arvant,45.3654288,3.3104267,FR,arvant
Grand-Combe-la-Pise,44.209953,4.0329499,FR,grand-combe-la-pise
Génolhac,44.3471455,3.9516355,FR,genolhac
Langogne,44.7327191,3.8572259,FR,langogne
Saint-Georges d'Aurac,45.1605973,3.494806,FR,saint-georges-d'aurac
Villefort,44.4395202,3.92402,FR,villefort
Montrichard,47.3436603,1.171815,FR,montrichard
Saint-Aignan - Noyers,47.2868127,1.3836774,FR,saint-aignan-noyers
Thésée,47.3223688,1.312118,FR,thesee
Gévaudan,43.9593063,6.4325451,FR,gevaudan
Azay-le-Rideau,47.2663494,0.4475064,FR,azay-le-rideau
Saint-Julien-des-Points,44.2530961,3.970876,FR,saint-julien-des-points
Montluel,45.8477216,5.0579101,FR,montluel
Sainte-Maure-Noyant,47.1111519,0.5771269,FR,sainte-maure-noyant
Esbly,48.9031772,2.8106558,FR,esbly
Champagne-Ardenne TGV,49.2142664,3.9943417,FR,champagne-ardenne-tgv
Meuse TGV,48.9787155,5.2709098,FR,meuse-tgv
Malansac,47.6757223,-2.2955265,FR,malansac
Neuillé-Pont-Pierre,47.5579306,0.5648008,FR,neuille-pont-pierre
Saint-Antoine-du-Rocher,47.5036826,0.6165915,FR,saint-antoine-du-rocher
Trocadéro,48.863045,2.2871938,FR,trocadero
Pigalle,48.8822982,2.3380899,FR,pigalle
Château Rouge,48.8872884,2.3495532,FR,chateau-rouge
Jussieu,48.8459626,2.354801,FR,jussieu
Brionne,49.196434,0.7117111,FR,brionne
Villeneuve-lès-Maguelone,43.5437372,3.8498862,FR,villeneuve-les-maguelone
Vic - Mireval,43.5007099,3.7993824,FR,vic-mireval
Mareil-sur-Mauldre,48.8936808,1.8715172,FR,mareil-sur-mauldre
VéloRail de Chauvigny,46.5704905,0.6355259,FR,velorail-de-chauvigny
Quiberon,47.4854404,-3.1182611,FR,quiberon
Colombes,48.9240258,2.2592955,FR,colombes
Albi-Ville,43.922403,2.1379469,FR,albi-ville
Gaillac,43.9060529,1.8947503,FR,gaillac
Sartrouville,48.9378067,2.1572739,FR,sartrouville
Courville-sur-Eure,48.4514321,1.2348341,FR,courville-sur-eure
La Loupe,48.4738881,1.0108649,FR,la-loupe
Condé-sur-Huisne,48.3835337,0.8487767,FR,conde-sur-huisne
Nogent-le-Rotrou,48.3257801,0.8102739,FR,nogent-le-rotrou
La Ferté-Bernard,48.1865462,0.6393313,FR,la-ferte-bernard
Connerré Beillé,48.0737604,0.4869483,FR,connerre-beille
Crissé,48.16831,-0.0661279,FR,crisse
Gardanne,43.456267,5.4627723,FR,gardanne
Saint-Claude,46.390042,5.8603953,FR,saint-claude
L'Hermitage-Mordelles,48.1231857,-1.8197651,FR,l'hermitage-mordelles
Arbois,46.9124182,5.7648776,FR,arbois
Poligny,46.8443008,5.700226,FR,poligny
Lons-le-Saunier,46.6685045,5.551336,FR,lons-le-saunier
La Brohinière,48.2134663,-2.1103354,FR,la-brohiniere
Caulnes,48.2844066,-2.1554641,FR,caulnes
Broons,48.333408,-2.2357643,FR,broons
Plénée-Jugon,48.3767009,-2.3545934,FR,plenee-jugon
Aéroport Charles de Gaulle 2 TGV,49.0040156,2.5711085,FR,aeroport-charles-de-gaulle-2-tgv
Montbard,47.6186809,4.3362246,FR,montbard
Plestan,48.4256614,-2.4425462,FR,plestan
Viroflay Rive Gauche,48.8006563,2.1715927,FR,viroflay-rive-gauche
Yffiniac,48.4702292,-2.6524691,FR,yffiniac
Saint-Brieuc,48.5073171,-2.764901,FR,saint-brieuc
La Méaugon,48.4996966,-2.8440974,FR,la-meaugon
Châtelaudren - Plouagat,48.533254,-2.9746132,FR,chatelaudren-plouagat
Aix-en-Provence TGV,43.4551451,5.3172873,FR,aix-en-provence-tgv
Aix-en-Provence,43.5227288,5.4451153,FR,aix-en-provence
Arnage,47.9285785,0.190013,FR,arnage
Beaugency,47.7784476,1.6257772,FR,beaugency
Brou,48.2158217,1.1605318,FR,brou
Châtellerault,46.8186988,0.5492875,FR,chatellerault
Collonges Fontaines,45.8290872,4.8463563,FR,collonges-fontaines
Elbeuf - Saint-Aubin,49.302678,1.0101801,FR,elbeuf-saint-aubin
Givors-Ville,45.5851435,4.7657018,FR,givors-ville
Givors Canal,45.596108,4.7722829,FR,givors-canal
Illiers-Combray,48.3041397,1.2448083,FR,illiers-combray
L'Estaque,43.3637375,5.3213843,FR,l'estaque
La Membrolle-sur-Choisille,47.4312547,0.6409126,FR,la-membrolle-sur-choisille
La Mothe-Saint-Héray,46.3807563,-0.129832,FR,la-mothe-saint-heray
Langeac,45.1012101,3.4905016,FR,langeac
Laval,48.0763683,-0.7608901,FR,laval
Le Teil,44.5524521,4.6861843,FR,le-teil
Les Aubrais,47.9266755,1.9063088,FR,les-aubrais
Lyon Part-Dieu,45.7605725,4.8601628,FR,lyon-part-dieu
Lyon-Perrache,45.7483223,4.8253267,FR,lyon-perrache
Marseille-Blancarde,43.2965017,5.4067495,FR,marseille-blancarde
Marseille-Saint-Charles,43.3032635,5.3811927,FR,marseille-saint-charles
Montauban-de-Bretagne,48.1900316,-2.0527412,FR,montauban-de-bretagne
Pas-des-Lanciers,43.4096625,5.2539909,FR,pas-des-lanciers
Pontivy,48.061855,-2.9656048,FR,pontivy
Sathonay-Rillieux,45.8200777,4.8755174,FR,sathonay-rillieux
Souillac,44.9022285,1.4666467,FR,souillac
Sucy - Bonneuil,48.7710746,2.5075445,FR,sucy-bonneuil
Vitré,48.1224966,-1.2120773,FR,vitre
Guingamp,48.5554926,-3.1433414,FR,guingamp
Belle-Isle-Bégard,48.5935866,-3.3228677,FR,belle-isle-begard
Plouaret - Trégor,48.6062088,-3.4667489,FR,plouaret-tregor
Morlaix,48.5780713,-3.8328533,FR,morlaix
Landivisiau,48.4958044,-4.082203,FR,landivisiau
Charles de Gaulle — Étoile,48.8744088,2.295508,FR,charles-de-gaulle-etoile
Meudon,48.8149619,2.2406622,FR,meudon
Redon,47.6518137,-2.0884044,FR,redon
Dirinon-Loperhet,48.3926243,-4.2855203,FR,dirinon-loperhet
Châteaulin-Embranchement,48.2017255,-4.0942853,FR,chateaulin-embranchement
Pontchâteau,47.4353259,-2.0885109,FR,pontchateau
Rosporden,47.9604456,-3.8326856,FR,rosporden
Retiers,47.9133558,-1.3897465,FR,retiers
Martigné-Ferchaud,47.8320714,-1.3138266,FR,martigne-ferchaud
Bourgoin-Jallieu,45.5837408,5.2733417,FR,bourgoin-jallieu
Saint-Étienne-de-Montluc,47.2748178,-1.7856867,FR,saint-etienne-de-montluc
Couëron,47.2219523,-1.7236247,FR,coueron
Évron,48.1555912,-0.39699,FR,evron
Sillé-le-Guillaume,48.1816601,-0.1288367,FR,sille-le-guillaume
Champagné,48.0196969,0.3352026,FR,champagne
Varades-Saint-Florent-le-Vieil,47.3745266,-1.0198404,FR,varades-saint-florent-le-vieil
Pornichet,47.2705207,-2.3447637,FR,pornichet
Savenay,47.3584359,-1.9507757,FR,savenay
Tonneins,44.3928048,0.3141048,FR,tonneins
Saint-Hilaire-Brizambourg,45.8500889,-0.5348207,FR,saint-hilaire-brizambourg
Colombier-le-Vieux/Saint-Barthélémy-le-Plain,45.0579677,4.7262762,FR,colombier-le-vieux/saint-barthelemy-le-plain
Barbara,48.8092015,2.3177065,FR,barbara
Futuroscope,46.669654,0.3781606,FR,futuroscope
Palluau-Mairie,46.9440813,1.3147588,FR,palluau-mairie
Saint-Lactencin-Tesseau,46.8987358,1.4944862,FR,saint-lactencin-tesseau
Surins-Carref-RN143,46.8291619,1.5644331,FR,surins-carref-rn143
Vernaison,45.6456015,4.8134214,FR,vernaison
Cérons,44.6322366,-0.3407565,FR,cerons
Tours,47.3894316,0.6939293,FR,tours
Blois - Chambord,47.5854563,1.3234577,FR,blois-chambord
Aurillac,44.921054,2.4357286,FR,aurillac
Gournay - Ferrières,49.4816892,1.7378732,FR,gournay-ferrieres
Serquigny,49.1075244,0.7188979,FR,serquigny
Chambly,49.1635717,2.2404642,FR,chambly
La Tour-du-Pin,45.5601798,5.4495407,FR,la-tour-du-pin
Mantes Station,48.983595,1.7153944,FR,mantes-station
Conflans-Fin-d'Oise,48.9919476,2.0749794,FR,conflans-fin-d'oise
Cesson,48.5655109,2.5943163,FR,cesson
La Frette - Montigny,48.9802536,2.1800183,FR,la-frette-montigny
Boissy-l'Aillerie,49.0757974,2.025128,FR,boissy-l'aillerie
Les Clairières de Verneuil,48.9925543,1.9554389,FR,les-clairieres-de-verneuil
Chanteloup-les-Vignes,48.9703673,2.027669,FR,chanteloup-les-vignes
Poissy,48.9333007,2.0410599,FR,poissy
Bois-Colombes,48.9143405,2.2714644,FR,bois-colombes
Conflans-Sainte-Honorine,48.9969316,2.0983899,FR,conflans-sainte-honorine
Chars,49.1626512,1.936921,FR,chars
Maurecourt,48.9870605,2.059805,FR,maurecourt
Triel-sur-Seine,48.9810662,2.0060173,FR,triel-sur-seine
La Garenne-Colombes,48.909689,2.2398658,FR,la-garenne-colombes
La Chaise-Dieu,45.3163666,3.6971915,FR,la-chaise-dieu
Les Mureaux,48.9925143,1.9132993,FR,les-mureaux
Luzarches,49.1172334,2.4204022,FR,luzarches
Épône - Mézières,48.9633817,1.8088333,FR,epone-mezieres
Bondy,48.8940324,2.4791346,FR,bondy
Courbevoie,48.8982683,2.2483242,FR,courbevoie
Clamart,48.814224,2.2744206,FR,clamart
Sèvres Ville-d'Avray,48.8274076,2.2007569,FR,sevres-ville-d'avray
Le Mée,48.5390896,2.6250346,FR,le-mee
Montgeron - Crosne,48.7084195,2.461983,FR,montgeron-crosne
Sevran Livry,48.9362609,2.5347184,FR,sevran-livry
Provins,48.5555666,3.3027215,FR,provins
Mormant,48.6136712,2.8889461,FR,mormant
Guérard - La Celle-sur-Morin,48.8105683,2.9547473,FR,guerard-la-celle-sur-morin
Faremoutiers - Pommeuse,48.8085742,2.9932409,FR,faremoutiers-pommeuse
Marles-en-Brie,48.7344854,2.8682739,FR,marles-en-brie
Tournan,48.7395178,2.7587093,FR,tournan
Saint-Cloud,48.8461314,2.2176222,FR,saint-cloud
Compans,48.9915004,2.6652216,FR,compans
Avignon TGV,43.9217832,4.786072,FR,avignon-tgv
Montreuil,48.8065223,2.1511121,FR,montreuil
Limay,48.9842539,1.7473408,FR,limay
Le Molay-Littry,49.249198,-0.8815611,FR,le-molay-littry
Niort,46.3193599,-0.4542751,FR,niort
La Rochelle,46.1525774,-1.1453062,FR,la-rochelle
Stains - La Cerisaie,48.9547289,2.3917712,FR,stains-la-cerisaie
Dol-de-Bretagne,48.5439622,-1.7501691,FR,dol-de-bretagne
Quimper,47.9946982,-4.0922114,FR,quimper
Bailly,48.8368558,2.0747583,FR,bailly
Ozoir-la-Ferrière,48.7707688,2.6902627,FR,ozoir-la-ferriere
Royat - Chamalières,45.7677394,3.0616243,FR,royat-chamalieres
Gatseau,45.8119584,-1.2234039,FR,gatseau
Ambérieu-en-Bugey,45.9538858,5.3417716,FR,amberieu-en-bugey
Chambéry - Challes-les-Eaux,45.5714735,5.9198732,FR,chambery-challes-les-eaux
Bellegarde,46.1109056,5.8259584,FR,bellegarde
Grenoble,45.1913071,5.7141017,FR,grenoble
Aix-les-Bains - Le Revard,45.688138,5.9089276,FR,aix-les-bains-le-revard
Culoz,45.8429341,5.7787934,FR,culoz
Lunel-Viel,43.6811466,4.0935802,FR,lunel-viel
Gallargues,43.7162243,4.1714976,FR,gallargues
Vergèze - Codognan,43.7398702,4.2188847,FR,vergeze-codognan
Rezé - Pont-Rousseau,47.1932254,-1.5493838,FR,reze-pont-rousseau
Chenonceaux,47.3306573,1.0662142,FR,chenonceaux
Esplanade de La Défense,48.8880492,2.2500793,FR,esplanade-de-la-defense
Angoulême,45.6537309,0.1643252,FR,angouleme
Étang,46.8679115,4.1837726,FR,etang
Palais Royal - Musée du Louvre,48.8624906,2.3360431,FR,palais-royal-musee-du-louvre
Bastille,48.852987,2.3688579,FR,bastille
Hôtel de Ville,48.8575406,2.3515397,FR,hotel-de-ville
Strasbourg - Saint-Denis,48.8693002,2.3542855,FR,strasbourg-saint-denis
Barbès - Rochechouart,48.8837466,2.3496958,FR,barbes-rochechouart
Porte des Lilas,48.8769658,2.4064184,FR,porte-des-lilas
Louis Blanc,48.8813308,2.3653555,FR,louis-blanc
Régny,45.9877295,4.2151114,FR,regny
La Barre - Ormesson,48.9662338,2.3167211,FR,la-barre-ormesson
Enghien-les-Bains,48.9728511,2.3069718,FR,enghien-les-bains
Champ de Courses d'Enghien,48.9796079,2.2919204,FR,champ-de-courses-d'enghien
Bologne,48.1986773,5.1342915,FR,bologne
Dugny - La Courneuve,48.9439016,2.4111133,FR,dugny-la-courneuve
Vire,48.8464623,-0.8828985,FR,vire
Lisieux,49.1382024,0.2312305,FR,lisieux
Charles de Gaulle-Étoile,48.8742672,2.2948746,FR,charles-de-gaulle-etoile
Remise à Jorelle,48.8930883,2.48794,FR,remise-a-jorelle
Carrefour Pleyel,48.919576,2.3432563,FR,carrefour-pleyel
Saint-Denis - Porte de Paris,48.9299051,2.3562136,FR,saint-denis-porte-de-paris
Basilique de Saint-Denis,48.9366278,2.359281,FR,basilique-de-saint-denis
Gare du Nord (Métro),48.8795666,2.3572124,FR,gare-du-nord-metro
Gare d'Oullins,45.7166889,4.814489,FR,gare-d'oullins
Bellecour,45.7573623,4.8330089,FR,bellecour
Vieux Lyon - Cathédrale Saint-Jean,45.7601722,4.8259644,FR,vieux-lyon-cathedrale-saint-jean
Vaulx-en-Velin - La Soie,45.7611805,4.9219027,FR,vaulx-en-velin-la-soie
Hôtel de Ville - Louis Pradel,45.7678584,4.8360239,FR,hotel-de-ville-louis-pradel
Charpennes - Charles Hernu (Ligne B),45.7703153,4.8631473,FR,charpennes-charles-hernu-ligne-b
Stade de Gerland—Le LOU,45.726717,4.8309648,FR,stade-de-gerlandle-lou
Monplaisir - Lumière,45.745537,4.8714378,FR,monplaisir-lumiere
Terminal 3 - Roissypole,49.0100256,2.5613077,FR,terminal-3-roissypole
Masséna,45.769619,4.8533062,FR,massena
Valmy,45.7746618,4.8054273,FR,valmy
Guillotière,45.755348,4.8427986,FR,guillotiere
Saxe - Gambetta,45.7539415,4.8470262,FR,saxe-gambetta
Perrache,45.7496883,4.8267918,FR,perrache
Laennec,45.7384327,4.8865961,FR,laennec
Gare de Vaise - Gérard Collomb,45.7806026,4.8045487,FR,gare-de-vaise-gerard-collomb
Grange Blanche,45.7429728,4.8787162,FR,grange-blanche
Sans Souci,45.7475565,4.8650992,FR,sans-souci
Mermoz - Pinel,45.7306141,4.8873275,FR,mermoz-pinel
Parilly,45.7194872,4.8874534,FR,parilly
Brotteaux,45.7671656,4.8594397,FR,brotteaux
Gare Part-Dieu - Vivier Merle,45.7615455,4.8572201,FR,gare-part-dieu-vivier-merle
Ampère - Victor Hugo,45.752994,4.8290725,FR,ampere-victor-hugo
Foch,45.7687864,4.8443036,FR,foch
République - Villeurbanne,45.770531,4.8740276,FR,republique-villeurbanne
Gratte-Ciel,45.7691133,4.8822115,FR,gratte-ciel
Flachet - Alain Gilles,45.7677765,4.8893766,FR,flachet-alain-gilles
Cusset,45.7656864,4.9007729,FR,cusset
Laurent Bonnevay - Astroballe,45.7641733,4.908879,FR,laurent-bonnevay-astroballe
Jean Macé,45.7459301,4.8423494,FR,jean-mace
Croix-Paquet,45.7710241,4.8361838,FR,croix-paquet
Croix-Rousse,45.7744827,4.8318139,FR,croix-rousse
Cuire,45.7852844,4.8325604,FR,cuire
Vernon - Giverny,49.091359,1.4781156,FR,vernon-giverny
Jouy,48.5100787,1.5576496,FR,jouy
Saint-Piat,48.5428752,1.5902024,FR,saint-piat
Aéroport Charles de Gaulle 1 (Terminal 3),49.0097968,2.5613473,FR,aeroport-charles-de-gaulle-1-terminal-3
Le Stade,48.9313927,2.2607534,FR,le-stade
Frais Vallon,43.3254903,5.4232137,FR,frais-vallon
Rougemont Chanteloup,48.9308854,2.5151614,FR,rougemont-chanteloup
Tacoignières - Richebourg,48.8294208,1.6689854,FR,tacoignieres-richebourg
Saint-Quentin-Fallavier,45.6382255,5.0999033,FR,saint-quentin-fallavier
Mervans,46.7988701,5.1793912,FR,mervans
Beynes,48.8594034,1.8757802,FR,beynes
Gagny,48.8837301,2.5254047,FR,gagny
Val-de-Fontenay (RER A),48.854214,2.488878,FR,val-de-fontenay-rer-a
Val de Fontenay,48.8543556,2.4891392,FR,val-de-fontenay
Minimes - Théâtres romains,45.7586387,4.8213322,FR,minimes-theatres-romains
Pont Neuf,48.8585776,2.3422202,FR,pont-neuf
Les Halles,48.8624547,2.3460596,FR,les-halles
Réaumur - Sébastopol,48.8662481,2.3526084,FR,reaumur-sebastopol
Étienne Marcel,48.8638718,2.3490301,FR,etienne-marcel
Château d'Eau,48.8728888,2.3563528,FR,chateau-d'eau
Chaussée d'Antin - La Fayette,48.8730441,2.3332127,FR,chaussee-d'antin-la-fayette
Le Peletier,48.8748996,2.3402328,FR,le-peletier
Cadet,48.8760078,2.3444767,FR,cadet
Poissonnière,48.8771197,2.3487446,FR,poissonniere
Pyramides,48.8657452,2.3344687,FR,pyramides
Houlgate,49.3001439,-0.0771571,FR,houlgate
Le Raincy Villemomble Montfermeil,48.8892565,2.5120261,FR,le-raincy-villemomble-montfermeil
Lamastre,44.9871733,4.5815852,FR,lamastre
Stade de France - Saint-Denis,48.9177,2.3504824,FR,stade-de-france-saint-denis
Trouville - Deauville,49.3593843,0.0847189,FR,trouville-deauville
Caen,49.1767625,-0.3474663,FR,caen
Bayeux,49.2696016,-0.697928,FR,bayeux
La Rochefoucauld,45.7402454,0.3897587,FR,la-rochefoucauld
Podensac,44.6489103,-0.3588395,FR,podensac
Beautiran,44.7011715,-0.4502003,FR,beautiran
Bordeaux-Saint-Jean,44.8255227,-0.5556498,FR,bordeaux-saint-jean
Tourville-la-Rivière,49.3245722,1.0984776,FR,tourville-la-riviere
Porte d'Ivry,48.8216035,2.3693411,FR,porte-d'ivry
Front Populaire,48.9064513,2.3659403,FR,front-populaire
Les Grésillons,48.9209417,2.3137969,FR,les-gresillons
Le Chénay Gagny,48.8771262,2.5531414,FR,le-chenay-gagny
Palaiseau,48.7174709,2.2460919,FR,palaiseau
Saint-Just,45.7571457,4.8162851,FR,saint-just
Fourvière,45.762381,4.8214507,FR,fourviere
Port Royal,48.8400137,2.3370805,FR,port-royal
Fontenay-aux-Roses,48.7876243,2.2922259,FR,fontenay-aux-roses
Sceaux,48.7814457,2.2974266,FR,sceaux
Fontaine-Michalon,48.743344,2.2963401,FR,fontaine-michalon
Les Baconnets,48.7396044,2.2874034,FR,les-baconnets
Palaiseau - Villebon,48.7077155,2.23714,FR,palaiseau-villebon
Lozère,48.7060077,2.2118321,FR,lozere
Le Guichet,48.7051397,2.1920634,FR,le-guichet
Orsay-Ville,48.6976543,2.1819126,FR,orsay-ville
Bures-sur-Yvette,48.6958563,2.1634155,FR,bures-sur-yvette
La Hacquinière,48.6949675,2.1527197,FR,la-hacquiniere
Gif-sur-Yvette,48.6982056,2.1367365,FR,gif-sur-yvette
Courcelle-sur-Yvette,48.70088,2.0992121,FR,courcelle-sur-yvette
Vanves Malakoff,48.8182168,2.2917622,FR,vanves-malakoff
Houdan,48.7960262,1.6027417,FR,houdan
Marchezais - Broué,48.768337,1.5135796,FR,marchezais-broue
Maule,48.909283,1.8572911,FR,maule
Garancières - La Queue,48.8104197,1.7649063,FR,garancieres-la-queue
Dives-sur-Mer Port-Guillaume,49.2911356,-0.1008598,FR,dives-sur-mer-port-guillaume
Charpennes - Charles Hernu (Ligne A),45.7706204,4.8645897,FR,charpennes-charles-hernu-ligne-a
Dourdan - La Forêt,48.535417,1.9957332,FR,dourdan-la-foret
Dourdan,48.5335903,2.0097162,FR,dourdan
Sermaise,48.5355118,2.0687979,FR,sermaise
Saint-Gratien,48.9638242,2.2852018,FR,saint-gratien
Saint-Denis - Université,48.9458661,2.3646538,FR,saint-denis-universite
Cormeilles-en-Parisis,48.9685073,2.1934248,FR,cormeilles-en-parisis
Maromme,49.479936,1.0507607,FR,maromme
Jarrie-Vizille,45.0854251,5.7423023,FR,jarrie-vizille
Issou - Porcheville,48.9792986,1.7839741,FR,issou-porcheville
Aubergenville Élisabethville,48.9720918,1.8481883,FR,aubergenville-elisabethville
Houilles Carrières-sur-Seine,48.9203204,2.1853912,FR,houilles-carrieres-sur-seine
Les Vallées,48.9135621,2.2580028,FR,les-vallees
Maisons-Laffitte,48.9458396,2.1444838,FR,maisons-laffitte
Achères Grand Cormier,48.9552403,2.0924722,FR,acheres-grand-cormier
Chatou - Croissy,48.8851964,2.1562094,FR,chatou-croissy
Rueil-Malmaison,48.8872851,2.1715151,FR,rueil-malmaison
Clelles-Mens,44.8272536,5.6050216,FR,clelles-mens
Monestier-de-Clermont,44.9119942,5.6339727,FR,monestier-de-clermont
Vif,45.0475897,5.6853625,FR,vif
Saint-Georges-de-Commiers,45.0440492,5.7017017,FR,saint-georges-de-commiers
Ancienne gare Marigny les Usages,47.9611211,2.0025401,FR,ancienne-gare-marigny-les-usages
Pierrefitte - Stains T11,48.9601326,2.3673945,FR,pierrefitte-stains-t11
Argentine,48.8753357,2.2901322,FR,argentine
Haussmann - Saint-Lazare,48.8749979,2.3286951,FR,haussmann-saint-lazare
Saint-Pol-sur-Ternoise,50.3791034,2.3393127,FR,saint-pol-sur-ternoise
Le Vert de Maisons,48.789033,2.4320337,FR,le-vert-de-maisons
Courcelles,48.8794066,2.3043565,FR,courcelles
Boulainvilliers,48.856567,2.2751737,FR,boulainvilliers
Hennebont,47.7991635,-3.2858029,FR,hennebont
Mairie d'Ivry,48.8109941,2.3839661,FR,mairie-d'ivry
Porte de Bagnolet,48.8646027,2.407183,FR,porte-de-bagnolet
Edgar Quinet,48.84111,2.3250699,FR,edgar-quinet
Olympiades,48.8270448,2.3664175,FR,olympiades
L'Étang-la-Ville,48.868141,2.0768413,FR,l'etang-la-ville
Bobigny - Pantin - Raymond Queneau,48.8954065,2.42519,FR,bobigny-pantin-raymond-queneau
Porte de Pantin,48.8886574,2.3926771,FR,porte-de-pantin
Laumière,48.8851647,2.3794369,FR,laumiere
Ourcq,48.8870772,2.38664,FR,ourcq
Hoche,48.8912849,2.4025113,FR,hoche
Église de Pantin,48.8932459,2.4133107,FR,eglise-de-pantin
Orly 4,48.7290096,2.3699341,FR,orly-4
"Orly 1, 2, 3",48.7296775,2.3601788,FR,"orly-1,-2,-3"
Rive-de-Gier,45.524372,4.6065869,FR,rive-de-gier
Terminal 2E - Portes K,49.002851,2.5782898,FR,terminal-2e-portes-k
Terminal 2E - Portes L,49.0043527,2.5849299,FR,terminal-2e-portes-l
Terminal 2E - Portes M,49.0046208,2.5899566,FR,terminal-2e-portes-m
Terminal 2 Gare,49.0047075,2.5716356,FR,terminal-2-gare
Parking PX,49.0100632,2.570638,FR,parking-px
Parc PR,49.0089729,2.5447898,FR,parc-pr
Terminal 1,49.0132852,2.541977,FR,terminal-1
Lamagistère,44.1268099,0.8255735,FR,lamagistere
Liancourt-Saint-Pierre,49.2206998,1.9054788,FR,liancourt-saint-pierre
Lavilletertre,49.2025321,1.9206561,FR,lavilletertre
Trie-Château,49.2827145,1.8180509,FR,trie-chateau
Chaumont-en-Vexin,49.261222,1.8726888,FR,chaumont-en-vexin
Changis - Saint-Jean,48.9591658,3.0253521,FR,changis-saint-jean
Château-Thierry,49.0379102,3.4093438,FR,chateau-thierry
Chézy-sur-Marne,48.9918997,3.3644772,FR,chezy-sur-marne
Saint-Agrève,45.0150299,4.3884762,FR,saint-agreve
Maumusson,45.8074846,-1.2368142,FR,maumusson
Senozan,46.3914733,4.8705529,FR,senozan
Vonnas,46.2272658,4.9917298,FR,vonnas
Porte de Versailles,48.8324338,2.2879537,FR,porte-de-versailles
Monéteau-Gurgy,47.8508043,3.5798029,FR,moneteau-gurgy
Ceyzériat,46.1834373,5.3258063,FR,ceyzeriat
Simandre-sur-Suran,46.2203047,5.4211179,FR,simandre-sur-suran
Royan,45.6259067,-1.0164955,FR,royan
Saujon,45.6664895,-0.930052,FR,saujon
Saintes,45.7489138,-0.6173781,FR,saintes
Beillant,45.7007821,-0.526514,FR,beillant
Cognac,45.6845573,-0.3260667,FR,cognac
Jarnac-Charente,45.6708782,-0.1769735,FR,jarnac-charente
Châteauneuf-sur-Charente,45.59992,-0.0500892,FR,chateauneuf-sur-charente
Échirolles,45.1527873,5.7198804,FR,echirolles
Saint-Pierre-des-Corps,47.3856704,0.7237876,FR,saint-pierre-des-corps
Amboise,47.4214344,0.9808456,FR,amboise
Onzain - Chaumont-sur-Loire,47.4918812,1.1860812,FR,onzain-chaumont-sur-loire
Saint-Ay,47.8630875,1.7498131,FR,saint-ay
Chaingy-Fourneaux-Plage,47.8770798,1.7823996,FR,chaingy-fourneaux-plage
Meung-sur-Loire,47.829933,1.6919085,FR,meung-sur-loire
La Chapelle Saint-Mesmin,47.8930767,1.8271724,FR,la-chapelle-saint-mesmin
Orléans,47.9077953,1.9046608,FR,orleans
Livry-sur-Seine,48.5103464,2.6789401,FR,livry-sur-seine
Chartrettes,48.4870605,2.6950521,FR,chartrettes
Bourron-Marlotte - Grez,48.3326758,2.6924587,FR,bourron-marlotte-grez
Cerizay,46.8175541,-0.6677333,FR,cerizay
Rue du Bac,48.8551812,2.3257736,FR,rue-du-bac
Seyssel - Corbonod,45.9630561,5.8313668,FR,seyssel-corbonod
Lozanne,45.8539781,4.6822507,FR,lozanne
Tassin,45.7617013,4.7586206,FR,tassin
Vauvert,43.6951124,4.2700401,FR,vauvert
Beaucaire,43.8022132,4.6471462,FR,beaucaire
Saint-Geniès-de-Malgoirès,43.9501803,4.2148046,FR,saint-genies-de-malgoires
Le Grau-du-Roi,43.5370128,4.1403485,FR,le-grau-du-roi
Digne-les-Bains,44.0886445,6.222445,FR,digne-les-bains
Aigueperse,46.0148696,3.1981096,FR,aigueperse
Bretenoux - Biars,44.9275487,1.8442422,FR,bretenoux-biars
Portbail,49.3374458,-1.6924045,FR,portbail
Barneville,49.3762649,-1.7568367,FR,barneville
Péage-de-Roussillon,45.3716447,4.7952841,FR,peage-de-roussillon
Vienne,45.5195601,4.8727744,FR,vienne
Grigny Le Sablon,45.6072001,4.796197,FR,grigny-le-sablon
Verdun,49.1654599,5.3794819,FR,verdun
Gallieni,48.8649458,2.4154775,FR,gallieni
Bobigny - Pablo Picasso,48.9063692,2.4492166,FR,bobigny-pablo-picasso
Châtillon-Montrouge,48.8108212,2.3016036,FR,chatillon-montrouge
Sablé-sur-Sarthe,47.841825,-0.3420814,FR,sable-sur-sarthe
Les Arcs - Draguignan,43.4556558,6.4825112,FR,les-arcs-draguignan
La Verpillière,45.6275088,5.1506772,FR,la-verpilliere
Montpellier-Sud-de-France,43.595115,3.9239637,FR,montpellier-sud-de-france
Moreuil,49.7769548,2.4758023,FR,moreuil
Gares,48.1040176,-1.6722186,FR,gares
Charles de Gaulle,48.1054725,-1.676891,FR,charles-de-gaulle
Saint-Germain,48.110563,-1.676175,FR,saint-germain
Sainte-Anne,48.1145739,-1.680172,FR,sainte-anne
Jacques Cartier,48.0975501,-1.6754519,FR,jacques-cartier
Italie,48.0865604,-1.6679074,FR,italie
Triangle,48.0864373,-1.6603607,FR,triangle
Le Blosne,48.0877289,-1.6542818,FR,le-blosne
Villejean-Université,48.1212409,-1.7039234,FR,villejean-universite
J.F. Kennedy,48.1213059,-1.7112526,FR,j-f-kennedy
Saint-Jacques - Gaîté,48.0919986,-1.7036688,FR,saint-jacques-gaite
La Courrouze,48.0965816,-1.6984814,FR,la-courrouze
Cleunay,48.10094,-1.7064148,FR,cleunay
Mabilais,48.1050711,-1.6928096,FR,mabilais
Jules Ferry,48.1186706,-1.6709295,FR,jules-ferry
Gros-Chêne,48.1251834,-1.6644286,FR,gros-chene
Les Gayeulles,48.1294226,-1.6571569,FR,les-gayeulles
Joliot-Curie - Chateaubriand,48.1240563,-1.6514189,FR,joliot-curie-chateaubriand
Rouillé,46.4188842,0.0418587,FR,rouille
Pamproux,46.3996501,-0.0519222,FR,pamproux
Lusignan,46.4356369,0.1165701,FR,lusignan
Chartres,48.4484362,1.480857,FR,chartres
Toury,48.1930737,1.9397579,FR,toury
Cosne-sur-Loire,47.4139645,2.9319441,FR,cosne-sur-loire
Baule,47.8118542,1.668303,FR,baule
Saint-Aunès,43.6354474,3.9629284,FR,saint-aunes
Aulnay-sous-Bois,48.9321256,2.4952047,FR,aulnay-sous-bois
Miramas,43.5810466,4.9993667,FR,miramas
Marmande,44.5032021,0.1682161,FR,marmande
Rouessé-Vassé,48.1602593,-0.1996033,FR,rouesse-vasse
Liancourt - Rantigny,49.324814,2.4455185,FR,liancourt-rantigny
Laigneville,49.292639,2.4492927,FR,laigneville
Gare Albigny - Neuville,45.8749055,4.8325735,FR,gare-albigny-neuville
Montauban Ville Bourbon,44.0143078,1.3411846,FR,montauban-ville-bourbon
Aiserey,47.1705304,5.158236,FR,aiserey
Saint-Lothain,46.8234059,5.6444822,FR,saint-lothain
Saulon,47.2241059,5.1045281,FR,saulon
Sainte-Pazanne,47.1054412,-1.8139605,FR,sainte-pazanne
Longueau,49.8635124,2.3523295,FR,longueau
Landerneau,48.4538255,-4.2564781,FR,landerneau
Saint-Gilles-Croix-de-Vie,46.6965989,-1.9419542,FR,saint-gilles-croix-de-vie
Castelsarrasin,44.0403651,1.114347,FR,castelsarrasin
Valençay,47.1631601,1.5584373,FR,valencay
Pléchâtel,47.8719412,-1.7765602,FR,plechatel
Messac - Guipry,47.8224389,-1.818257,FR,messac-guipry
Audruicq,50.8755693,2.0763275,FR,audruicq
Lunel,43.6795981,4.1309841,FR,lunel
Richelieu - Drouot,48.8719671,2.3392504,FR,richelieu-drouot
Cordeliers,45.7633942,4.8358228,FR,cordeliers
Boissière,48.8670421,2.2900911,FR,boissiere
Raspail,48.8389219,2.3307369,FR,raspail
Pornic,47.1145045,-2.0977051,FR,pornic
Ychoux,44.3292219,-0.9462689,FR,ychoux
Hesdin,50.3781866,2.0352092,FR,hesdin
Tessonières,43.9284384,1.9369537,FR,tessonieres
Sées,48.5999414,0.166197,FR,sees
Coutances,49.0428304,-1.4413796,FR,coutances
Lison,49.2269049,-1.0503794,FR,lison
Verneuil-sur-Avre,48.7427367,0.9291839,FR,verneuil-sur-avre
Moustéru,48.5074775,-3.2433915,FR,mousteru
Saint-Junien,45.8813694,0.900447,FR,saint-junien
Saillat-sur-Vienne,45.8696515,0.8117049,FR,saillat-sur-vienne
Argenton-sur-Creuse,46.5923091,1.5185314,FR,argenton-sur-creuse
Saint-Sébastien,46.3859078,1.5465982,FR,saint-sebastien
La Souterraine,46.2398117,1.4923734,FR,la-souterraine
Allassac,45.2589274,1.4731429,FR,allassac
Objat,45.264729,1.4067851,FR,objat
Lacelle,45.6412591,1.8263238,FR,lacelle
Saint-Priest-Taurion,45.887217,1.4000863,FR,saint-priest-taurion
Aubazine-Saint-Hilaire,45.1817712,1.6414073,FR,aubazine-saint-hilaire
Agonac,45.2866149,0.7487316,FR,agonac
Château l'Évêque,45.2445699,0.6882227,FR,chateau-l'eveque
Thenon,45.1600783,1.0686296,FR,thenon
Niversac,45.138224,0.8081078,FR,niversac
Daumesnil,48.8395922,2.3962319,FR,daumesnil
Corvisart,48.8298024,2.3504805,FR,corvisart
Saint-François-Xavier,48.8514517,2.3144205,FR,saint-francois-xavier
Varenne,48.856226,2.314965,FR,varenne
La Hume,44.6399024,-1.116031,FR,la-hume
Savigny-le-Temple - Nandy,48.595566,2.583951,FR,savigny-le-temple-nandy
Le Coudray - Montceaux,48.566179,2.4924732,FR,le-coudray-montceaux
Pré Saint-Gervais,48.8802778,2.3988805,FR,pre-saint-gervais
Clisson,47.0859421,-1.2865506,FR,clisson
Vierzon,47.2269347,2.0599273,FR,vierzon
Vierzon-Forges,47.209883,2.0996143,FR,vierzon-forges
Foëcy,47.1757328,2.1624401,FR,foecy
Mehun-sur-Yèvre,47.1394052,2.2071866,FR,mehun-sur-yevre
Loivre,49.3466598,3.9906654,FR,loivre
Guignicourt,49.4348604,3.961122,FR,guignicourt
Aguilcourt - Variscourt,49.408367,3.9729325,FR,aguilcourt-variscourt
Amifontaine,49.4846863,3.9105787,FR,amifontaine
Montélimar,44.5590139,4.7447209,FR,montelimar
Laroquebrou,44.9641666,2.1928943,FR,laroquebrou
Le Plessis-Chenet,48.5735401,2.4796124,FR,le-plessis-chenet
La Plaine - Stade de France,48.9179282,2.3622939,FR,la-plaine-stade-de-france
Dieupentale,43.865436,1.2759922,FR,dieupentale
Bérault,48.845439,2.429261,FR,berault
Reuilly — Diderot,48.8473574,2.3867982,FR,reuilly-diderot
Porte de Vincennes,48.8473367,2.408086,FR,porte-de-vincennes
Faubourg d'Orléans,47.3670275,1.7401877,FR,faubourg-d'orleans
Saint-Hilaire-de-Chaléons,47.1057842,-1.8651876,FR,saint-hilaire-de-chaleons
L'Étang - Les Sablons,48.8724845,2.0691391,FR,l'etang-les-sablons
Michel-Ange - Auteuil,48.8480025,2.2641679,FR,michel-ange-auteuil
Sainte-Eulalie - Carbon-Blanc,44.897798,-0.4939781,FR,sainte-eulalie-carbon-blanc
Quimperlé,47.8694696,-3.5530139,FR,quimperle
Place Guichard - Bourse du Travail,45.7592794,4.8474553,FR,place-guichard-bourse-du-travail
Hénon,45.7794495,4.8275059,FR,henon
La Fresnais,48.5936849,-1.8432766,FR,la-fresnais
Neau,48.1574401,-0.476784,FR,neau
La Hisse,48.496104,-2.0042138,FR,la-hisse
Miniac,48.5314643,-1.9148958,FR,miniac
Amplepuis,45.9709244,4.3266324,FR,amplepuis
Saint-Victor - Thizy,46.0023372,4.2812176,FR,saint-victor-thizy
Pessac,44.8045273,-0.6313644,FR,pessac
Caudéran-Mérignac,44.8427995,-0.6274696,FR,cauderan-merignac
Blanquefort,44.9175914,-0.6237518,FR,blanquefort
Gujan-Mestras,44.6405363,-1.0690963,FR,gujan-mestras
Facture-Biganos,44.6372409,-0.966178,FR,facture-biganos
Marcheprime,44.690421,-0.8537008,FR,marcheprime
Pessac-Alouette,44.7934479,-0.6595812,FR,pessac-alouette
Gazinet-Cestas,44.7720419,-0.6993585,FR,gazinet-cestas
Betton,48.1814287,-1.6343081,FR,betton
Châteaubourg,48.1061895,-1.4051196,FR,chateaubourg
Montfort-sur-Meu,48.1389538,-1.9488253,FR,montfort-sur-meu
Dinan,48.4568951,-2.0535367,FR,dinan
Gentilly,48.8153731,2.340857,FR,gentilly
Turenne,45.0379199,1.6005962,FR,turenne
Nozières - Brignon,43.9759411,4.2072019,FR,nozieres-brignon
La Chapelle-sur-Loire,47.2512741,0.2186164,FR,la-chapelle-sur-loire
Lacapelle-Viescamp,44.9203251,2.2655239,FR,lacapelle-viescamp
Laval-de-Cère,44.9511909,1.9315501,FR,laval-de-cere
Puybrun,44.9216242,1.7841148,FR,puybrun
Paulhaguet,45.2101845,3.5005787,FR,paulhaguet
Darsac,45.1421387,3.7365186,FR,darsac
Lachaud-Curmilhac,45.1228351,3.610419,FR,lachaud-curmilhac
Vic-le-Comte,45.6649427,3.2069361,FR,vic-le-comte
Les Martres-de-Veyre,45.6882572,3.1933151,FR,les-martres-de-veyre
Lavoûte-sur-Loire,45.1214039,3.9054962,FR,lavoute-sur-loire
Gouarec,48.22665,-3.1759085,FR,gouarec
Bon Repos,48.2149452,-3.1310436,FR,bon-repos
Couzon-au-Mont-d'Or,45.8487043,4.8292821,FR,couzon-au-mont-d'or
Civrieux d'Azergues,45.8592594,4.7183812,FR,civrieux-d'azergues
Tournemire - Roquefort,43.970018,3.0166443,FR,tournemire-roquefort
Vorey,45.1829129,3.9114218,FR,vorey
Retournac,45.2012514,4.0361055,FR,retournac
Aurec,45.3711445,4.1983698,FR,aurec
Aixe-sur-Vienne,45.7964764,1.1456798,FR,aixe-sur-vienne
Bussière-Galant,45.607648,1.0261531,FR,bussiere-galant
Châteaudun,48.073417,1.3383879,FR,chateaudun
Cloyes-sur-le-Loir,47.9921268,1.2434253,FR,cloyes-sur-le-loir
Nortkerque,50.8829713,2.0231521,FR,nortkerque
Niolon,43.3401363,5.2570243,FR,niolon
Renescure,50.7320319,2.3714241,FR,renescure
Ebblinghem,50.7306703,2.4092284,FR,ebblinghem
Rieux - Angicourt,49.2983913,2.5210944,FR,rieux-angicourt
Hermes - Berthecourt,49.3544497,2.2417293,FR,hermes-berthecourt
Breteuil-Embranchement,49.6264292,2.3844964,FR,breteuil-embranchement
Ailly-sur-Noye,49.7545163,2.3640001,FR,ailly-sur-noye
La Faloise,49.6965179,2.3486009,FR,la-faloise
Gannes,49.5723408,2.4370285,FR,gannes
Saint-Remy-en-l'Eau,49.4681462,2.4258804,FR,saint-remy-en-l'eau
Avrechy,49.4446473,2.4179848,FR,avrechy
Bergues,50.9689717,2.4256447,FR,bergues
Bourbourg,50.9524005,2.194364,FR,bourbourg
Saint-Martin-du-Mont,46.0957525,5.3032121,FR,saint-martin-du-mont
Rochy-Condé,49.3984016,2.1729494,FR,rochy-conde
Montreuil-sur-Thérain,49.3815268,2.2003303,FR,montreuil-sur-therain
Mouy - Bury,49.320521,2.3265688,FR,mouy-bury
Chevrières,49.3373089,2.6828221,FR,chevrieres
Longueil-Sainte-Marie,49.3425566,2.7176407,FR,longueil-sainte-marie
Le Meux - Lacroix-Saint-Ouen,49.3594256,2.7532844,FR,le-meux-lacroix-saint-ouen
Jaux,49.3868241,2.7773294,FR,jaux
Vierzy,49.2910572,3.2775582,FR,vierzy
Longpont,49.2725929,3.2299868,FR,longpont
Corcy,49.2551493,3.2158114,FR,corcy
Villers-Cotterêts,49.250125,3.0938506,FR,villers-cotterets
Sceaux - Boëssé,48.1221504,0.5724091,FR,sceaux-boesse
Allée Royale,48.8147704,2.0785753,FR,allee-royale
Les Portes de Saint-Cyr,48.8063699,2.0771995,FR,les-portes-de-saint-cyr
Saint-Mandé,48.8464372,2.4184429,FR,saint-mande
Château de Vincennes,48.8445832,2.4389122,FR,chateau-de-vincennes
Combourg,48.4161835,-1.7277174,FR,combourg
Dingé,48.3507721,-1.685983,FR,dinge
Odéon,48.8523043,2.3393706,FR,odeon
Varennes-sur-Allier,46.3154914,3.3941793,FR,varennes-sur-allier
Eymoutiers,45.7398075,1.7411821,FR,eymoutiers
Lyon-Saint-Exupéry TGV,45.7210285,5.0758051,FR,lyon-saint-exupery-tgv
Valence TGV Sud Rhône-Alpes,44.9919317,4.978434,FR,valence-tgv-sud-rhone-alpes
Aubagne,43.2962054,5.5663993,FR,aubagne
La Pauline,43.1363226,6.0349896,FR,la-pauline
Veretz - Montlouis,47.3715157,0.8198437,FR,veretz-montlouis
Virieu-le-Grand - Belley,45.8482239,5.6537118,FR,virieu-le-grand-belley
Tenay/Hauteville,45.9221905,5.5014491,FR,tenay/hauteville
Allée de la Tour Rendez-Vous,48.8971492,2.5064123,FR,allee-de-la-tour-rendez-vous
Saint-Michel - Valloire,45.2169016,6.471616,FR,saint-michel-valloire
Saint-Jean-de-Maurienne - Vallée de l'Arvan,45.2779258,6.3540392,FR,saint-jean-de-maurienne-vallee-de-l'arvan
Saint-Avre - La Chambre,45.3535569,6.301744,FR,saint-avre-la-chambre
Poitiers,46.5825218,0.3327114,FR,poitiers
Auxerre Saint-Gervais,47.7976069,3.5855623,FR,auxerre-saint-gervais
Saint-André-le-Gaz,45.5445651,5.5245183,FR,saint-andre-le-gaz
Les Abrets - Fitilieu,45.5421594,5.5755269,FR,les-abrets-fitilieu
Le Pont-de-Beauvoisin,45.5244669,5.6805945,FR,le-pont-de-beauvoisin
Saint-Béron - La Bridoire,45.5039677,5.7317507,FR,saint-beron-la-bridoire
Lépin le Lac - La Bauche,45.5416222,5.7650045,FR,lepin-le-lac-la-bauche
Aiguebelette-le-Lac,45.5362506,5.8131771,FR,aiguebelette-le-lac
Saint-Amour,46.4338226,5.3341179,FR,saint-amour
Bar-le-Duc,48.7736604,5.1672573,FR,bar-le-duc
Saint-Germain-au-Mont-d'Or,45.8883795,4.8045748,FR,saint-germain-au-mont-d'or
Saint-Florentin - Vergigny,47.9806059,3.7311458,FR,saint-florentin-vergigny
L'Isle-d'Abeau,45.6075064,5.2194792,FR,l'isle-d'abeau
Voiron,45.3639416,5.5947406,FR,voiron
Saint-Priest,45.6863723,4.9344965,FR,saint-priest
Lyon Jean Macé,45.7449628,4.841834,FR,lyon-jean-mace
Montmélian,45.5030799,6.0438242,FR,montmelian
Saint-Pierre-d'Albigny,45.5571729,6.1564108,FR,saint-pierre-d'albigny
Saint-Julien-du-Sault,48.0268465,3.3029259,FR,saint-julien-du-sault
Lambel-Camors,47.8328203,-3.033573,FR,lambel-camors
La Garde,43.1186996,6.0100814,FR,la-garde
Cuers - Pierrefeu,43.2364251,6.0857023,FR,cuers-pierrefeu
Vidauban,43.4309175,6.433857,FR,vidauban
Solliès-Pont,43.190805,6.0464257,FR,sollies-pont
Puget-Ville,43.2830743,6.138465,FR,puget-ville
Pignans,43.2984663,6.2248539,FR,pignans
Gonfaron,43.3171583,6.2817794,FR,gonfaron
Le Luc - Le Cannet,43.3902315,6.3430964,FR,le-luc-le-cannet
Ollioules-Sanary,43.1224693,5.8249942,FR,ollioules-sanary
Gannat,46.0975898,3.2048522,FR,gannat
Aiguillon,44.2987388,0.3352178,FR,aiguillon
Simiane,43.4349419,5.4261445,FR,simiane
Neussargues,45.1253278,2.9791705,FR,neussargues
Theillay,47.3144079,2.0443901,FR,theillay
Masseret,45.53616,1.5414541,FR,masseret
Magnac-Vicq,45.6288025,1.4438058,FR,magnac-vicq
Avord,47.0349075,2.6525778,FR,avord
Saint-Florent-sur-Cher,46.992101,2.2525862,FR,saint-florent-sur-cher
Saint-Brice-sur-Vienne,45.878226,0.9523293,FR,saint-brice-sur-vienne
La Meyze,45.6213121,1.212307,FR,la-meyze
Gazeran,48.6259956,1.7719778,FR,gazeran
Seurre,46.9963839,5.1512759,FR,seurre
Saint-Jean de Losne,47.0997236,5.2440637,FR,saint-jean-de-losne
Arboretum,48.8979297,2.5616491,FR,arboretum
Taverny,49.025211,2.2217669,FR,taverny
Gargan,48.9073846,2.5166047,FR,gargan
Les Coquetiers,48.8925106,2.4994027,FR,les-coquetiers
Les Pavillons-sous-Bois,48.9024635,2.5117184,FR,les-pavillons-sous-bois
Romain Rolland,48.9047379,2.5479537,FR,romain-rolland
République - Marx Dormoy,48.9066006,2.5240351,FR,republique-marx-dormoy
Clichy-sous-Bois - Mairie,48.9079159,2.5463813,FR,clichy-sous-bois-mairie
Clichy - Montfermeil,48.9045722,2.5550227,FR,clichy-montfermeil
Notre-Dame des Anges,48.9009444,2.5560687,FR,notre-dame-des-anges
Montchanin,46.7593737,4.481492,FR,montchanin
Hôpital de Montfermeil,48.901012,2.5706184,FR,hopital-de-montfermeil
Lycée Henri Sellier,48.9160905,2.5150638,FR,lycee-henri-sellier
L'Abbaye,48.9219511,2.5164559,FR,l'abbaye
Angerville,48.3115467,2.0037201,FR,angerville
Freinville Sevran,48.9264879,2.51912,FR,freinville-sevran
Bernay,49.0870897,0.5956811,FR,bernay
Le Parc de Saint-Maur,48.8052721,2.4855909,FR,le-parc-de-saint-maur
La Ciotat-Ceyreste,43.1996146,5.6328221,FR,la-ciotat-ceyreste
Épernay,49.0463653,3.9597572,FR,epernay
Liège,48.8796039,2.3270446,FR,liege
Campo-Formio,48.8351162,2.3582026,FR,campo-formio
Auchy-lès-Hesdin,50.396328,2.1022363,FR,auchy-les-hesdin
Blangy-sur-Ternoise,50.4246841,2.1721571,FR,blangy-sur-ternoise
Dreux,48.7312104,1.3703855,FR,dreux
Mairie des Lilas,48.8797369,2.4160498,FR,mairie-des-lilas
Nanterre La Folie,48.8976883,2.2263344,FR,nanterre-la-folie
Toulon Sainte-Musse,43.1250283,5.9718868,FR,toulon-sainte-musse
Dommartin - Remiencourt,49.7997263,2.3925553,FR,dommartin-remiencourt
Rambuteau,48.8617648,2.3537854,FR,rambuteau
Saint-Hilaire - Saint-Nazaire,45.0714463,5.2438246,FR,saint-hilaire-saint-nazaire
Hyères,43.108762,6.1241092,FR,hyeres
Septèmes,43.4036815,5.3703149,FR,septemes
Bricon,48.0870469,4.978953,FR,bricon
Watten – Éperlecques,50.8257436,2.2077706,FR,watten-eperlecques
Meyrargues,43.6441101,5.5395516,FR,meyrargues
Pons,45.5781113,-0.5391146,FR,pons
Pernety,48.8339998,2.3181806,FR,pernety
Plaisance,48.8317665,2.3140421,FR,plaisance
Malakoff - Plateau de Vanves,48.8225001,2.2985049,FR,malakoff-plateau-de-vanves
Villers-Saint-Sépulcre,49.3681641,2.2202347,FR,villers-saint-sepulcre
Heilles - Mouchy,49.3403226,2.2731782,FR,heilles-mouchy
Vitrolles Aéroport Marseille Provence,43.4412293,5.2371148,FR,vitrolles-aeroport-marseille-provence
Voreppe,45.2903828,5.6319666,FR,voreppe
Nîmes Pont du Gard,43.8168238,4.5076542,FR,nimes-pont-du-gard
Gestel,47.8029641,-3.4431612,FR,gestel
Calonne-Ricouart,50.4827719,2.4811017,FR,calonne-ricouart
Goncelin,45.342234,5.9741317,FR,goncelin
Villeneuve-lès-Avignon,43.9567791,4.7922121,FR,villeneuve-les-avignon
Saint-Cyr - Les Lecques - La Cadière,43.1853928,5.7037699,FR,saint-cyr-les-lecques-la-cadiere
Marseillan-Plage,43.3181806,3.535529,FR,marseillan-plage
Saint-Maur Créteil,48.8063987,2.4722157,FR,saint-maur-creteil
Sète,43.412844,3.69653,FR,sete
Cormery,47.2624607,0.8339471,FR,cormery
Esvres,47.2841856,0.7816963,FR,esvres
Tarascon,43.8010557,4.657056,FR,tarascon
La Crau,43.1449984,6.0686284,FR,la-crau
Arles,43.6848994,4.6322332,FR,arles
Nîmes Centre,43.8323742,4.3662548,FR,nimes-centre
Aspres-sur-Buëch,44.5194122,5.7545579,FR,aspres-sur-buech
Veynes-Dévoluy,44.531909,5.8159141,FR,veynes-devoluy
Serres,44.4246613,5.7182968,FR,serres
Valence-Ville,44.9278288,4.8934708,FR,valence-ville
Saint-Martin-de-Crau,43.6221642,4.8004947,FR,saint-martin-de-crau
Millau,44.1023925,3.0744071,FR,millau
Manosque-Gréoux,43.8231386,5.7934423,FR,manosque-greoux
La Brillanne-Oraison,43.9247716,5.8924438,FR,la-brillanne-oraison
Pertuis,43.6843731,5.5035974,FR,pertuis
Carpentras,44.0482445,5.0445765,FR,carpentras
Orange,44.1375439,4.8195142,FR,orange
Clermont-Ferrand,45.7785851,3.1009334,FR,clermont-ferrand
Tain l'Hermitage - Tournon,45.072313,4.8397956,FR,tain-l'hermitage-tournon
Château-Arnoux-Saint-Auban,44.0614817,5.9975017,FR,chateau-arnoux-saint-auban
Pierrelatte,44.3747039,4.704055,FR,pierrelatte
Bagnols-sur-Cèze,44.1616575,4.6269652,FR,bagnols-sur-ceze
Livron,44.7797105,4.8302676,FR,livron
Pont-Saint-Esprit,44.253506,4.6431336,FR,pont-saint-esprit
Gap,44.5638545,6.0856595,FR,gap
Salon,43.6390736,5.0884425,FR,salon
Cavaillon,43.8346308,5.0439749,FR,cavaillon
Lorient,47.755113,-3.3669499,FR,lorient
Cassis,43.2341325,5.5531719,FR,cassis
Crest,44.7301082,5.0159295,FR,crest
Ruffec (Charente),46.0306165,0.1901473,FR,ruffec-charente
Port-de-Piles,47.0101695,0.5987158,FR,port-de-piles
Auneau,48.4458848,1.7800726,FR,auneau
Monnaie,47.4987733,0.7932376,FR,monnaie
Gare du Petit Train de la Mure,44.9121456,5.7835522,FR,gare-du-petit-train-de-la-mure
Carteret,49.3801073,-1.7842443,FR,carteret
La Redonne Ensuès,43.3343581,5.1975594,FR,la-redonne-ensues
Lathus,46.338192,0.9648689,FR,lathus
Saint-Christophe,44.4645782,2.407699,FR,saint-christophe
Carry-le-Rouet,43.3366765,5.1535981,FR,carry-le-rouet
Sévérac-le-Château,44.3246336,3.0569861,FR,severac-le-chateau
Bagnols - Chadenet,44.5285221,3.6282525,FR,bagnols-chadenet
Sarliève - Cournon,45.7387684,3.1681169,FR,sarlieve-cournon
Vertaizon,45.7845524,3.2882797,FR,vertaizon
Surgères,46.1133407,-0.7620913,FR,surgeres
Carhaix,48.2779955,-3.5621984,FR,carhaix
Port-Sainte-Marie,44.2504863,0.3905621,FR,port-sainte-marie
Mézidon - Canon,49.070949,-0.0749522,FR,mezidon-canon
Jonzac,45.4386471,-0.441778,FR,jonzac
Notre-Dame-d'Oé,47.459661,0.7069956,FR,notre-dame-d'oe
Avranches,48.690273,-1.3700408,FR,avranches
Le Mans-Hôpital,48.0134805,0.1747151,FR,le-mans-hopital
Croix Sainte,43.4088984,5.0196687,FR,croix-sainte
Lancey,45.234545,5.8808713,FR,lancey
Grenoble Universités - Gières,45.1850579,5.7849348,FR,grenoble-universites-gieres
Brignoud,45.2625277,5.9013413,FR,brignoud
Pontcharra-sur-Bréda - Allevard,45.4341267,6.007705,FR,pontcharra-sur-breda-allevard
Marsac-sur-l'Isle,45.1862705,0.6634539,FR,marsac-sur-l'isle
Martigues,43.3929443,5.0256298,FR,martigues
Saint-Genis-Laval Hôpital Lyon Sud,45.7017591,4.8043258,FR,saint-genis-laval-hopital-lyon-sud
Oullins Centre,45.7143257,4.8052287,FR,oullins-centre
Loches,47.1304512,1.0007106,FR,loches
Giévres,47.2789081,1.6678061,FR,gievres
Amilly Ouerray,48.4382588,1.3893306,FR,amilly-ouerray
Luant,46.7357607,1.5901218,FR,luant
Gaîté,48.8386383,2.3225137,FR,gaite
Massy-Europe,48.7235684,2.2726322,FR,massy-europe
Télégraphe,48.8754961,2.3989653,FR,telegraphe
Joué-les-Tours,47.3542719,0.6676538,FR,joue-les-tours
Chanac,44.4739849,3.3455166,FR,chanac
Azay-sur-Cher,47.3651913,0.8598549,FR,azay-sur-cher
Châteauroux,46.8094504,1.6994314,FR,chateauroux
Bagneux-Lucie Aubrac,48.8033534,2.317734,FR,bagneux-lucie-aubrac
Saint-Genouph,47.3709212,0.5969637,FR,saint-genouph
Côteaux de l'Orge,48.6653548,2.362595,FR,coteaux-de-l'orge
Bois de Saint-Eutrope,48.6341809,2.3956083,FR,bois-de-saint-eutrope
Parc du Château,48.6679136,2.3548003,FR,parc-du-chateau
Amédée Gordini,48.6588088,2.3736175,FR,amedee-gordini
Ferme Neuve,48.6521933,2.3833962,FR,ferme-neuve
Traité de Rome,48.6251847,2.4072531,FR,traite-de-rome
Bois Briard,48.6219788,2.4157859,FR,bois-briard
Évry-Courcouronnes T12,48.6249258,2.4254961,FR,evry-courcouronnes-t12
Cour Saint-Émilion,48.8335432,2.3859654,FR,cour-saint-emilion
La Dhuys,48.8779181,2.465293,FR,la-dhuys
Coteaux Beauclair,48.8822742,2.4674626,FR,coteaux-beauclair
Champlan,48.70801,2.2807856,FR,champlan
George V,48.872076,2.3004214,FR,george-v
Louvre - Rivoli,48.860809,2.3411316,FR,louvre-rivoli
Montreuil - Hôpital,48.8782994,2.4546182,FR,montreuil-hopital
Thiennes,50.6524494,2.4730423,FR,thiennes
Rosny - Bois-Perrier,48.8829544,2.4803413,FR,rosny-bois-perrier
Hôpital Bicêtre,48.8098797,2.3498218,FR,hopital-bicetre
Villejuif - Gustave Roussy,48.7930444,2.3493733,FR,villejuif-gustave-roussy
L'Haÿ-les-Roses,48.775479,2.3541942,FR,l'hay-les-roses
Chevilly-Larue,48.7585912,2.3670702,FR,chevilly-larue
Thiais - Orly,48.7471962,2.3728419,FR,thiais-orly
Aéroport d'Orly,48.7284394,2.3625587,FR,aeroport-d'orly
Saint-Denis - Pleyel,48.917626,2.3465523,FR,saint-denis-pleyel
Sausset-Les-Pins,43.3329833,5.1100682,FR,sausset-les-pins
Thoiras-Lasalle,44.0711797,3.9439876,FR,thoiras-lasalle
Porte d'Italie,48.819054,2.3594056,FR,porte-d'italie
Folligny,48.8298633,-1.4073765,FR,folligny
Riom - Châtel-Guyon,45.8899872,3.1207348,FR,riom-chatel-guyon
Brive-la-Gaillarde,45.1523243,1.5283827,FR,brive-la-gaillarde
St-Nicolas des Eaux,47.982632,-3.0411092,FR,st-nicolas-des-eaux
St-Rivalain,47.9469468,-3.0657288,FR,st-rivalain
Saint-Marcel,48.8382809,2.3608339,FR,saint-marcel
Richard Lenoir,48.860218,2.3720497,FR,richard-lenoir
Bréguet-Sabin,48.8566358,2.3704159,FR,breguet-sabin
Romilly-sur-Seine,48.5143247,3.7288163,FR,romilly-sur-seine
Voves,48.2749924,1.622251,FR,voves
La Réole,44.5799123,-0.0309095,FR,la-reole
Montalieu - Vallée Bleue,45.8260318,5.417796,FR,montalieu-vallee-bleue
La Source,45.8399364,5.416374,FR,la-source
Porcieu - Pont de Sault-Brénaz,45.8515472,5.4062964,FR,porcieu-pont-de-sault-brenaz
Saint-Égrève - Saint-Robert,45.2357174,5.6711212,FR,saint-egreve-saint-robert
Gare de Sillery,49.2032072,4.1441736,FR,gare-de-sillery
Le Croisic,47.2898097,-2.5069508,FR,le-croisic
Ancienne gare de Sauzelle,45.9676228,-1.3022608,FR,ancienne-gare-de-sauzelle
Oullins,45.7166841,4.8133829,FR,oullins
Sermizelles - Vézelay,47.5288727,3.7928809,FR,sermizelles-vezelay
Bègles,44.7993695,-0.5551706,FR,begles
Beynost,45.8339737,5.00762,FR,beynost
Sénas,43.740885,5.0732427,FR,senas
La Valbonne,45.8491508,5.1250781,FR,la-valbonne
Ménilmontant,48.8667039,2.3833464,FR,menilmontant
Couronnes,48.8690533,2.3804541,FR,couronnes
Soulac-sur-Mer,45.5081599,-1.1177154,FR,soulac-sur-mer
Cadaujac,44.7520845,-0.5376716,FR,cadaujac
Sain-Bel,45.8115425,4.6017078,FR,sain-bel
Bressuire,46.8383507,-0.4963729,FR,bressuire
Francheville,45.7337104,4.7696253,FR,francheville
Colonel Fabien,48.8774137,2.3710017,FR,colonel-fabien
La Coquille,45.5407657,0.9743326,FR,la-coquille
Le Mans,47.9952473,0.1921387,FR,le-mans
Libourne,44.9158715,-0.2363375,FR,libourne
Châteaubriant Tram-Train,47.7171244,-1.3714081,FR,chateaubriant-tram-train
Châteaubriant,47.7172397,-1.3713813,FR,chateaubriant
Montpon-Ménestérol,45.0061961,0.1593282,FR,montpon-menesterol
Nexon,45.6915328,1.1782651,FR,nexon
Varetz,45.1911378,1.4472857,FR,varetz
Coutras,45.03656,-0.1312864,FR,coutras
Montreuil-sur-Ille,48.3073294,-1.67455,FR,montreuil-sur-ille
Mussidan,45.0344873,0.3537887,FR,mussidan
Toucy-Ville,47.7311506,3.2921903,FR,toucy-ville
Tonnerre,47.8594005,3.9741942,FR,tonnerre
Saint-Maur – Champigny,48.8072194,2.509751,FR,saint-maur-champigny
Bréval,48.9434519,1.5417525,FR,breval
Bannalec,47.92662,-3.7063301,FR,bannalec
Auray,47.680434,-3.001243,FR,auray
Corps-Nuds,47.9851716,-1.5752989,FR,corps-nuds
Saint-Armel,48.0146818,-1.5948549,FR,saint-armel
Vern,48.0471249,-1.5966614,FR,vern
Le Varinot,48.7937655,5.1458568,FR,le-varinot
Saint-Christophe – Voie Sacrée,48.8192848,5.1621132,FR,saint-christophe-voie-sacree
Philippe Auguste,48.8582443,2.3901626,FR,philippe-auguste
Louise Michel,48.8883552,2.2883964,FR,louise-michel
Anatole France,48.8922209,2.2849048,FR,anatole-france
Pont de Levallois - Bécon,48.8971469,2.2804126,FR,pont-de-levallois-becon
Gare d'Istres,43.5154048,4.9802627,FR,gare-d'istres
Port-de-Bouc,43.4073118,4.9846166,FR,port-de-bouc
Saint-Clair - Les Roches,45.4502722,4.769831,FR,saint-clair-les-roches
Langon,44.5555541,-0.2557466,FR,langon
Chalais,45.2708636,0.0435812,FR,chalais
Saint-Chély-d'Apcher,44.8017084,3.2706793,FR,saint-chely-d'apcher
L'Isle-sur-la-Sorgue - Fontaine-de-Vaucluse,43.9172026,5.047511,FR,l'isle-sur-la-sorgue-fontaine-de-vaucluse
Périgueux,45.1872716,0.707548,FR,perigueux
Moirans,45.3220757,5.5817279,FR,moirans
Lyon Vaise,45.7802777,4.8035346,FR,lyon-vaise
Granville,48.8384333,-1.5873487,FR,granville
Lyon-Saint-Paul,45.7661226,4.8266713,FR,lyon-saint-paul
Argentan,48.7384017,-0.0257105,FR,argentan
Saint-Marcellin,45.1504744,5.3231563,FR,saint-marcellin
Carmaux,44.0486303,2.1519964,FR,carmaux
Le Dorat,46.2110395,1.0791656,FR,le-dorat
Tullins-Fures,45.3008692,5.4923209,FR,tullins-fures
Écully la Demi-Lune,45.7658041,4.7792611,FR,ecully-la-demi-lune
Briare,47.6464546,2.7337128,FR,briare
Montluçon-Ville,46.3378786,2.5960015,FR,montlucon-ville
Villedieu-les-Poêles,48.8342257,-1.2254839,FR,villedieu-les-poeles
Flers,48.744637,-0.573575,FR,flers
Saint-André-de-Cubzac,44.9909925,-0.4404757,FR,saint-andre-de-cubzac
Briouze,48.7020156,-0.3682572,FR,briouze
Saint-Mariens - Saint-Yzan,45.1391609,-0.3914684,FR,saint-mariens-saint-yzan
Montendre,45.2805727,-0.3960114,FR,montendre
Lamotte-Beuvron,47.5938355,2.0223299,FR,lamotte-beuvron
Uzerche,45.4407064,1.5704011,FR,uzerche
Saint-Astier,45.1389118,0.522904,FR,saint-astier
Saint-Seurin-sur-l'Isle,45.0114217,-0.0026722,FR,saint-seurin-sur-l'isle
Gourdon,44.7419825,1.3894875,FR,gourdon
Viviez - Decazeville,44.5556693,2.2184055,FR,viviez-decazeville
Valence d'Agen,44.1117898,0.8916454,FR,valence-d'agen
Agen,44.2083546,0.6209784,FR,agen
Saint-Sulpice-Laurière,46.0467881,1.4760699,FR,saint-sulpice-lauriere
La Ferté Saint-Aubin,47.7209308,1.9321722,FR,la-ferte-saint-aubin
Saint-Cyr-en-Val La-Source,47.8191964,1.9474521,FR,saint-cyr-en-val-la-source
Paris Gare du Nord (RER),48.8813945,2.3574373,FR,paris-gare-du-nord-rer
Paris Austerlitz RER,48.8406307,2.3670025,FR,paris-austerlitz-rer
Chemilly - Appoigny,47.8974395,3.554283,FR,chemilly-appoigny
Pontrieux,48.7056605,-3.1571702,FR,pontrieux
Albens,45.785996,5.9484833,FR,albens
Saint-Rambert-d'Albon,45.2977676,4.8103863,FR,saint-rambert-d'albon
Saint-Vallier-sur-Rhône,45.1857233,4.814533,FR,saint-vallier-sur-rhone
Sainte-Foy la Grande,44.8367602,0.2213547,FR,sainte-foy-la-grande
Bergerac,44.8573138,0.4892229,FR,bergerac
Sarlat,44.8770101,1.2202817,FR,sarlat
Nagylók,46.9792223,18.6356096,HU,nagylok
Várpalota,47.1945772,18.1488969,HU,varpalota
Veszprém,47.1189646,17.9114044,HU,veszprem
Városlőd-Kislőd,47.1343841,17.6318064,HU,varoslod-kislod
Ajka,47.1059403,17.5728618,HU,ajka
Pétfürdő,47.167253,18.1222229,HU,petfurdo
Hajmáskér,47.1409977,18.0090856,HU,hajmasker
Devecser,47.1121581,17.4358754,HU,devecser
Győr,47.6820845,17.6348269,HU,gyor
Sárbogárd,46.8967726,18.6120299,HU,sarbogard
Szil-Sopronnémeti,47.5334101,17.209668,HU,szil-sopronnemeti
Bősárkány,47.6854489,17.2342043,HU,bosarkany
Érd,47.3697006,18.9008522,HU,erd
Hatvan,47.6631262,19.6712326,HU,hatvan
Veresegyház,47.6490786,19.2887777,HU,veresegyhaz
Vajta,46.7141863,18.6481337,HU,vajta
Rácalmás,47.0242327,18.910103,HU,racalmas
Dunaújváros,46.9606121,18.9141032,HU,dunaujvaros
Mezőfalva,46.9053893,18.8104559,HU,mezofalva
Pápa,47.3404928,17.4588546,HU,papa
Vinár,47.3058672,17.2826045,HU,vinar
Fülöpszállás,46.8207762,19.246958,HU,fulopszallas
Kiskunhalas,46.4335293,19.4938774,HU,kiskunhalas
Kóny,47.6328108,17.3595372,HU,kony
Simontornya,46.7564944,18.5408505,HU,simontornya
Cece,46.7721885,18.6238132,HU,cece
Сомбор,45.7859981,19.1140701,RS,
Буковачки салаши,45.7405531,19.0735172,RS,
Бајмок,45.9768382,19.4130931,HU,
Veszprémvarsány,47.4433021,17.8185258,HU,veszpremvarsany
Tarjánpuszta,47.5045749,17.7889884,HU,tarjanpuszta
Pannonhalma,47.547519,17.7407026,HU,pannonhalma
Bakonyszentlászló,47.396001,17.8176032,HU,bakonyszentlaszlo
Mohács,46.0024703,18.6843799,HU,mohacs
Bóly,45.9376148,18.5383737,HU,boly
Tatabánya,47.5854431,18.3928956,HU,tatabanya
Decs,46.2838441,18.7559305,HU,decs
Gátér,46.6850166,19.9624042,HU,gater
Baja,46.1869807,18.9574905,HU,baja
Harkakötöny,46.4585444,19.6019963,HU,harkakotony
Hidas-Bonyhád,46.2692323,18.5230981,HU,hidas-bonyhad
Dunaföldvár,46.7931215,18.9124721,HU,dunafoldvar
Lajosmizse,47.0283934,19.5423745,HU,lajosmizse
Hetényegyháza,46.9308431,19.5949092,HU,hetenyegyhaza
Izsák,46.811761,19.3414941,HU,izsak
Ágasegyháza,46.8442152,19.4560931,HU,agasegyhaza
Helvécia,46.8558648,19.6161013,HU,helvecia
Kunszentmiklós-Tass,47.0182974,19.0999095,HU,kunszentmiklos-tass
Kiskunlacháza,47.1849642,19.0439836,HU,kiskunlachaza
Kiskőrös,46.627289,19.2967993,HU,kiskoros
Öregcsertő,46.523634,19.1176099,HU,oregcserto
Kalocsa,46.5348238,18.9947391,HU,kalocsa
Kecel,46.5524628,19.2418175,HU,kecel
Aba-Sárkeresztúr,47.023785,18.5425663,HU,aba-sarkeresztur
Tolna-Mözs,46.4151827,18.7502292,HU,tolna-mozs
Rétszilas,46.8137914,18.6012977,HU,retszilas
Győrszabadhegy,47.6631158,17.6480807,HU,gyorszabadhegy
Zirc,47.2667383,17.8781198,HU,zirc
Sárszentmihály,47.1700229,18.3148583,HU,sarszentmihaly
Gyál,47.3760289,19.220037,HU,gyal
Egyed-Rábacsanak,47.522084,17.316638,HU,egyed-rabacsanak
Jászárokszállás,47.6359779,19.970087,HU,jaszarokszallas
Kistelek,46.4671297,19.9666865,HU,kistelek
Táborfalva-Fenyves rakodó,47.0757565,19.4401446,HU,taborfalva-fenyves-rakodo
Adony,47.1061519,18.8478205,HU,adony
Sárosd,47.0395458,18.6602571,HU,sarosd
Dunai Finomító,47.2942945,18.8790807,HU,dunai-finomito
Ikrény,47.6576539,17.5233326,HU,ikreny
Moha-Rakodó,47.274161,18.3063895,HU,moha-rakodo
Moha,47.2471009,18.3393194,HU,moha
Inárcs-Kakucs,47.2470059,19.317831,HU,inarcs-kakucs
Vasúttörténeti Park,47.5415302,19.0978413,HU,vasuttorteneti-park
Budapest-Déli,47.4994789,19.0248757,HU,budapest-deli
Суботица,46.1019683,19.67134,RS,
Палић,46.1034122,19.7605979,RS,
Szabadszállás,46.8705188,19.2103571,HU,szabadszallas
Külsővat,47.2801632,17.2217599,HU,kulsovat
Kiskunmajsa,46.5018709,19.727735,HU,kiskunmajsa
Szentgál,47.1363631,17.707357,HU,szentgal
Herend,47.1367731,17.7604405,HU,herend
Kerta,47.1514242,17.238666,HU,kerta
Gyömöre,47.4851273,17.5588677,HU,gyomore
Ceglédbercel-Cserő,47.2106883,19.6860747,HU,cegledbercel-csero
Szany-Rábaszentandrás,47.4605405,17.3151891,HU,szany-rabaszentandras
Tüskevár,47.1287944,17.3312585,HU,tuskevar
Tajó,46.4725304,19.6501544,HU,tajo
Taksony,47.3205157,19.0770322,HU,taksony
Csengele,46.5383935,19.9091095,HU,csengele
Galambos,46.6251538,19.8013513,HU,galambos
Бачка Топола,45.8179729,19.6496424,RS,
Bugac,46.6842847,19.6770803,HU,bugac
Жедник,45.9398703,19.6683235,RS,
Petőfiszállás,46.617368,19.8653276,HU,petofiszallas
Nyársapát,47.1004231,19.7924438,HU,nyarsapat
Vaszar,47.4025611,17.4964138,HU,vaszar
Rákosszentmihály,47.521187,19.1461087,HU,rakosszentmihaly
Кљајићево,45.765441,19.2731237,RS,
Gyöngyösoldal,46.2554327,18.8522911,HU,gyongyosoldal
Кольчине,48.4654038,22.769202,UA,
Budaörs,47.447547,18.9649545,HU,budaors
Бачки Виногради,46.1276843,19.8579773,HU,
Tápiószele,47.3462651,19.8737617,HU,tapioszele
Szalkszentmárton,46.9708638,19.0237689,HU,szalkszentmarton
Алекса Шантић,45.9247571,19.3488783,HU,
Шебешић,46.0859904,19.5915535,RS,
Таванкут,46.042579,19.5029825,HU,
Светозар Милетић,45.8431437,19.2098295,RS,
Ором,45.9780737,19.8317736,RS,
Наумовићево,46.0235691,19.6812368,RS,
Enese,47.644145,17.4249134,HU,enese
Apostag,46.8851342,18.9775771,HU,apostag
Szabadbattyán,47.105399,18.3882409,HU,szabadbattyan
Budapest-Kelenföld,47.4642992,19.0206155,HU,budapest-kelenfold
Mezőlak,47.3236592,17.3644142,HU,mezolak
Budapest-Nyugati,47.5107203,19.0574804,HU,budapest-nyugati
Budapest-Keleti,47.500412,19.08398,HU,budapest-keleti
Bugac felső,46.6609938,19.6599265,HU,bugac-felso
Zichyújfalu,47.1244865,18.6721963,HU,zichyujfalu
Kecskemét KK,46.8927194,19.6857458,HU,kecskemet-kk
Porva-Csesznek,47.3269727,17.841448,HU,porva-csesznek
Szárliget,47.5191032,18.4952478,HU,szarliget
Városföld,46.8158425,19.7535973,HU,varosfold
Eplény,47.1926806,17.9216807,HU,epleny
Solt,46.8016088,19.0109348,HU,solt
Piliscsaba,47.6385535,18.8292471,HU,piliscsaba
Leányvár,47.6875892,18.7725541,HU,leanyvar
Tata,47.6639527,18.3278757,HU,tata
Kecskemét,46.9138009,19.7008962,HU,kecskemet
Cegléd,47.1824696,19.8074365,HU,cegled
Nagydorog,46.6154885,18.6499627,HU,nagydorog
Mexikói út,47.5195853,19.0908328,HU,mexikoi-ut
Széchenyi fürdő,47.5174782,19.0812753,HU,szechenyi-furdo
Hősök tere,47.5142154,19.0767759,HU,hosok-tere
Bajza utca,47.5113872,19.0725445,HU,bajza-utca
Kodály körönd,47.5092606,19.0693504,HU,kodaly-korond
Vörösmarty utca,47.5072389,19.0663322,HU,vorosmarty-utca
Oktogon,47.5049544,19.0629287,HU,oktogon
Határ út,47.4658802,19.1259189,HU,hatar-ut
Pöttyös utca,47.4681934,19.1180315,HU,pottyos-utca
Ecseri út,47.4708589,19.1107643,HU,ecseri-ut
Népliget,47.4752959,19.0999512,HU,nepliget
Nagyvárad tér,47.4786668,19.090409,HU,nagyvarad-ter
Semmelweis Klinikák,47.4832585,19.0779227,HU,semmelweis-klinikak
Corvin-negyed,47.4852808,19.0717478,HU,corvin-negyed
Ferenciek tere,47.4924499,19.0562944,HU,ferenciek-tere
Vörösmarty tér,47.4966817,19.0503341,HU,vorosmarty-ter
Bajcsy-Zsilinszky út,47.4999169,19.0553753,HU,bajcsy-zsilinszky-ut
Arany János utca,47.5040834,19.0546254,HU,arany-janos-utca
Nyugati pályaudvar,47.5112369,19.0564842,HU,nyugati-palyaudvar
Lehel tér,47.5182391,19.0605508,HU,lehel-ter
Kelenföld vasútállomás,47.4643298,19.0201331,HU,kelenfold-vasutallomas
Bikás park,47.4650396,19.0329092,HU,bikas-park
Újbuda-központ,47.4732151,19.046184,HU,ujbuda-kozpont
Móricz Zsigmond körtér,47.4769307,19.0474068,HU,moricz-zsigmond-korter
Rákóczi tér,47.4927304,19.0719578,HU,rakoczi-ter
II. János Pál pápa tér,47.4958303,19.0775339,HU,ii-janos-pal-papa-ter
Pillangó utca,47.5011832,19.1198882,HU,pillango-utca
Puskás Ferenc Stadion,47.5002664,19.1059888,HU,puskas-ferenc-stadion
Astoria,47.4947838,19.0616594,HU,astoria
Kossuth Lajos tér,47.5057199,19.0449808,HU,kossuth-lajos-ter
Széll Kálmán tér,47.5077259,19.0263013,HU,szell-kalman-ter
Déli pályaudvar,47.5008855,19.0245985,HU,deli-palyaudvar
Gyöngyösi utca,47.5490555,19.0733534,HU,gyongyosi-utca
Göncz Árpád városközpont,47.532679,19.0667774,HU,goncz-arpad-varoskozpont
Dózsa György út,47.5249055,19.0634163,HU,dozsa-gyorgy-ut
Forgách utca,47.5389554,19.0694521,HU,forgach-utca
Újpest-városkapu,47.5593306,19.0804103,HU,ujpest-varoskapu
Gecse-Gyarmat,47.4561134,17.5151031,HU,gecse-gyarmat
Csomád,47.6355833,19.2228184,HU,csomad
Fót,47.6113671,19.1816987,HU,fot
Alcsútdoboz Arborétum,47.4239172,18.5834951,HU,alcsutdoboz-arboretum
Puskás Akadémia,47.4664086,18.5945804,HU,puskas-akademia
Felcsút,47.4409747,18.5878901,HU,felcsut
Isaszeg,47.5374207,19.3890045,HU,isaszeg
Tököl,47.3131898,18.9739876,HU,tokol
Törökfái,46.8333083,19.6483676,HU,torokfai
Solymár,47.5963712,18.9494722,HU,solymar
Óbuda,47.5691195,19.0327128,HU,obuda
Békásmegyer,47.598089,19.0546042,HU,bekasmegyer
Budakalász,47.6161355,19.0549536,HU,budakalasz
Pomáz,47.6429539,19.0325015,HU,pomaz
Szentendre,47.6607322,19.0751317,HU,szentendre
Hűvösvölgy,47.5411013,18.9636568,HU,huvosvolgy
Virágvölgy,47.5058353,18.9587408,HU,viragvolgy
Hárshegy,47.5353454,18.9613497,HU,harshegy
Szépjuhászné,47.5284007,18.9552207,HU,szepjuhaszne
Jánoshegy,47.5147372,18.9508614,HU,janoshegy
Csillebérc,47.4981355,18.9616928,HU,csilleberc
Széchenyihegy,47.4941227,18.976704,HU,szechenyihegy
Pilisvörösvár,47.6147344,18.9012593,HU,pilisvorosvar
Újpest-központ,47.5603263,19.0906475,HU,ujpest-kozpont
Fővám tér,47.4861979,19.0576823,HU,fovam-ter
Főbejárat,47.6922076,19.0448306,HU,fobejarat
Háros,47.4122226,19.035126,HU,haros
Blaha Lujza tér,47.4968269,19.0697531,HU,blaha-lujza-ter
Aszód,47.6476137,19.492599,HU,aszod
Pécel,47.4937604,19.3383052,HU,pecel
Nagyicce,47.5069494,19.1673747,HU,nagyicce
Kerepes,47.553063,19.2708711,HU,kerepes
Cinkota,47.5196828,19.2179577,HU,cinkota
Mogyoród,47.5965344,19.2716675,HU,mogyorod
Csömör,47.5450908,19.2249315,HU,csomor
Csepel,47.4217019,19.0662891,HU,csepel
Kőbánya felső,47.4918176,19.1338628,HU,kobanya-felso
Szigetcsép,47.2702477,18.9562742,HU,szigetcsep
Rákos,47.4888164,19.1735409,HU,rakos
Máriabesnyő,47.5958954,19.3890813,HU,mariabesnyo
Győrszentiván,47.6886455,17.7460481,HU,gyorszentivan
Boráros tér,47.4787204,19.0668593,HU,boraros-ter
Pesterzsébet felső,47.4381203,19.0936765,HU,pesterzsebet-felso
Ferencváros,47.4685737,19.0885971,HU,ferencvaros
Vecsés,47.4086572,19.2560738,HU,vecses
Soroksár,47.4022924,19.1233965,HU,soroksar
Rákoshegy,47.4689328,19.244315,HU,rakoshegy
Galgamácsa,47.6938706,19.392589,HU,galgamacsa
Nagykáta,47.4109744,19.734901,HU,nagykata
Herceghalom,47.493681,18.7457929,HU,herceghalom
Angyalföld,47.5502218,19.0895103,HU,angyalfold
Közvágóhíd,47.4659153,19.0774747,HU,kozvagohid
Dunaharaszti külső,47.3602773,19.0864399,HU,dunaharaszti-kulso
Ráckeve,47.1760583,18.9417023,HU,rackeve
Pusztaszabolcs,47.1393834,18.7618236,HU,pusztaszabolcs
Jászszentlászló,46.5659223,19.7534531,HU,jaszszentlaszlo
Székesfehérvár,47.1830169,18.4249947,HU,szekesfehervar
Paks,46.6066331,18.8529728,HU,paks
Százhalombatta,47.322579,18.899312,HU,szazhalombatta
Kelebia,46.1948037,19.6102549,HU,kelebia
Őrbottyán,47.6855833,19.2839834,HU,orbottyan
Kispest,47.4475166,19.1569765,HU,kispest
Pestszentimre,47.4031139,19.1874556,HU,pestszentimre
Kecskemét alsó,46.8954299,19.6914773,HU,kecskemet-also
Pestszentlőrinc,47.4548436,19.1827618,HU,pestszentlorinc
Rákosrendező,47.5269017,19.0908557,HU,rakosrendezo
Csorna,47.6019587,17.248911,HU,csorna
Biatorbágy,47.4802329,18.8345425,HU,biatorbagy
Bodajk,47.3180555,18.2520467,HU,bodajk
Mór,47.3695041,18.1888111,HU,mor
Bakonysárkány,47.443835,18.1033732,HU,bakonysarkany
Kisbér,47.4942543,18.0249355,HU,kisber
Környe,47.5428823,18.3333604,HU,kornye
Oroszlány,47.4869491,18.309,HU,oroszlany
Csór-Nádasdladány,47.1739113,18.2204876,HU,csor-nadasdladany
Bicske,47.48431,18.618453,HU,bicske
Győrszemere,47.5679825,17.5849431,HU,gyorszemere
Üllő,47.3907859,19.3507546,HU,ullo
Pilis,47.2795799,19.5370538,HU,pilis
Albertirsa,47.2403404,19.6066508,HU,albertirsa
Nagytétény-Diósd,47.3982611,18.9723339,HU,nagyteteny-diosd
Érdliget,47.3902,18.9379581,HU,erdliget
Szekszárd,46.3496086,18.7127426,HU,szekszard
Gárdony,47.2060681,18.6247351,HU,gardony
Tárnok,47.3652962,18.8735221,HU,tarnok
Vámosgyörk,47.6861124,19.9277785,HU,vamosgyork
Ercsi,47.2470261,18.8753784,HU,ercsi
Bátaszék,46.2026429,18.7155622,HU,bataszek
Börgönd,47.139993,18.5150207,HU,borgond
Nagytétény,47.3879209,18.9743711,HU,nagyteteny
Dunakeszi,47.6259102,19.1359673,HU,dunakeszi
Göd,47.6879452,19.1375105,HU,god
Kisszállás,46.2786664,19.5387644,HU,kisszallas
Dunavecse,46.9200237,18.980307,HU,dunavecse
Gyömrő,47.4296516,19.393589,HU,gyomro
Sülysáp,47.4516969,19.527192,HU,sulysap
Rákospalota-Újpest,47.5656707,19.1121259,HU,rakospalota-ujpest
Kiskunmajsa KK,46.5049234,19.7251969,HU,kiskunmajsa-kk
Szank,46.5502513,19.6673982,HU,szank
Jakabszállás,46.766117,19.6043519,HU,jakabszallas
Soroksári út,47.4584934,19.0824927,HU,soroksari-ut
Nagyigmánd-Bábolna,47.6306113,18.050807,HU,nagyigmand-babolna
Мукачево,48.4293545,22.7119586,UA,
Ключарки,48.4092665,22.6414612,UA,
Mátéházapuszta,46.1501278,19.0637903,HU,matehazapuszta
Bácsbokod-Bácsborsód,46.1155947,19.1598588,HU,bacsbokod-bacsborsod
Bácsalmás,46.1177218,19.3469046,HU,bacsalmas
Mélykút,46.2128625,19.3704515,HU,melykut
Jánoshalma,46.2928058,19.3307244,HU,janoshalma
Kunfehértó,46.3559904,19.4169081,HU,kunfeherto
Tápiógyörgye,47.32469,19.9500005,HU,tapiogyorgye
Tápiószecső,47.4428138,19.6150563,HU,tapioszecso
Хоргош,46.1558336,19.9577879,HU,
Богараш,45.9351409,19.9273342,RS,
Délegyháza,47.2535308,19.0609389,HU,delegyhaza
Kápolnásnyék,47.2456082,18.6930827,HU,kapolnasnyek
Monor,47.3453975,19.4370172,HU,monor
Táborfalva,47.0984577,19.4791827,HU,taborfalva
Beli Manastir,45.765736,18.5961755,HR,beli-manastir
Örkény,47.132959,19.4471443,HU,orkeny
Dabas,47.1945973,19.3294956,HU,dabas
Ócsa,47.3013702,19.2326039,HU,ocsa
Maglód,47.4390106,19.3399267,HU,maglod
Portelek,47.4180602,19.9585658,HU,portelek
Jászberény,47.494691,19.8934511,HU,jaszbereny
Pusztamonostor,47.5643272,19.794366,HU,pusztamonostor
Jászfényszaru,47.5933103,19.753685,HU,jaszfenyszaru
Szabadegyháza,47.0828119,18.7047726,HU,szabadegyhaza
Dömsöd,47.1104658,19.0797618,HU,domsod
Kecskemét-Máriaváros,46.9011715,19.6759194,HU,kecskemet-mariavaros
Katonatelep,46.9631376,19.7188763,HU,katonatelep
Nagykőrös,47.0384333,19.7601987,HU,nagykoros
Martonvásár,47.3205241,18.7809307,HU,martonvasar
Мукачево-Західне,48.4284523,22.7079943,UA,
Kiskunfélegyháza,46.7070213,19.8342276,HU,kiskunfelegyhaza
Banteer,52.1289412,-8.8990867,IE,banteer
Millstreet,52.077397,-9.070116,IE,millstreet
Castlebar,53.8473852,-9.2881409,IE,castlebar
Manulla Junction,53.8277751,-9.1924966,IE,manulla-junction
Ennis,52.8391561,-8.9753026,IE,ennis
Ballyhaunis,53.7616691,-8.7585405,IE,ballyhaunis
Rathmore,52.0852498,-9.2179688,IE,rathmore
Westport,53.7961425,-9.5100554,IE,westport
Ballina,54.1089903,-9.1607346,IE,ballina
Foxford,53.9828647,-9.1364385,IE,foxford
Farranfore,52.1737762,-9.5520783,IE,farranfore
Ardrahan,53.1572548,-8.8146608,IE,ardrahan
Gort,53.0671685,-8.8141817,IE,gort
Sixmilebridge,52.7380977,-8.7857729,IE,sixmilebridge
Craughwell,53.2251309,-8.7358299,IE,craughwell
Charleville,52.3472276,-8.6535787,IE,charleville
Mallow,52.138912,-8.6551101,IE,mallow
Killarney,52.0591548,-9.5023187,IE,killarney
Attymon,53.3212772,-8.6062737,IE,attymon
Tralee Casement,52.2710228,-9.6991554,IE,tralee-casement
Leisureland Express,53.2584349,-9.0833257,IE,leisureland-express
Westport House,53.80138,-9.5370959,IE,westport-house
Claremorris,53.7206837,-9.0022215,IE,claremorris
Limerick Colbert,52.6588782,-8.6246847,IE,limerick-colbert
Galway Ceannt,53.2738345,-9.0474882,IE,galway-ceannt
Athenry,53.301501,-8.7485558,IE,athenry
Oranmore,53.2754881,-8.9472704,IE,oranmore
Roma Prenestina,41.8978602,12.5460519,IT,roma-prenestina
Aversa,40.9732828,14.2183837,IT,aversa
Sessa Aurunca-Roccamonfina,41.1960166,13.8756694,IT,sessa-aurunca-roccamonfina
Anagni-Fiuggi,41.7104102,13.096018,IT,anagni-fiuggi
Camposampiero,45.5688896,11.9285911,IT,camposampiero
Imola,44.3593407,11.718727,IT,imola
Civitella Paganico,42.9401556,11.2831834,IT,civitella-paganico
Buonconvento,43.1355267,11.4835677,IT,buonconvento
Reggio Emilia,44.6976226,10.6432684,IT,reggio-emilia
Blažuj,43.8384757,18.2587366,BA,blazuj
Montesilvano,42.5164581,14.1513568,IT,montesilvano
Vigodarzere,45.4532936,11.8914755,IT,vigodarzere
Fanzolo,45.708345,11.9918538,IT,fanzolo
Cornuda,45.8338442,12.0126766,IT,cornuda
Sticciano,42.9292961,11.1187485,IT,sticciano
Monteroni d'Arbia,43.230078,11.4197973,IT,monteroni-d'arbia
Deiva Marina,44.2172471,9.5189922,IT,deiva-marina
Pontedera - Casciana Terme,43.662216,10.6288913,IT,pontedera-casciana-terme
Pescara Porta Nuova,42.4574413,14.2123842,IT,pescara-porta-nuova
Gianturco,40.845991,14.2872782,IT,gianturco
Empoli,43.7158642,10.9492244,IT,empoli
Indicatore,43.4801618,11.8034845,IT,indicatore
Senigallia,43.7162306,13.2216868,IT,senigallia
Montemarciano,43.6513319,13.3465757,IT,montemarciano
Civitanova Marche-Montegranaro,43.3091179,13.7255914,IT,civitanova-marche-montegranaro
Varano,43.5748433,13.5234768,IT,varano
Ciampino,41.8042547,12.5995067,IT,ciampino
Piramide,41.8748621,12.4824769,IT,piramide
Navacchio,43.6859885,10.4868786,IT,navacchio
Lucca,43.8372836,10.5061831,IT,lucca
Viareggio,43.8738925,10.2526248,IT,viareggio
Perugia,43.1038341,12.375578,IT,perugia
Ellera-Corciano,43.094719,12.3186251,IT,ellera-corciano
Capodacqua-Pieve Fanonica,43.026762,12.7541104,IT,capodacqua-pieve-fanonica
Spello,42.984418,12.6688869,IT,spello
Nocera Umbra,43.1006553,12.7672349,IT,nocera-umbra
Fossato Di Vico-Gubbio,43.2838771,12.7572848,IT,fossato-di-vico-gubbio
Cangiani,40.7852651,14.537646,IT,cangiani
San Pietro,40.7606307,14.534329,IT,san-pietro
Modena Piazza Manzoni,44.6344293,10.9311678,IT,modena-piazza-manzoni
Calenzano,43.8564071,11.1451079,IT,calenzano
Pratignone,43.8493578,11.1614983,IT,pratignone
Il Neto,43.8395504,11.1828287,IT,il-neto
Zambra,43.8258475,11.2059039,IT,zambra
Rimini Viserba,44.0882471,12.5339849,IT,rimini-viserba
Rimini Torre Pedrera,44.1069462,12.5086943,IT,rimini-torre-pedrera
Igea Marina,44.1308329,12.4827849,IT,igea-marina
Torre del Lago Puccini,43.8264917,10.290307,IT,torre-del-lago-puccini
Roma Termini,41.9005815,12.5025272,IT,roma-termini
Pianoro,44.3805968,11.3407395,IT,pianoro
Forlimpopoli Bertinoro,44.1940816,12.1280993,IT,forlimpopoli-bertinoro
Forlì,44.2240424,12.0547835,IT,forli
Lastra a Signa,43.7692803,11.1024364,IT,lastra-a-signa
Santarcangelo di Romagna,44.0702105,12.4542147,IT,santarcangelo-di-romagna
Budrio,44.5330286,11.5286135,IT,budrio
Villa Augustea,40.8733537,14.4262847,IT,villa-augustea
Rione Trieste,40.8702695,14.4618286,IT,rione-trieste
Madonna Dell'Arco,40.8673467,14.3894802,IT,madonna-dell'arco
Sinalunga,43.2161669,11.7447679,IT,sinalunga
Schio,45.7106909,11.3574946,IT,schio
Castenaso,44.5034266,11.4721437,IT,castenaso
Cerignola Campagna,41.3156229,15.897262,IT,cerignola-campagna
Solarolo,44.3564379,11.8492162,IT,solarolo
Castel Bolognese-Riolo Terme,44.3253985,11.8039654,IT,castel-bolognese-riolo-terme
Rudalza,40.9941301,9.5311598,IT,rudalza
Cala Sabina,41.010811,9.5877339,IT,cala-sabina
Olbia Terranova,40.9220274,9.4938349,IT,olbia-terranova
Nettuno,41.4595461,12.6620575,IT,nettuno
Pavona,41.7251279,12.6100161,IT,pavona
San Frediano a Settimo,43.6805668,10.5173249,IT,san-frediano-a-settimo
Cassano d’Adda,45.5146387,9.512329,IT,cassano-dadda
Ortanova,41.3503799,15.7321271,IT,ortanova
Foggia,41.4659474,15.555882,IT,foggia
Pian Paradiso,42.2630484,12.4571176,IT,pian-paradiso
Civita Castellana,42.2915715,12.4133311,IT,civita-castellana
Vignanello,42.3826716,12.2764312,IT,vignanello
Vallerano,42.3842661,12.2700216,IT,vallerano
Assisi,43.0588944,12.585083,IT,assisi
Jesi,43.5203995,13.2518499,IT,jesi
Gambettola,44.1167544,12.3275913,IT,gambettola
Pescara Centrale,42.4686227,14.203958,IT,pescara-centrale
Trento Santa Chiara,46.05438,11.1354677,IT,trento-santa-chiara
Firenze Statuto,43.7873323,11.2499596,IT,firenze-statuto
Fidenza,44.8677828,10.0634249,IT,fidenza
Misano Adriatico,43.9772816,12.6975104,IT,misano-adriatico
Dossobuono,45.3924814,10.9147556,IT,dossobuono
Fabriano,43.3455016,12.905419,IT,fabriano
Alano Fener Valdobbiadene,45.9026315,11.9443689,IT,alano-fener-valdobbiadene
Quero Vas,45.9392991,11.9200049,IT,quero-vas
Busche-Lentiai-Mel,46.0400145,11.9794095,IT,busche-lentiai-mel
Santa Giustina-Cesio,46.0777659,12.0428941,IT,santa-giustina-cesio
Sedico - Bribano,46.0955177,12.0865923,IT,sedico-bribano
Prato Borgonuovo,43.8914636,11.0753784,IT,prato-borgonuovo
Gatteo a Mare,44.1706005,12.4321679,IT,gatteo-a-mare
Cesenatico,44.2004956,12.3912617,IT,cesenatico
Lido Di Classe / Lido Di Savio,44.3146313,12.2928091,IT,lido-di-classe-/-lido-di-savio
Serra San Quirico,43.4448723,13.0274269,IT,serra-san-quirico
Napoli Centro Direzionale,40.8580791,14.2818622,IT,napoli-centro-direzionale
Mollaro,46.2948169,11.0682542,IT,mollaro
Firenze Rifredi,43.8000802,11.236163,IT,firenze-rifredi
Firenze Castello,43.8198547,11.2187241,IT,firenze-castello
Sesto Fiorentino,43.8333953,11.1918262,IT,sesto-fiorentino
Guindazzi,40.8621065,14.3842104,IT,guindazzi
Baiano,40.9528924,14.6171934,IT,baiano
Sperone-Avella,40.9551883,14.6025649,IT,sperone-avella
Camposano,40.9522116,14.5314388,IT,camposano
Castelcisterna,40.9204238,14.412245,IT,castelcisterna
Pratola Ponte,40.9134619,14.3831037,IT,pratola-ponte
Pratola Peligna,42.1023797,13.8763738,IT,pratola-peligna
Popoli-Vittorito,42.1723743,13.8261309,IT,popoli-vittorito
Bussi,42.1941252,13.8490736,IT,bussi
Piano d'Orta-Bolognano,42.2543472,13.9515503,IT,piano-d'orta-bolognano
Scafa-San Valentino-Caramanico Terme,42.2673498,13.998473,IT,scafa-san-valentino-caramanico-terme
Alanno,42.2871395,14.0195807,IT,alanno
Manoppello,42.3058707,14.061097,IT,manoppello
Chieti,42.3568702,14.1381262,IT,chieti
Riccione,43.9989786,12.6587388,IT,riccione
Villafranca di Verona,45.3498714,10.8490524,IT,villafranca-di-verona
Tivoli,41.9618813,12.8050665,IT,tivoli
Marcellina-Palombara,41.9996557,12.791368,IT,marcellina-palombara
Torricella,43.1588575,12.1881684,IT,torricella
Sulmona,42.0609847,13.9073245,IT,sulmona
Pescia,43.8868391,10.6860717,IT,pescia
Montale Agliana,43.9128796,11.0084548,IT,montale-agliana
Rimini Miramare,44.0302541,12.618277,IT,rimini-miramare
Quintiliani,41.915505,12.5386693,IT,quintiliani
Bologna,41.9136627,12.5208145,IT,bologna
Classe,44.3820638,12.234974,IT,classe
Bellaria,44.1502199,12.4612069,IT,bellaria
Coccaglio,45.5610556,9.9774129,IT,coccaglio
Rovato,45.5520716,10.0012855,IT,rovato
Alfonsine,44.5117705,12.0399713,IT,alfonsine
Bagnacavallo,44.4122152,11.9693695,IT,bagnacavallo
Romano,45.5238156,9.7535313,IT,romano
Morengo-Bariano,45.5216191,9.7032279,IT,morengo-bariano
Leopardi,40.76615,14.4177616,IT,leopardi
Acilia,41.7835343,12.3608521,IT,acilia
Bastione,45.8846548,10.8360422,IT,bastione
Bovolone,45.2545943,11.1243858,IT,bovolone
Moregine,40.7382268,14.4850746,IT,moregine
Treviso Centrale,45.6600557,12.2452188,IT,treviso-centrale
Manarola,44.1049216,9.7292049,IT,manarola
San Vito-Lanciano,42.304845,14.4404829,IT,san-vito-lanciano
Russi,44.379005,12.0317378,IT,russi
Grumo - San Michele,46.193903,11.1279605,IT,grumo-san-michele
Nave San Felice,46.1681511,11.1139628,IT,nave-san-felice
Zambana,46.1512683,11.1007472,IT,zambana
Gardolo,46.10806,11.1046112,IT,gardolo
Porto di Vasto,42.1686613,14.6956693,IT,porto-di-vasto
Iseo,45.6566182,10.0502561,IT,iseo
Sale Marasino,45.7128044,10.1117054,IT,sale-marasino
Marone-Zone,45.7383838,10.0933661,IT,marone-zone
Mostar,43.3489955,17.813885,BA,mostar
Ex Stazione FAC di Padule,43.3176897,12.6207384,IT,ex-stazione-fac-di-padule
Kutina,45.4752738,16.773726,HR,kutina
Capistrello,41.970495,13.3992861,IT,capistrello
RiminiFiera,44.0706761,12.5254633,IT,riminifiera
Lipovljani,45.3867765,16.8824282,HR,lipovljani
Firenze Rovezzano,43.7688762,11.3088448,IT,firenze-rovezzano
Chiaiano,40.8907119,14.223476,IT,chiaiano
Palazzolo,40.8411859,14.2327759,IT,palazzolo
Cimarosa,40.8423226,14.2320228,IT,cimarosa
Parco Margherita,40.8381198,14.2346978,IT,parco-margherita
Morghen,40.8442768,14.2361784,IT,morghen
Nocera Superiore,40.7425853,14.6724286,IT,nocera-superiore
Dueville,45.6350699,11.5463059,IT,dueville
Cancello,40.9943228,14.4192148,IT,cancello
Piave,40.8429135,14.2065388,IT,piave
Soccavo,40.8439578,14.2006167,IT,soccavo
Traiano,40.8450687,14.1941085,IT,traiano
La Trencia,40.8540341,14.1719378,IT,la-trencia
Arco Felice,40.8328497,14.1015092,IT,arco-felice
Capua,41.1013026,14.2103856,IT,capua
Pignataro Maggiore,41.1737971,14.160604,IT,pignataro-maggiore
Licola,40.8714621,14.0589519,IT,licola
Marina di Licola,40.8631384,14.0480777,IT,marina-di-licola
Bagnoli-Città della Scienza,40.8151034,14.1667879,IT,bagnoli-citta-della-scienza
Caldonazzo,45.9974291,11.2649955,IT,caldonazzo
Calceranica,46.0073126,11.2407723,IT,calceranica
Palo del Colle,41.0513888,16.710884,IT,palo-del-colle
Binetto,41.02385,16.7031136,IT,binetto
Ascea,40.1410172,15.1725523,IT,ascea
Piazza Cahen,42.7213911,12.1200921,IT,piazza-cahen
Ostia Antica,41.7563045,12.3021683,IT,ostia-antica
Castel Fusano,41.720476,12.309033,IT,castel-fusano
Lido Centro,41.7332001,12.2841734,IT,lido-centro
Sant'Antimo-Sant'Arpino,40.9491369,14.2474359,IT,sant'antimo-sant'arpino
Casalecchio di Reno,44.4743616,11.2762664,IT,casalecchio-di-reno
Padiglione,41.5133803,12.6294408,IT,padiglione
Campo di Carne,41.5520849,12.6351506,IT,campo-di-carne
Aprilia,41.592305,12.6391885,IT,aprilia
Mozzecane,45.3067791,10.8234678,IT,mozzecane
Roverbella,45.2526114,10.7966142,IT,roverbella
Viadana Bresciana,45.3736987,10.3319135,IT,viadana-bresciana
Ascoli Piceno,42.8554501,13.5879554,IT,ascoli-piceno
Carpino,41.8543158,15.8203703,IT,carpino
Marechiaro,41.4726718,12.6129611,IT,marechiaro
Serravalle Pistoiese,43.9081456,10.8516385,IT,serravalle-pistoiese
Certaldo,43.5471918,11.0378215,IT,certaldo
Lama,45.0433835,11.9130597,IT,lama
Ordona,41.3149244,15.6207168,IT,ordona
Venosa-Maschito,40.9790866,15.8461609,IT,venosa-maschito
Cavazzale,45.5962218,11.5701506,IT,cavazzale
Gonzaga-Reggiolo,44.9392554,10.8156473,IT,gonzaga-reggiolo
Polesella,44.9610354,11.7387188,IT,polesella
Conca d'Oro,41.9397676,12.528141,IT,conca-d'oro
Lucera 2,41.497394,15.3415679,IT,lucera-2
Coronella,44.7957278,11.5438112,IT,coronella
Galliera,44.7376926,11.441546,IT,galliera
San Pietro in Casale,44.6979493,11.4047318,IT,san-pietro-in-casale
San Giorgio di Piano,44.6466572,11.37891,IT,san-giorgio-di-piano
Funo Centergross,44.5936665,11.3710034,IT,funo-centergross
Castelmaggiore,44.5775261,11.3676455,IT,castelmaggiore
Este,45.221041,11.6630085,IT,este
Saletto,45.222816,11.5350685,IT,saletto
Dolianova,39.3766192,9.1688551,IT,dolianova
Viterbo Porta Fiorentina,42.4253081,12.1063168,IT,viterbo-porta-fiorentina
Viterbo Porta Romana,42.4119598,12.1104211,IT,viterbo-porta-romana
Tre Croci,42.3315221,12.0861961,IT,tre-croci
Pontida,45.7301419,9.5118305,IT,pontida
Cagliari Elmas,39.2642984,9.0454111,IT,cagliari-elmas
Decimomannu,39.3046509,8.9657927,IT,decimomannu
Seriate,45.6832443,9.7249431,IT,seriate
Ospitaletto-Travagliato,45.5460118,10.074379,IT,ospitaletto-travagliato
Montefiascone,42.5202918,12.0503741,IT,montefiascone
Grotte Santo Stefano,42.5151167,12.1695457,IT,grotte-santo-stefano
Oriolo,42.1668437,12.1384679,IT,oriolo
Capranica-Sutri,42.2452194,12.1571812,IT,capranica-sutri
Vetralla,42.3045956,12.0891166,IT,vetralla
Soriano,42.4216813,12.2337326,IT,soriano
Vitorchiano,42.4414465,12.1767962,IT,vitorchiano
Bagnaia,42.427605,12.153303,IT,bagnaia
Viterbo,42.4240915,12.1082976,IT,viterbo
Terno,45.6886022,9.5361834,IT,terno
Lido Nord,41.7404251,12.2845622,IT,lido-nord
Sasso Marconi,44.3949461,11.254322,IT,sasso-marconi
Lama di Reno,44.3628324,11.214449,IT,lama-di-reno
Marzabotto,44.3413093,11.2073629,IT,marzabotto
Cristoforo Colombo,41.7145146,12.3219552,IT,cristoforo-colombo
Strigno,46.0511847,11.5144411,IT,strigno
Tezze di Grigno,45.9904101,11.6696124,IT,tezze-di-grigno
Cismon del Grappa,45.9196911,11.7295426,IT,cismon-del-grappa
San Marino,45.8977502,11.6921591,IT,san-marino
Carpanè - Valstagna,45.8601536,11.6610214,IT,carpane-valstagna
San Nazario,45.8381627,11.691421,IT,san-nazario
Solagna,45.8153475,11.7211787,IT,solagna
Porto d'Ascoli,42.9127185,13.8968044,IT,porto-d'ascoli
Offida-Castel di Lama,42.8620879,13.7202432,IT,offida-castel-di-lama
Signa,43.7755217,11.0957589,IT,signa
Castelraimondo-Camerino,43.2105495,13.0572746,IT,castelraimondo-camerino
Matelica,43.254011,13.0151351,IT,matelica
Minucciano-Pieve-Casola,44.1943727,10.1938391,IT,minucciano-pieve-casola
Pizzighettone,45.1817679,9.7768908,IT,pizzighettone
Palermo Centrale,38.1092571,13.3674799,IT,palermo-centrale
Trapani,38.0173248,12.5200318,IT,trapani
Drivenik,45.2672227,14.6913158,HR,drivenik
Plase,45.2835306,14.6290721,HR,plase
Vanvitelli,40.8439185,14.2317452,IT,vanvitelli
Quattro Giornate,40.8463367,14.2251237,IT,quattro-giornate
Materdei,40.8550584,14.2423127,IT,materdei
Museo,40.8534244,14.2516971,IT,museo
Mostra - Stadio Maradona,40.8245648,14.1932039,IT,mostra-stadio-maradona
Agnano,40.8176973,14.1763585,IT,agnano
Montedonzelli,40.8559498,14.2250259,IT,montedonzelli
Collecchio,44.7553283,10.2122815,IT,collecchio
Vaio Ospedale,44.8497687,10.0380296,IT,vaio-ospedale
Francavilla al Mare,42.4212652,14.2879487,IT,francavilla-al-mare
Fabro-Ficulle,42.8748147,12.0414912,IT,fabro-ficulle
Pagani,40.746519,14.6170158,IT,pagani
Casalbuttano,45.2554367,9.9621953,IT,casalbuttano
Crema,45.3668515,9.6941917,IT,crema
Castelleone,45.301822,9.7677964,IT,castelleone
Villazzano,46.0458891,11.1393028,IT,villazzano
Piacenza,45.0521039,9.7063011,IT,piacenza
Ponte a Moriano,43.9083216,10.5340917,IT,ponte-a-moriano
Gospić,44.5360845,15.3937824,HR,gospic
Mantova,45.1586512,10.783302,IT,mantova
Sacile - San Liberale,45.9587993,12.5146578,IT,sacile-san-liberale
Castelguelfo,44.8366305,10.1765073,IT,castelguelfo
Čapljina,43.1098495,17.6978,BA,capljina
Montereale Valcellina,46.1481908,12.6587999,IT,montereale-valcellina
Maniago,46.1701661,12.7142873,IT,maniago
Fanna - Cavasso,46.1871808,12.7705893,IT,fanna-cavasso
Tempio,40.8977304,9.1055022,IT,tempio
Savignano Comune,44.4832914,11.0328685,IT,savignano-comune
San Pietro in Gu,45.6051952,11.6730585,IT,san-pietro-in-gu
Terracina,41.2977011,13.2417461,IT,terracina
Rapolano Terme,43.2833391,11.6026302,IT,rapolano-terme
Castelnuovo Berardenga,43.3070053,11.4850362,IT,castelnuovo-berardenga
Badesse,43.385602,11.2729533,IT,badesse
Poggibonsi-San Gimignano,43.4679673,11.1493867,IT,poggibonsi-san-gimignano
San Giovanni d'Asso,43.153371,11.5937775,IT,san-giovanni-d'asso
Sant'Angelo-Cinigiano,42.9648837,11.4285023,IT,sant'angelo-cinigiano
Corridonia-Mogliano,43.2816309,13.4776649,IT,corridonia-mogliano
Tocco-Castiglione,42.226587,13.9045929,IT,tocco-castiglione
Castel Sant'Angelo,42.379691,13.0176284,IT,castel-sant'angelo
Antrodoco-Borgo Velino,42.4098854,13.0710035,IT,antrodoco-borgo-velino
Rocca di Corno,42.3881936,13.143946,IT,rocca-di-corno
Motta di Livenza,45.7789032,12.6075849,IT,motta-di-livenza
Montagnana,45.2283302,11.4599201,IT,montagnana
Legnago,45.1891853,11.3047787,IT,legnago
Bevilacqua,45.2303075,11.3966068,IT,bevilacqua
Campomigliaio,43.9369893,11.3030933,IT,campomigliaio
Ascoli Satriano,41.2196782,15.5476593,IT,ascoli-satriano
Piazzale Roma,45.437845,12.3173376,IT,piazzale-roma
Tronchetto,45.4420386,12.3083387,IT,tronchetto
Apricena,41.7784899,15.3820204,IT,apricena
Istrana,45.6766185,12.1028238,IT,istrana
Subbiano,43.5737724,11.8653586,IT,subbiano
Nemila,44.3257729,17.9083031,BA,nemila
Montecatini Terme-Monsummano,43.8792973,10.7807207,IT,montecatini-terme-monsummano
Arezzo Pescaiola,43.4631806,11.8583495,IT,arezzo-pescaiola
Boscotrecase,40.7688312,14.4612814,IT,boscotrecase
Poggioreale,40.8665289,14.2931903,IT,poggioreale
Casoria Arpino-Volla,40.8878826,14.3298069,IT,casoria-arpino-volla
Casilli,40.8265713,14.5003668,IT,casilli
Flocco,40.8035814,14.5320255,IT,flocco
Striano,40.811971,14.5769413,IT,striano
Levico Terme,46.0059194,11.3049369,IT,levico-terme
Montepulciano,43.1353128,11.8567012,IT,montepulciano
Cefalù,38.0328026,14.0195567,IT,cefalu
Tusa,38.0078708,14.2567723,IT,tusa
Pollina-San Mauro Castelverde,38.0180327,14.1761521,IT,pollina-san-mauro-castelverde
Serenissima,41.8999933,12.5578627,IT,serenissima
La Rustica Città,41.9101784,12.6096445,IT,la-rustica-citta
La Rustica U.I.R.,41.9125488,12.6218186,IT,la-rustica-u-i-r
Enna,37.5810112,14.289692,IT,enna
Racalmuto,37.4060705,13.7275575,IT,racalmuto
Vigna Clara,41.9493483,12.4714221,VA,vigna-clara
Sant'Ilario d'Enza,44.7658678,10.4504432,IT,sant'ilario-d'enza
Manziana-Canale Monterano,42.1282407,12.1349134,IT,manziana-canale-monterano
Savignano Mulino,44.494138,11.0474736,IT,savignano-mulino
Castello di Godego,45.6881721,11.8776503,IT,castello-di-godego
Libia,41.9317786,12.5192683,IT,libia
Morlupo - Capena,42.1433787,12.490769,IT,morlupo-capena
Rignano Flaminio,42.2107646,12.4790075,IT,rignano-flaminio
Sant'Oreste,42.2250534,12.4902148,IT,sant'oreste
Ponzano,42.2863658,12.4454347,IT,ponzano
Remedello Sopra,45.2784355,10.379136,IT,remedello-sopra
Asola,45.2204721,10.4024402,IT,asola
Robecco-Pontevico,45.2662091,10.0787372,IT,robecco-pontevico
Verolanuova,45.3251129,10.0838447,IT,verolanuova
Manerbio,45.3571443,10.1323689,IT,manerbio
Bagnolo Mella,45.4283699,10.1836601,IT,bagnolo-mella
San Zeno-Folzano,45.4915486,10.2117346,IT,san-zeno-folzano
Meja,45.3065637,14.5957428,HR,meja
Montello-Gorlago,45.6701219,9.8085848,IT,montello-gorlago
Contea-Londa,43.8650944,11.5315568,IT,contea-londa
Manfredonia,41.6230828,15.9081919,IT,manfredonia
Siponto,41.6131552,15.8957706,IT,siponto
Santo Stefano Lodigiano,45.122099,9.7236872,IT,santo-stefano-lodigiano
حي الخضراء,36.8291875,10.1903688,TN,
Lala,40.8268186,14.2045656,IT,lala
Augusto,40.8261854,14.1983167,IT,augusto
Rigomagno,43.2568675,11.7065294,IT,rigomagno
Porrena,43.7445324,11.7464364,IT,porrena
Poppi,43.7302801,11.7680701,IT,poppi
Palermo Notarbartolo,38.1323285,13.3415917,IT,palermo-notarbartolo
Zdenci-Orahovica,45.568611,17.9291783,HR,zdenci-orahovica
Čačinci,45.5986344,17.8689337,HR,cacinci
Koška,45.541506,18.2953645,HR,koska
Basiliano,46.0127955,13.1090902,IT,basiliano
Berceto,44.5559176,9.9317069,IT,berceto
Melfi,40.9899608,15.6469162,IT,melfi
Grumello del Monte,45.6344773,9.8625119,IT,grumello-del-monte
Bagni di Lucca,44.0034304,10.5516619,IT,bagni-di-lucca
Ghivizzano-Coreglia,44.0276137,10.5101829,IT,ghivizzano-coreglia
Sacile,45.9485796,12.4983924,IT,sacile
Travesio,46.1870763,12.8768125,IT,travesio
Casarsa,45.9531654,12.8404632,IT,casarsa
Parco Angelina,40.8257591,14.2145547,IT,parco-angelina
S.Antonio,40.8260538,14.2176736,IT,s-antonio
Città di Castello,43.4551232,12.2470127,IT,citta-di-castello
Barga-Gallicano,44.0681314,10.4519937,IT,barga-gallicano
Castelnuovo Garfagnana,44.116394,10.4090888,IT,castelnuovo-garfagnana
Castelvecchio Pascoli,44.0900972,10.4551321,IT,castelvecchio-pascoli
Fosciandora-Ceserana,44.1184491,10.4444949,IT,fosciandora-ceserana
Fornaci di Barga,44.0452794,10.4732976,IT,fornaci-di-barga
Camporgiano,44.1613883,10.3349573,IT,camporgiano
Poggio-Careggine-Vagli,44.1485552,10.3504803,IT,poggio-careggine-vagli
Villetta-San Romano,44.1467804,10.367615,IT,villetta-san-romano
Ururi-Rotello,41.8011748,14.9531806,IT,ururi-rotello
Castagno,44.0123331,10.915339,IT,castagno
Pioppe di Salvaro,44.3105528,11.1614828,IT,pioppe-di-salvaro
Pontecchio Marconi,44.4231153,11.2692588,IT,pontecchio-marconi
Vergato,44.2828972,11.1144021,IT,vergato
Carbona,44.2470852,11.0963833,IT,carbona
Riola,44.2298742,11.0535785,IT,riola
San Severino Marche,43.2299687,13.1834571,IT,san-severino-marche
Piteccio,44.0097781,10.9013363,IT,piteccio
Visano,45.3153128,10.3632107,IT,visano
Modena,44.6546284,10.929789,IT,modena
Corbezzi,43.9939528,10.9197373,IT,corbezzi
Valdibrana,43.9654751,10.9102025,IT,valdibrana
Orsara di Puglia,41.241931,15.2776716,IT,orsara-di-puglia
Savignano-Greci,41.2306943,15.1673576,IT,savignano-greci
Montaguto-Panni,41.2353904,15.2351878,IT,montaguto-panni
Frasso,41.3660848,13.2008602,IT,frasso
Marmore,42.5474946,12.7152579,IT,marmore
Terni Cospea,42.5495892,12.6251034,IT,terni-cospea
Benevento Porta Rufina,41.1235521,14.7841835,IT,benevento-porta-rufina
Carsoli,42.0956267,13.0801805,IT,carsoli
Montecalvo-Buonalbergo-Casalbore,41.2154428,15.0275449,IT,montecalvo-buonalbergo-casalbore
Ariano Irpino,41.1819156,15.1174929,IT,ariano-irpino
Benevento Pontecorvo - Castelpoto,41.1087916,14.746741,IT,benevento-pontecorvo-castelpoto
San Demetrio de' Vestini,42.2944597,13.5365443,IT,san-demetrio-de'-vestini
Paganica,42.334751,13.464293,IT,paganica
L'Aquila,42.3511866,13.3850102,IT,l'aquila
Capocroce,41.4006382,13.2047522,IT,capocroce
Ruderi di Sibilla,41.3852907,13.1994921,IT,ruderi-di-sibilla
Chianche-Ceppaloni,41.0501468,14.7776337,IT,chianche-ceppaloni
Cordovado - Sesto,45.8506122,12.8779689,IT,cordovado-sesto
Prata-Pratola,40.9885563,14.842683,IT,prata-pratola
Larino,41.8001506,14.9180882,IT,larino
Potenza Città,40.6385687,15.8097702,IT,potenza-citta
Potenza Inferiore Scalo,40.6281676,15.8025056,IT,potenza-inferiore-scalo
Vasto-San Salvo,42.0799481,14.7394525,IT,vasto-san-salvo
Campomarino,41.9573966,15.0424298,IT,campomarino
San Secondo,43.400401,12.2375238,IT,san-secondo
Trestina,43.3656259,12.2377376,IT,trestina
Ranchi,43.3523269,12.2507967,IT,ranchi
Canoscio-Fabbrecce,43.3798469,12.23897,IT,canoscio-fabbrecce
Montecastelli,43.3407514,12.2936275,IT,montecastelli
Niccone,43.3210904,12.2979217,IT,niccone
Villa Pitignano,43.145745,12.4528606,IT,villa-pitignano
Pierantonio,43.2636307,12.3923826,IT,pierantonio
Giovi,43.5268884,11.8645317,IT,giovi
Lucera,41.4994437,15.3315702,IT,lucera
Candela-Sant'Agata di Puglia,41.1513917,15.5329739,IT,candela-sant'agata-di-puglia
Grosseto,42.7673549,11.1067465,IT,grosseto
Mellitto,40.9457165,16.6421079,IT,mellitto
Pescariello,40.8868712,16.6188588,IT,pescariello
Grigno,46.0153357,11.6249743,IT,grigno
Bonassola,44.1848314,9.5826557,IT,bonassola
Roseto degli Abruzzi,42.6778289,14.0151424,IT,roseto-degli-abruzzi
Fornovo,44.6937087,10.1019419,IT,fornovo
Scerne di Pineto,42.6424577,14.041428,IT,scerne-di-pineto
Avigliano Città,40.7307513,15.7223723,IT,avigliano-citta
Venusio,40.7302409,16.5661006,IT,venusio
Matera Sud,40.6604418,16.60416,IT,matera-sud
Avigliano Lucania,40.7149723,15.785171,IT,avigliano-lucania
Tiera,40.6974921,15.8196688,IT,tiera
Campeda,40.328555,8.7836529,IT,campeda
Fivizzano - Gassano,44.2027395,10.0917309,IT,fivizzano-gassano
Avezzano,42.0395358,13.4264593,IT,avezzano
Castelfranci,40.9361978,15.0386928,IT,castelfranci
Lioni,40.8748807,15.1862723,IT,lioni
Salza Irpina,40.9222518,14.881799,IT,salza-irpina
Montella,40.8451353,15.032733,IT,montella
Villagrande Strisaili,39.9192242,9.4763475,IT,villagrande-strisaili
Arzana,39.9020331,9.5092907,IT,arzana
Lanusei,39.8766311,9.5481212,IT,lanusei
Alba Adriatica-Nereto-Controguerra,42.8343897,13.9172074,IT,alba-adriatica-nereto-controguerra
San Giorgio di Nogaro,45.8292871,13.2103054,IT,san-giorgio-di-nogaro
Tortolì,39.9289586,9.6584785,IT,tortoli
Porto Torres,40.8330027,8.396589,IT,porto-torres
Arbatax,39.9381621,9.7073451,IT,arbatax
Piombino Dese,45.6093724,12.0005312,IT,piombino-dese
Cesena,44.1453952,12.2494785,IT,cesena
Campagna-Serre-Persano,40.5956683,15.1139231,IT,campagna-serre-persano
Tito,40.6073186,15.6982037,IT,tito
Bella Muro,40.7008905,15.5428996,IT,bella-muro
Picerno,40.6401608,15.6414041,IT,picerno
Baragiano Ruoti,40.6950018,15.5696725,IT,baragiano-ruoti
Romagnano-Vietri-Salvitelle,40.6100924,15.4477011,IT,romagnano-vietri-salvitelle
Grassano-Garaguso-Tricarico,40.5933241,16.241089,IT,grassano-garaguso-tricarico
Ferrandina Scalo-Matera,40.5161817,16.4756962,IT,ferrandina-scalo-matera
Reggio Santo Stefano,44.7054709,10.6238788,IT,reggio-santo-stefano
Buccino-San Gregorio Magno,40.6008232,15.374289,IT,buccino-san-gregorio-magno
Potenza Centrale,40.6294669,15.8067914,IT,potenza-centrale
San Biagio di Callalta,45.6866148,12.3774595,IT,san-biagio-di-callalta
Mezzocorona Borgata,46.2139465,11.1190969,IT,mezzocorona-borgata
Salandra-Grottole,40.583442,16.3516036,IT,salandra-grottole
Trivigno,40.5886037,15.9978302,IT,trivigno
Franciosa,40.6785165,15.6247064,IT,franciosa
Vaglio Basilicata,40.656361,15.880113,IT,vaglio-basilicata
Brindisi di Montagna,40.6119507,15.9558133,IT,brindisi-di-montagna
Albano di Lucania,40.574692,16.0213123,IT,albano-di-lucania
Paratico-Sarnico,45.664799,9.9540153,IT,paratico-sarnico
Luras,40.9238803,9.1795142,IT,luras
Celano-Ovindoli,42.0769989,13.543388,IT,celano-ovindoli
Certaldo Alto,43.5488944,11.0428919,IT,certaldo-alto
Collarmele,42.0603789,13.6292849,IT,collarmele
Squinzano,40.4392965,18.0460288,IT,squinzano
Trepuzzi,40.409644,18.076863,IT,trepuzzi
Cisternino,40.8165512,17.4569784,IT,cisternino
Fasano,40.8517073,17.3858951,IT,fasano
Monopoli,40.9520273,17.2925128,IT,monopoli
Dobrljin,45.1524478,16.4777692,BA,dobrljin
Omarska,44.8878361,16.8977961,BA,omarska
Potkozarje,44.9158901,17.0658421,BA,potkozarje
Svodna,45.0294586,16.553471,BA,svodna
Živaja,45.2469327,16.7277272,BA,zivaja
Gemona del Friuli,46.2744218,13.1283541,IT,gemona-del-friuli
Monte San Savino,43.332063,11.7316771,IT,monte-san-savino
Čelebići,43.6832175,17.8975315,BA,celebici
Ovčari,43.6687797,17.9864535,BA,ovcari
Bradina,43.7423629,18.0158823,BA,bradina
Grad,43.6796241,18.0050684,BA,grad
Raštelica,43.7815829,18.0724375,BA,rastelica
Hadžići,43.8205683,18.2007488,BA,hadzici
Pazarić,43.7896989,18.1518558,BA,pazaric
Ostrožac,43.6875375,17.8217828,BA,ostrozac
Jablanica,43.6354347,17.7561704,BA,jablanica
Grabovica,43.5734703,17.7167711,BA,grabovica
Raška Gora,43.4346483,17.8535278,BA,raska-gora
Drežnica,43.4970166,17.7728378,BA,dreznica
Žitomislići,43.2040897,17.7846267,BA,zitomislici
Čelinac,44.7346652,17.3178213,BA,celinac
Stanari,44.7538639,17.8401053,BA,stanari
Руданка,44.7563599,18.0357539,BA,
Latina,41.5382079,12.9463072,IT,latina
Pellezzano,40.7222421,14.7703149,IT,pellezzano
Portomaggiore,44.6968307,11.799931,IT,portomaggiore
Sarajevo,43.8604591,18.3989497,BA,sarajevo
Caltagirone,37.2288856,14.5280352,IT,caltagirone
Formigine,44.5776259,10.8458355,IT,formigine
Borgo Valsugana Est,46.0524061,11.4638678,IT,borgo-valsugana-est
Borgo Valsugana Centro,46.0513699,11.4540691,IT,borgo-valsugana-centro
Monselice,45.2461002,11.7480938,IT,monselice
Sanguinetto,45.1886751,11.1524844,IT,sanguinetto
Gazzo di Bigarello,45.176752,10.8939649,IT,gazzo-di-bigarello
Castel d'Ario,45.1835317,10.9753604,IT,castel-d'ario
Mantova Frassine,45.1505899,10.8310318,IT,mantova-frassine
Ospedaletto Euganeo,45.2218427,11.6065628,IT,ospedaletto-euganeo
Rovigo,45.076997,11.7812924,IT,rovigo
Pisani,40.8652869,14.1435942,IT,pisani
Quarto,40.8802969,14.1361829,IT,quarto
Postioma,45.7159094,12.1483917,IT,postioma
Medesano,44.7492519,10.14031,IT,medesano
Bondeno,44.901759,11.4111172,IT,bondeno
Valle dell'Aniene-Mandela-Sambuci,42.0161553,12.9219755,IT,valle-dell'aniene-mandela-sambuci
Sangemini,42.6243316,12.5489712,IT,sangemini
Terme Euganee - Abano - Montegrotto,45.3274062,11.7962723,IT,terme-euganee-abano-montegrotto
Pineto-Atri,42.6077451,14.0689833,IT,pineto-atri
Olmedo,40.6499604,8.3769253,IT,olmedo
Noale-Scorzé,45.5537427,12.0747147,IT,noale-scorze
Rapolla-Lavello,41.0091261,15.7416733,IT,rapolla-lavello
Montenero Alto,43.493095,10.3490674,IT,montenero-alto
Gualdo Tadino,43.2334901,12.767223,IT,gualdo-tadino
Žepče,44.4262232,18.0295102,BA,zepce
Quarto Officina,40.879101,14.1259153,IT,quarto-officina
Eboli,40.6110155,15.0524342,IT,eboli
محمد الخامس,36.8159357,10.1832074,TN,
Fuorigrotta,40.8279208,14.2017898,IT,fuorigrotta
فلسطين,36.8202175,10.1821782,TN,
الحدائق,36.8235202,10.1855858,TN,
باب العسل,36.8132931,10.1681698,TN,
Scurcola Marsicana,42.0532084,13.3443207,IT,scurcola-marsicana
Tagliacozzo,42.0706616,13.2556691,IT,tagliacozzo
Carrito Ortona,42.0264629,13.7201978,IT,carrito-ortona
Bugnara,42.0311798,13.862029,IT,bugnara
Torre de' Passeri,42.2440681,13.9375307,IT,torre-de'-passeri
Žitnić,43.8318746,16.1458174,HR,zitnic
Rocca di Fondi,42.3980063,13.0958195,IT,rocca-di-fondi
Antrodoco Centro,42.415399,13.0761957,IT,antrodoco-centro
Škrljevo,45.3245462,14.5390069,HR,skrljevo
Forgaria - Bagni Anduins,46.2035067,12.9640482,IT,forgaria-bagni-anduins
Mosciano Sant'Angelo,42.7103293,13.9085391,IT,mosciano-sant'angelo
Tolentino,43.2145857,13.2904694,IT,tolentino
Perugia Ponte San Giovanni,43.0918082,12.4382126,IT,perugia-ponte-san-giovanni
Ramazzano,43.1577264,12.4581132,IT,ramazzano
Ponte Felcino,43.1313408,12.4367595,IT,ponte-felcino
Pretola,43.1146051,12.4372331,IT,pretola
Bologna Roveri,44.4982873,11.4093454,IT,bologna-roveri
Celle Bulgheria-Roccagloriosa,40.1029933,15.3946104,IT,celle-bulgheria-roccagloriosa
Termoli,42.0006525,14.9927098,IT,termoli
Tor di Quinto,41.9503664,12.4900375,VA,tor-di-quinto
Conselice,44.5110451,11.8318399,IT,conselice
Balvano-Ricigliano,40.6500126,15.495334,IT,balvano-ricigliano
Osilo,40.7491952,8.6820704,IT,osilo
رادس,36.7685947,10.2704839,TN,
Musiano - Pian di Macina,44.4009324,11.3439899,IT,musiano-pian-di-macina
Caserta,41.0685258,14.3282362,IT,caserta
Mandas,39.6600076,9.1323069,IT,mandas
Gesico,39.6009156,9.1309196,IT,gesico
Isili,39.7381518,9.1124979,IT,isili
Zola Chiesa,44.4941412,11.2094261,IT,zola-chiesa
Prezza,42.0537212,13.8344933,IT,prezza
Poggio Imperiale,41.807449,15.3509067,IT,poggio-imperiale
Ospedaletto Lodigiano,45.1693084,9.5751917,IT,ospedaletto-lodigiano
Galatina,40.1790567,18.1646636,IT,galatina
Castel Madama,41.9883592,12.8648771,IT,castel-madama
La Spezia Centrale,44.111564,9.81358,IT,la-spezia-centrale
Cà dei Boschetti,44.1183203,9.8640382,IT,ca-dei-boschetti
Sarzana,44.109103,9.9604626,IT,sarzana
Catanzaro Città,38.9133216,16.5843273,IT,catanzaro-citta
Catanzaro Sala,38.895699,16.598699,IT,catanzaro-sala
Corvo,38.8465723,16.6108919,IT,corvo
Cicala,39.0039469,16.5049029,IT,cicala
San Pietro Apostolo,39.0130313,16.4748791,IT,san-pietro-apostolo
Sant'Agata di Militello,38.0736677,14.640913,IT,sant'agata-di-militello
Montenero Basso,43.4974886,10.3448679,IT,montenero-basso
Santo Stefano di Rogliano,39.1937963,16.3186566,IT,santo-stefano-di-rogliano
Mangone,39.2111525,16.3117453,IT,mangone
Figline-Cellara,39.2279509,16.3264087,IT,figline-cellara
Pedace,39.2690595,16.3235904,IT,pedace
Bosco,39.284401,16.2941144,IT,bosco
Cosenza Vaglio Lise,39.3179879,16.2604518,IT,cosenza-vaglio-lise
Grotte Celoni,41.8627739,12.6461186,IT,grotte-celoni
Alberobello,40.7866728,17.2421912,IT,alberobello
Pisciotta-Palinuro,40.0914134,15.2437382,IT,pisciotta-palinuro
Leonessa,41.062081,15.5954506,IT,leonessa
Rubiera,44.6561987,10.780221,IT,rubiera
Borgonuovo,44.4436765,11.2751038,IT,borgonuovo
Porretta Terme,44.1559659,10.9781072,IT,porretta-terme
Ponte della Venturina,44.1285958,10.9907273,IT,ponte-della-venturina
Molino del Pallone,44.100148,10.9612647,IT,molino-del-pallone
Pracchia,44.0550633,10.9072463,IT,pracchia
San Bonifacio,45.4025479,11.2741675,IT,san-bonifacio
San Giovanni a Teduccio,40.8417682,14.3002213,IT,san-giovanni-a-teduccio
Balanzano,43.0795537,12.4221615,IT,balanzano
San Martino in Campo,43.0380111,12.4034729,IT,san-martino-in-campo
Fanciullata,42.9884903,12.3881415,IT,fanciullata
Mercogliano,40.9231615,14.7445356,IT,mercogliano
La Storta,42.0028528,12.3806912,IT,la-storta
Acqua Acetosa,41.9315991,12.4872444,VA,acqua-acetosa
Ponte Galeria,41.8183404,12.3447724,IT,ponte-galeria
La Giustiniana,42.001332,12.4894806,IT,la-giustiniana
Campi Sportivi,41.9337982,12.4925044,IT,campi-sportivi
Olgiata,42.0146059,12.3636701,IT,olgiata
La Celsa,41.9964885,12.4969085,IT,la-celsa
Appiano,41.9119079,12.4388846,VA,appiano
Gemelli,41.9278076,12.4273722,VA,gemelli
Roma San Filippo Neri,41.9467027,12.4163042,VA,roma-san-filippo-neri
Centro RAI,41.9806563,12.4936718,VA,centro-rai
Cesano di Roma,42.0618915,12.3265007,IT,cesano-di-roma
Euclide,41.926569,12.4813113,VA,euclide
Ipogeo degli Ottavi,41.9687738,12.4088535,VA,ipogeo-degli-ottavi
Roma Tiburtina,41.91119,12.5315602,IT,roma-tiburtina
Fiumicino Aeroporto,41.7934437,12.2518651,IT,fiumicino-aeroporto
Saxa Rubra,41.9742823,12.4930507,VA,saxa-rubra
Monte Antenne,41.9390621,12.496373,IT,monte-antenne
Roma Tuscolana,41.8792595,12.5236368,IT,roma-tuscolana
Vitinia,41.79533,12.4038771,IT,vitinia
Roma Monte Mario,41.9390641,12.4217414,VA,roma-monte-mario
Grottarossa,41.9657601,12.4905226,VA,grottarossa
Tor di Valle,41.8195321,12.4367553,IT,tor-di-valle
Sella Elecci,39.9280828,9.563605,IT,sella-elecci
Elini-Ilbono,39.9002608,9.5306024,IT,elini-ilbono
Ussassai,39.8341147,9.4410348,IT,ussassai
Orroli,39.6933411,9.2468725,IT,orroli
Ortuabis,39.8866808,9.1097698,IT,ortuabis
Funtanamela,39.8741597,9.0870814,IT,funtanamela
Desulo-Tonara,39.9932081,9.1814221,IT,desulo-tonara
Meana Sardo,39.9292298,9.0926994,IT,meana-sardo
Sidi Amar,36.8100632,7.7131641,DZ,sidi-amar
Tricesimo - San Pelagio,46.1591249,13.2347583,IT,tricesimo-san-pelagio
Tirso,40.3204348,9.005849,IT,tirso
Oniferi,40.3182515,9.170008,IT,oniferi
Iscra,40.3228668,9.0375836,IT,iscra
Castel Lagopesole,40.7876603,15.758088,IT,castel-lagopesole
Filiano,40.8372062,15.7522867,IT,filiano
Forenza,40.8668447,15.7253742,IT,forenza
Casalbordino-Pollutri,42.193735,14.6329703,IT,casalbordino-pollutri
Fossacesia-Torino di Sangro,42.2368192,14.5226933,IT,fossacesia-torino-di-sangro
Sanluri Stato,39.5262887,8.8498242,IT,sanluri-stato
Uras-Mogoro,39.6925842,8.6964076,IT,uras-mogoro
Marrubiu - Terralba - Arborea,39.7530361,8.6410731,IT,marrubiu-terralba-arborea
Ardara,40.6321161,8.8185033,IT,ardara
Oschiri,40.7132405,9.1078017,IT,oschiri
Berchidda,40.7720653,9.1813812,IT,berchidda
Monti-Telti,40.8296613,9.3227876,IT,monti-telti
Enas,40.8570071,9.4309754,IT,enas
Nulvi,40.7787298,8.745114,IT,nulvi
Rodda Quadda,40.7553744,8.5382538,IT,rodda-quadda
Santa Maria di Pisa,40.7420996,8.5454744,IT,santa-maria-di-pisa
Sorso,40.7965046,8.5737631,IT,sorso
Montevergine,40.9321502,14.73157,IT,montevergine
Zoo-Edenlandia,40.8203083,14.183488,IT,zoo-edenlandia
Dazio,40.8172505,14.1600761,IT,dazio
Gerolomini,40.8206808,14.135198,IT,gerolomini
Nurri,39.7212588,9.2295218,IT,nurri
Senorbì,39.5304798,9.134547,IT,senorbi
Nurallao,39.7900503,9.0842392,IT,nurallao
Laconi,39.860392,9.0561759,IT,laconi
Bortigali,40.2794429,8.8421861,IT,bortigali
Bolotana,40.3103781,8.9624875,IT,bolotana
Esterzili,39.7884009,9.2559638,IT,esterzili
Casarano,40.0030694,18.1586396,IT,casarano
Otranto,40.1495741,18.481045,IT,otranto
Sant'Elena - Este,45.1992751,11.712773,IT,sant'elena-este
Alezio,40.0686389,18.0524848,IT,alezio
Prato Sardo,40.3266166,9.2900718,IT,prato-sardo
Sindia,40.2950264,8.6562028,IT,sindia
Tresnuraghes,40.2563244,8.52446,IT,tresnuraghes
Tinnura,40.2680747,8.5509444,IT,tinnura
Modolo,40.272429,8.5120304,IT,modolo
Amorosi-Melizzano,41.1928362,14.4792846,IT,amorosi-melizzano
Bastia Umbra,43.0716052,12.5467837,IT,bastia-umbra
Carbonia Serbariu,39.164128,8.5129293,IT,carbonia-serbariu
Quartesana,44.8044415,11.7399468,IT,quartesana
Masi Torello,44.7927627,11.7970192,IT,masi-torello
Dogato,44.7503511,11.8951743,IT,dogato
Migliarino,44.7693506,11.9384011,IT,migliarino
Codigoro,44.8363154,12.1020221,IT,codigoro
Sant'Agnese/Annibaliano,41.9238641,12.5159334,IT,sant'agnese/annibaliano
Castellaneta,40.6195036,16.9286558,IT,castellaneta
Palagianello,40.6067039,16.9846339,IT,palagianello
Sočkovac,44.6700265,18.31164,BA,sockovac
Castel di Sangro,41.777907,14.1121762,IT,castel-di-sangro
Gravina (FAL),40.825955,16.4179253,IT,gravina-fal
Irsina,40.78847,16.2214428,IT,irsina
Pietragalla,40.7393291,15.8540084,IT,pietragalla
Bibbiena,43.6933253,11.8096312,IT,bibbiena
Calbenzano,43.6114284,11.8641195,IT,calbenzano
Pratovecchio Stia,43.7947863,11.7151165,IT,pratovecchio-stia
Rassina,43.6495624,11.8364258,IT,rassina
Sieci,43.7908734,11.3946819,IT,sieci
Vernio-Montepiano-Cantagallo,44.043996,11.152333,IT,vernio-montepiano-cantagallo
Delnice,45.3915075,14.7974527,HR,delnice
Lokve,45.3566451,14.7721955,HR,lokve
Fužine,45.3003611,14.7173497,HR,fuzine
Gomirje,45.3427902,15.1281658,HR,gomirje
Ogulinski Hreljin,45.2960474,15.1781329,HR,ogulinski-hreljin
Plaški,45.0783176,15.3680836,HR,plaski
Argenta,44.6164904,11.842041,IT,argenta
Vrhovine,44.8488963,15.4270893,HR,vrhovine
Ličko Lešće,44.7731487,15.3587789,HR,licko-lesce
Perušić,44.648014,15.3887514,HR,perusic
Solfagnano-Parlesca,43.2215707,12.4097845,IT,solfagnano-parlesca
Ponte Valleceppi,43.1052205,12.4471325,IT,ponte-valleceppi
Perugia Sant'Anna,43.1060605,12.3902748,IT,perugia-sant'anna
Magione,43.1374496,12.202099,IT,magione
Ottavia,41.9603566,12.4101423,VA,ottavia
Catalano,42.2956655,12.4041011,IT,catalano
Corchiano,42.3500464,12.3400953,IT,corchiano
Faleri,42.305651,12.3518083,IT,faleri
La Fornacchia,42.4400861,12.2049895,IT,la-fornacchia
Magliano Romano,42.1480531,12.4787208,IT,magliano-romano
Fara Sabina-Montelibretti,42.1556138,12.6483893,IT,fara-sabina-montelibretti
Oderzo,45.7750202,12.4909974,IT,oderzo
Massafra,40.5829745,17.1078939,IT,massafra
Civitavecchia,42.0880367,11.7984304,IT,civitavecchia
Ladispoli - Cerveteri,41.9531721,12.0817809,IT,ladispoli-cerveteri
Marina di Cerveteri,41.9791901,12.0478692,IT,marina-di-cerveteri
Roma Aurelia,41.8830406,12.3941869,IT,roma-aurelia
Santa Severa,42.0206885,11.9690438,IT,santa-severa
Torre in Pietra - Palidoro,41.9242726,12.1833367,IT,torre-in-pietra-palidoro
Santa Marinella,42.0359867,11.8631123,IT,santa-marinella
Gornje Dubrave,45.278969,15.3075275,HR,gornje-dubrave
Università,40.8435936,14.2555156,IT,universita
Castelvetro,45.1000662,9.9821207,IT,castelvetro
Codogno,45.154891,9.7013866,IT,codogno
Angri,40.7463608,14.5754755,IT,angri
Bari Santa Rita,41.0730729,16.8515515,IT,bari-santa-rita
Bitritto,41.0438917,16.8330965,IT,bitritto
Gricignano-Teverola,40.9988012,14.2414899,IT,gricignano-teverola
Marcianise,41.0359266,14.2876075,IT,marcianise
Recale,41.0623767,14.3032249,IT,recale
Maddaloni Inferiore,41.0359077,14.3804981,IT,maddaloni-inferiore
Cancello-Arnone,41.0633268,14.0289986,IT,cancello-arnone
Voltana,44.5403654,11.9360511,IT,voltana
Giugliano-Qualiano,40.9349765,14.1037346,IT,giugliano-qualiano
Cerchio,42.0610962,13.598399,IT,cerchio
Sante Marie,42.0970224,13.2169561,IT,sante-marie
Pescina,42.0375703,13.6689567,IT,pescina
Anversa-Villalago-Scanno,42.0174028,13.8357271,IT,anversa-villalago-scanno
Cocullo,42.0407508,13.7765914,IT,cocullo
Goriano,42.0826952,13.7829126,IT,goriano
Secugnago,45.2232096,9.586788,IT,secugnago
Chiaia - Monte di Dio,40.8355486,14.2450339,IT,chiaia-monte-di-dio
San Pasquale,40.8336241,14.2347007,IT,san-pasquale
Augusteo,40.838941,14.2476872,IT,augusteo
Petraio,40.8412474,14.2387855,IT,petraio
Piazza Fuga,40.8424919,14.233704,IT,piazza-fuga
Torregaveta,40.811495,14.0448721,IT,torregaveta
Grotta del Sole,40.8785138,14.0946728,IT,grotta-del-sole
Cuma,40.8491369,14.0488298,IT,cuma
Lido Fusaro,40.8288802,14.0498377,IT,lido-fusaro
Lucrino,40.8292497,14.0834472,IT,lucrino
Spoleto,42.7480722,12.7363889,IT,spoleto
Cittaducale,42.3877484,12.9427152,IT,cittaducale
Pisticci,40.4208569,16.5521696,IT,pisticci
Rignano Garganico,41.5793482,15.4902592,IT,rignano-garganico
San Severo,41.6845468,15.392597,IT,san-severo
Ostia Parmense,44.520142,9.8449696,IT,ostia-parmense
Solignano,44.6141266,9.9802565,IT,solignano
Gaifana,43.1818678,12.7841379,IT,gaifana
Massa Lombarda,44.4488071,11.8279125,IT,massa-lombarda
Santa Caterina del Jonio,38.5304873,16.5711305,IT,santa-caterina-del-jonio
San Donà di Piave - Jesolo,45.6397492,12.5599815,IT,san-dona-di-piave-jesolo
Ficarazzi,38.0865455,13.4632381,IT,ficarazzi
Osoppo,46.2491769,13.0846312,IT,osoppo
Martis,40.7775828,8.7952869,IT,martis
Laerru,40.8132995,8.8417671,IT,laerru
Bortigiadas,40.891845,9.0564063,IT,bortigiadas
Perfugas,40.825204,8.8889917,IT,perfugas
Scala Ruia,40.8692481,8.9561051,IT,scala-ruia
Forte Dei Marmi-Seravezza-Querceta,43.9777735,10.199382,IT,forte-dei-marmi-seravezza-querceta
Castelplanio-Cupramontana,43.4814314,13.0847562,IT,castelplanio-cupramontana
Mogliano Veneto,45.5619855,12.2330058,IT,mogliano-veneto
Venezia Porta Ovest,45.4635482,12.1793791,IT,venezia-porta-ovest
Artegna,46.2313099,13.1624096,IT,artegna
Torrione,40.6703629,14.7902878,IT,torrione
Mercatello,40.6588268,14.804732,IT,mercatello
Stadio Arechi - San Leonardo,40.648317,14.8243343,IT,stadio-arechi-san-leonardo
Palmanova,45.9068451,13.2966684,IT,palmanova
Zavidovići,44.4451361,18.1457356,BA,zavidovici
Fratte,40.6993059,14.7755075,IT,fratte
Fisciano,40.7610988,14.7755433,IT,fisciano
Mercato San Severino,40.7831403,14.7597639,IT,mercato-san-severino
Baronissi,40.7458631,14.7725948,IT,baronissi
Castellucchio,45.1442143,10.6475514,IT,castellucchio
Codola,40.7676337,14.6657265,IT,codola
Palazzo San Gervasio-Montemilone,40.9392579,15.9900714,IT,palazzo-san-gervasio-montemilone
Macomer ARST,40.2689805,8.7727193,IT,macomer-arst
Golfo Aranci,40.9947967,9.6277602,IT,golfo-aranci
Ripabottoni-Sant'Elia,41.6696776,14.8443073,IT,ripabottoni-sant'elia
Casacalenda-Guardialfiera,41.7381186,14.8495768,IT,casacalenda-guardialfiera
San Marco-Roggiano,39.605188,16.2088204,IT,san-marco-roggiano
Riardo-Pietramelara,41.265202,14.1249,IT,riardo-pietramelara
Val d’Ala,41.9413762,12.5174597,IT,val-dala
Tora-Presenzano,41.3588865,14.0450396,IT,tora-presenzano
Marcatobianco,37.7175465,13.7198747,IT,marcatobianco
Baranello,41.5178375,14.5965171,IT,baranello
Morrovalle-Monte San Giusto,43.2792111,13.5828078,IT,morrovalle-monte-san-giusto
Montoro-Forino,40.8199971,14.7573782,IT,montoro-forino
Castellalto Canzano,42.6956593,13.7929652,IT,castellalto-canzano
Canistro,41.9409803,13.4120813,IT,canistro
Camposanto,44.7883675,11.1431024,IT,camposanto
Civitavecchia Marittima,42.0994331,11.7844788,IT,civitavecchia-marittima
Mezzano,44.4629073,12.0983456,IT,mezzano
Chieuti Serracapriola,41.9219505,15.1566852,IT,chieuti-serracapriola
Castione dei Marchesi,44.9153409,10.0441994,IT,castione-dei-marchesi
San Giuliano Piacentino,45.0706504,9.9859436,IT,san-giuliano-piacentino
Villanova d'Arda,45.0283126,9.9932985,IT,villanova-d'arda
Pescocanale,41.958928,13.3915583,IT,pescocanale
Spezzano Albanese Terme,39.7073303,16.2875599,IT,spezzano-albanese-terme
Vallelunga,37.6912959,13.8466519,IT,vallelunga
Sant'Angelo in Formis,41.1204523,14.2483698,IT,sant'angelo-in-formis
Chiari,45.5400784,9.9265051,IT,chiari
Pordenone,45.9564911,12.6542229,IT,pordenone
Isoletta-San Giovanni Incarico,41.5278145,13.5473625,IT,isoletta-san-giovanni-incarico
Acquedolci -San Fratello,38.0583783,14.5876485,IT,acquedolci-san-fratello
Barletta,41.3153842,16.278626,IT,barletta
Biagioni-Lagacci,44.0860773,10.9480962,IT,biagioni-lagacci
Canosa di Puglia,41.2185969,16.0539684,IT,canosa-di-puglia
Diecimo-Pescaglia,43.9593881,10.5078112,IT,diecimo-pescaglia
Badia Polesine,45.0944748,11.4849358,IT,badia-polesine
Cattolica-San Giovanni-Gabicce,43.9599735,12.745105,IT,cattolica-san-giovanni-gabicce
Roviano,42.0264792,12.9913069,IT,roviano
Marsciano,42.9027542,12.3496793,IT,marsciano
Cerqueto,42.9282829,12.3584202,IT,cerqueto
Papiano,42.9638954,12.373598,IT,papiano
Porcari,43.8312811,10.6192511,IT,porcari
Bolognetta,41.8651593,12.6809329,IT,bolognetta
Borghesiana,41.8646918,12.6672618,IT,borghesiana
Due Leoni - Fontana Candida,41.8649024,12.6581296,IT,due-leoni-fontana-candida
Finocchio,41.8655206,12.6876098,IT,finocchio
Graniti,41.865673,12.6980872,IT,graniti
Monte Compatri - Pantano,41.8656767,12.7076135,IT,monte-compatri-pantano
Torre Angela,41.8643334,12.6255783,IT,torre-angela
Torre Gaia,41.8641551,12.6355752,IT,torre-gaia
Torrenova,41.8633135,12.6168368,IT,torrenova
Poliambulanza,45.5173032,10.2367065,IT,poliambulanza
San Polo Parco,45.5170708,10.2421622,IT,san-polo-parco
San Polo,45.5182602,10.25808,IT,san-polo
Sanpolino,45.5163454,10.2663012,IT,sanpolino
Sant'Eufemia - Buffalora,45.5112435,10.2801592,IT,sant'eufemia-buffalora
Cisternino Citta,40.7371454,17.4264673,IT,cisternino-citta
Vitulano-Foglianise,41.1720584,14.7243333,IT,vitulano-foglianise
Acerenza,40.7679591,15.9254706,IT,acerenza
Bari Centrale (FAL),41.1184613,16.868134,IT,bari-centrale-fal
Taccone,40.7943673,16.1621846,IT,taccone
Toritto,40.995968,16.6841201,IT,toritto
Matera La Martella,40.653984,16.5633375,IT,matera-la-martella
Aranceto,38.8391924,16.611441,IT,aranceto
Catanzaro Piazza Matteotti,38.9115528,16.5884604,IT,catanzaro-piazza-matteotti
Dulcino,38.8858494,16.6023305,IT,dulcino
Catanzaro Pratica,38.9091023,16.5871875,IT,catanzaro-pratica
Frullone,40.8807496,14.2308826,IT,frullone
Napoli Garibaldi,40.8510432,14.2732815,IT,napoli-garibaldi
Apice-Sant'Arcangelo-Bonito,41.1409898,14.9186162,IT,apice-sant'arcangelo-bonito
Bovino-Deliceto,41.2782755,15.3691345,IT,bovino-deliceto
Ponte-Casalduni,41.2141981,14.6966373,IT,ponte-casalduni
Hrvatska Dubica,45.2216262,16.8062423,BA,hrvatska-dubica
Jasenovac,45.2761028,16.9106277,HR,jasenovac
Giardinetti,41.8641331,12.6105711,IT,giardinetti
Torre Maura,41.8666209,12.5971565,IT,torre-maura
Torre Spaccata,41.8689954,12.5865637,IT,torre-spaccata
Gardenie,41.8862072,12.5619649,IT,gardenie
Malatesta,41.8873905,12.5402599,IT,malatesta
Mirti,41.8810807,12.566593,IT,mirti
Alessandrino,41.8712904,12.5788298,IT,alessandrino
Šurmanci,43.1591585,17.7518434,BA,surmanci
Kakanj,44.1206253,18.1057493,BA,kakanj
Lendinara,45.0819126,11.5917644,IT,lendinara
Bari Centrale (FT),41.1183088,16.8681464,IT,bari-centrale-ft
Bagheria,38.0898052,13.5073434,IT,bagheria
Palermo Fiera,38.1410477,13.3536224,IT,palermo-fiera
Palermo Imperatore Federico,38.145207,13.3492336,IT,palermo-imperatore-federico
Cosenza Centro,39.2948049,16.2580851,IT,cosenza-centro
La Fiora,41.3329902,13.1986267,IT,la-fiora
Baucca-Garavelle,43.4420058,12.250254,IT,baucca-garavelle
Cesi,42.5967935,12.5942429,IT,cesi
Montecastelli-Tevere,43.3426118,12.2848494,IT,montecastelli-tevere
Montecorona,43.2876484,12.3596976,IT,montecorona
Palazzaccia,43.2455843,12.4017557,IT,palazzaccia
Ponte Pattoli-Civitella,43.1760288,12.4356478,IT,ponte-pattoli-civitella
San Bartolomeo-Resina,43.2017246,12.4213547,IT,san-bartolomeo-resina
San Faustino-Casigliano,42.7222245,12.5068122,IT,san-faustino-casigliano
Umbertide,43.3040578,12.3308077,IT,umbertide
Catanzaro,38.8654514,16.5627699,IT,catanzaro
Morciano-Barbarano-Castrignano-Giuliano,39.8587412,18.3324599,IT,morciano-barbarano-castrignano-giuliano
Salve-Ruggiano,39.870763,18.311385,IT,salve-ruggiano
Alessano-Corsano,39.8920923,18.3471204,IT,alessano-corsano
Presicce-Acquarica,39.9048898,18.2585817,IT,presicce-acquarica
Miggiano-Montesano,39.9643998,18.3233505,IT,miggiano-montesano
Andrano-Castiglione,39.9795491,18.3397463,IT,andrano-castiglione
Spongano,40.0139788,18.3592253,IT,spongano
Poggiardo,40.0516638,18.3703611,IT,poggiardo
Sanarica,40.0835647,18.3471652,IT,sanarica
Muro Leccese,40.0987208,18.3347388,IT,muro-leccese
Bagnolo del Salento,40.1460942,18.354438,IT,bagnolo-del-salento
Oriovac,45.1612641,17.753742,HR,oriovac
Maglie,40.1259354,18.3000639,IT,maglie
Gallipoli,40.0574932,17.9882194,IT,gallipoli
Gagliano-Leuca,39.8505351,18.3594873,IT,gagliano-leuca
Melissano,39.9761995,18.1208256,IT,melissano
Racale-Alliste,39.9654925,18.0876349,IT,racale-alliste
Taviano,39.9809502,18.0808138,IT,taviano
Ugento-Taurisano,39.9445194,18.1907014,IT,ugento-taurisano
Matino,40.0292516,18.1313636,IT,matino
Corigliano d'Otranto,40.1618749,18.2624588,IT,corigliano-d'otranto
Zollino,40.1990035,18.2370256,IT,zollino
Avio,45.7337382,10.9560297,IT,avio
Borghetto sull'Adige,45.6968932,10.9271072,IT,borghetto-sull'adige
Dolcè,45.601552,10.8508368,IT,dolce
Domegliara - Sant'Ambrogio,45.5223789,10.8207433,IT,domegliara-sant'ambrogio
Margreid-Kurtatsch - Magrè-Cortaccia,46.2880906,11.2325123,IT,margreid-kurtatsch-magre-cortaccia
Mezzocorona,46.2072009,11.1286919,IT,mezzocorona
Mori,45.8612938,11.0024377,IT,mori
Peri,45.6582865,10.900577,IT,peri
Salorno - Salurn,46.2456729,11.2029017,IT,salorno-salurn
Serravalle all'Adige,45.808218,11.015147,IT,serravalle-all'adige
Trento,46.0722416,11.1193186,IT,trento
Cagnano Varano,41.8252243,15.7695197,IT,cagnano-varano
Galugnano,40.2566582,18.2063014,IT,galugnano
Lecce,40.3456805,18.1657215,IT,lecce
San Cesario di Lecce,40.3040912,18.1666069,IT,san-cesario-di-lecce
Novoli,40.3815121,18.0483231,IT,novoli
Carmiano-Magliano,40.3482225,18.0540768,IT,carmiano-magliano
Copertino,40.2680361,18.053993,IT,copertino
Nardò Centrale,40.161646,18.049452,IT,nardo-centrale
Nardò Città,40.1815224,18.0408614,IT,nardo-citta
Galatone,40.14736,18.0631433,IT,galatone
Parabita,40.0475577,18.1217356,IT,parabita
Seclì-Neviano-Aradeo,40.1165265,18.1085373,IT,secli-neviano-aradeo
Tuglie,40.0701288,18.1045325,IT,tuglie
Francavilla Fontana,40.5231063,17.584754,IT,francavilla-fontana
Sannicola,40.0901191,18.0559219,IT,sannicola
Soleto,40.1857429,18.2111136,IT,soleto
Putignano,40.8567512,17.123355,IT,putignano
Taranto,40.4836925,17.2242148,IT,taranto
Majur,45.2573674,16.5279961,HR,majur
Erchie-Torre Santa Susanna,40.4132484,17.7443132,IT,erchie-torre-santa-susanna
Guagnano,40.3987977,17.9442637,IT,guagnano
Manduria,40.4050127,17.6377137,IT,manduria
Salice-Veglie,40.3898454,17.9653726,IT,salice-veglie
San Pancrazio Salentino,40.421337,17.8366385,IT,san-pancrazio-salentino
Campi Salentina,40.3932837,18.0146634,IT,campi-salentina
Martina Franca,40.7006123,17.3315945,IT,martina-franca
Soverato,38.6842741,16.549437,IT,soverato
Ceglie Messapica,40.6469604,17.522042,IT,ceglie-messapica
Bari Centrale,41.1176721,16.8700657,IT,bari-centrale
Bari Sud-Est,41.1174277,16.8797862,IT,bari-sud-est
Vibo Marina,38.7137134,16.1202384,IT,vibo-marina
Bari Scalo,41.1149498,16.854299,IT,bari-scalo
Brescello-Viadana,44.8979996,10.5196762,IT,brescello-viadana
Adelfia,41.0064896,16.8719785,IT,adelfia
Casamassima,40.9544233,16.9146694,IT,casamassima
Conversano,40.9711865,17.1155864,IT,conversano
Castellana Grotte,40.8870441,17.1659673,IT,castellana-grotte
Locorotondo,40.7559402,17.320954,IT,locorotondo
Mungivacca,41.0902247,16.9001275,IT,mungivacca
Noci,40.7955617,17.1280992,IT,noci
Sammichele,40.893112,16.949813,IT,sammichele
Taranto Galese,40.4945761,17.2351577,IT,taranto-galese
Turi,40.9143405,17.0174399,IT,turi
Valenzano,41.0429718,16.8789932,IT,valenzano
Bari-Santo Spirito,41.1598176,16.7464311,IT,bari-santo-spirito
Capurso,41.0493537,16.9233835,IT,capurso
Noicattaro,41.0287396,16.9865219,IT,noicattaro
Rutigliano,41.0116353,17.0085172,IT,rutigliano
Triggiano,41.0640483,16.916423,IT,triggiano
Favazzina,38.2588914,15.7564735,IT,favazzina
Massa Centro,44.0237472,10.1361592,IT,massa-centro
Dragalovci,44.7662167,17.7776939,BA,dragalovci
Arsoli,42.0458763,13.0131866,IT,arsoli
Colli di Monte Bove,42.0971073,13.1505743,IT,colli-di-monte-bove
Oricola - Pereto,42.0678124,13.0442858,IT,oricola-pereto
Villa San Sebastiano,42.0493422,13.3081942,IT,villa-san-sebastiano
Bari Torre a Mare,41.0830399,16.9944202,IT,bari-torre-a-mare
Mola di Bari,41.0572564,17.0809363,IT,mola-di-bari
Jonio,41.9468701,12.5275914,IT,jonio
Pinzano,46.1793254,12.9505782,IT,pinzano
Macerata,43.2930709,13.4552865,IT,macerata
Jurdani,45.3923693,14.308675,HR,jurdani
Porto Sant'Elpidio,43.2567428,13.7607888,IT,porto-sant'elpidio
Lašva,44.1287636,17.9422613,BA,lasva
San Benedetto del Tronto,42.9543727,13.882191,IT,san-benedetto-del-tronto
Equi Terme,44.1703075,10.1536012,IT,equi-terme
Monzone-Monte dei Bianchi-Isolano,44.1656585,10.1237885,IT,monzone-monte-dei-bianchi-isolano
Gragnola,44.1911052,10.109207,IT,gragnola
Ortona,42.3538252,14.4076816,IT,ortona
Dobrinje,44.0519618,18.1095758,BA,dobrinje
Drivuša,44.1704129,17.969341,BA,drivusa
Globarica,44.4891358,18.1545834,BA,globarica
Jelina,44.2665151,17.8793064,BA,jelina
Modrinje,44.1315868,18.0198131,BA,modrinje
Campello sul Clitunno,42.822813,12.7613024,IT,campello-sul-clitunno
Blagaj,45.0411259,16.4603195,BA,blagaj
Stanovi,44.7577122,17.9769673,BA,stanovi
Ostružnja,44.751428,17.8892771,BA,ostruznja
Prisoje,44.7492515,17.6733594,BA,prisoje
Piskavica,44.8690919,16.9733009,BA,piskavica
Ramići,44.852778,17.1712679,BA,ramici
Vrbanja,44.7620842,17.2412544,BA,vrbanja
Guidonia-Montecelio-Sant'Angelo,41.9933578,12.7256171,IT,guidonia-montecelio-sant'angelo
Cecchina,41.6927619,12.6496236,IT,cecchina
Ischitella,41.9144626,15.849146,IT,ischitella
Rodi Garganico,41.9290911,15.8906017,IT,rodi-garganico
Peschici Calenella,41.9366452,15.984936,IT,peschici-calenella
Firenze Santa Maria Novella,43.7775719,11.2474177,IT,firenze-santa-maria-novella
Occhiobello,44.9013732,11.6238997,IT,occhiobello
Sarcidano,39.7616696,9.1142693,IT,sarcidano
Acquaviva delle Fonti,40.8927819,16.8397832,IT,acquaviva-delle-fonti
Belvì-Aritzo,39.9609522,9.1826187,IT,belvi-aritzo
Cignoni,39.8154372,9.1025403,IT,cignoni
Betilli,39.7535061,9.2631593,IT,betilli
Sadali-Seulo,39.8152228,9.2697318,IT,sadali-seulo
Gairo Taquisara,39.8576087,9.4655292,IT,gairo-taquisara
Donorì,39.4280887,9.1199414,IT,donori
Bitetto,41.0456951,16.7436032,IT,bitetto
Ostuni,40.7523047,17.5808596,IT,ostuni
Pesaro,43.9060837,12.9049724,IT,pesaro
Villa Bartolomea,45.1531495,11.3488148,IT,villa-bartolomea
Certaldo Basso,43.5481693,11.0412818,IT,certaldo-basso
Brindisi Centrale,40.6341644,17.9390497,IT,brindisi-centrale
Polignano a Mare,40.9909552,17.218705,IT,polignano-a-mare
Carovigno,40.7373208,17.683763,IT,carovigno
San Vito dei Normanni,40.6502589,17.8185973,IT,san-vito-dei-normanni
El Hadjar,36.8024481,7.740407,DZ,el-hadjar
Monticchio,40.9256379,15.5391777,IT,monticchio
Bari Parco Sud,41.1150712,16.8982218,IT,bari-parco-sud
Šaš,45.2849685,16.668484,HR,sas
Kukača,45.2340012,15.33331,HR,kukaca
Grottaglie,40.5289535,17.4245024,IT,grottaglie
Latiano,40.5580524,17.717688,IT,latiano
Mesagne,40.5631534,17.8020333,IT,mesagne
Monteiasi-Montemesola,40.5238428,17.3615111,IT,monteiasi-montemesola
Nasisi,40.5080058,17.2580562,IT,nasisi
Oria,40.5081423,17.6465249,IT,oria
Surbo,40.3663221,18.1335685,IT,surbo
Villa Castelli,40.5233543,17.4761416,IT,villa-castelli
Policoro-Tursi,40.2072572,16.6888549,IT,policoro-tursi
Candida,41.3467388,15.9965036,IT,candida
Trani,41.2727951,16.4177905,IT,trani
Giovinazzo,41.1811208,16.6694631,IT,giovinazzo
Molfetta,41.196119,16.596914,IT,molfetta
Buttapietra,45.3388709,10.9883096,IT,buttapietra
Calderara-Bargellino,44.5442561,11.2673575,IT,calderara-bargellino
Crevalcore,44.7191154,11.1525029,IT,crevalcore
Isola della Scala,45.2694748,11.0131476,IT,isola-della-scala
Nogara,45.1797771,11.0703546,IT,nogara
Osteria Nuova,44.5849298,11.2351638,IT,osteria-nuova
Poggio Rusco,44.9818151,11.1244434,IT,poggio-rusco
San Felice sul Panaro,44.8345844,11.1404244,IT,san-felice-sul-panaro
Gioia del Colle,40.7968728,16.9166302,IT,gioia-del-colle
Palagiano-Mottola,40.6018087,17.0655267,IT,palagiano-mottola
Santeramo in Colle,40.8025687,16.7640244,IT,santeramo-in-colle
Sannicandro di Bari,40.9584124,16.7538833,IT,sannicandro-di-bari
Fondi-Sperlonga,41.3376534,13.4249091,IT,fondi-sperlonga
Murlo,43.1141335,11.4004442,IT,murlo
Felonica Po,44.9718435,11.3384518,IT,felonica-po
Sermide,44.996193,11.289665,IT,sermide
Aviano,46.0644488,12.5905671,IT,aviano
Borgo a Mozzano,43.9772126,10.5412024,IT,borgo-a-mozzano
San Pietro a Vico,43.8750538,10.5311637,IT,san-pietro-a-vico
Fiesole - Caldine,43.8304136,11.3079009,IT,fiesole-caldine
Cosenza Casali,39.2879374,16.2661355,IT,cosenza-casali
Aprigliano,39.2395539,16.3286906,IT,aprigliano
Piane Crati,39.2326414,16.3226999,IT,piane-crati
Rogliano,39.1809371,16.3222189,IT,rogliano
Decollatura,39.0401668,16.3600309,IT,decollatura
Soveria Mannelli,39.0808767,16.3716934,IT,soveria-mannelli
Serrastretta-Carlopoli,39.0332265,16.4345559,IT,serrastretta-carlopoli
Madonna di Porto,38.9975427,16.521671,IT,madonna-di-porto
Conza-Andretta-Cairano,40.8833658,15.3435738,IT,conza-andretta-cairano
Fratta Polesine,45.0386056,11.6426399,IT,fratta-polesine
Gazzo-Pieve San Giacomo,45.1370899,10.1900112,IT,gazzo-pieve-san-giacomo
Gioiosa Marea,38.1750947,14.8950032,IT,gioiosa-marea
Trinitapoli-S.Ferdinando di Puglia,41.3497262,16.0909523,IT,trinitapoli-s-ferdinando-di-puglia
San Lucido Marina,39.3132475,16.0454968,IT,san-lucido-marina
Santa Croce del Lago,46.0938075,12.3292234,IT,santa-croce-del-lago
San Benedetto Sambro-Castiglione Pepoli,44.2162142,11.1896065,IT,san-benedetto-sambro-castiglione-pepoli
Possidente,40.7811832,15.7771222,IT,possidente
Ponteginori,43.335092,10.7423498,IT,ponteginori
Matrice-Montagano-S.Giovanni in Galdo,41.6213053,14.6995386,IT,matrice-montagano-s-giovanni-in-galdo
Sassuolo Terminal,44.544244,10.7867658,IT,sassuolo-terminal
Casal Sabini,40.7990083,16.6479488,IT,casal-sabini
Scordia,37.2946079,14.8512648,IT,scordia
Gualtieri,44.9014772,10.6285879,IT,gualtieri
Novellara,44.8462343,10.7231478,IT,novellara
San Marco d'Alunzio-Torrenova,38.0941461,14.6760913,IT,san-marco-d'alunzio-torrenova
Città del Vaticano,41.9008795,12.4509301,VA,citta-del-vaticano
Rovigliano,40.734063,14.4719548,IT,rovigliano
Fragneto Monforte,41.2473449,14.7648889,IT,fragneto-monforte
Morcone,41.3404327,14.6777092,IT,morcone
Pescosannita-Fragneto L'Abate,41.2376238,14.7885816,IT,pescosannita-fragneto-l'abate
Pontelandolfo,41.29579,14.712104,IT,pontelandolfo
Santa Croce del Sannio,41.3712354,14.7057114,IT,santa-croce-del-sannio
Salerno Irno,40.6828413,14.7758876,IT,salerno-irno
Serino,40.8588574,14.8601699,IT,serino
Solofra,40.8345505,14.8439642,IT,solofra
Добој,44.7245648,18.0969987,BA,
Gallese Teverina,42.3808793,12.4397929,IT,gallese-teverina
Castagnaro,45.1194328,11.4040637,IT,castagnaro
Mores - Ittireddu,40.5558659,8.8757313,IT,mores-ittireddu
Catenanuova-Centuripe,37.5619185,14.6881776,IT,catenanuova-centuripe
Leonforte Pirato,37.6062733,14.3761279,IT,leonforte-pirato
Ferrara Città del Ragazzo,44.8155885,11.6602467,IT,ferrara-citta-del-ragazzo
Massafiscaglia,44.8041911,12.0133163,IT,massafiscaglia
Ferrara,44.8428777,11.6039031,IT,ferrara
Bellariva,41.9375006,15.9553892,IT,bellariva
Bresciadue,45.5263665,10.2124713,IT,bresciadue
Casazza,45.575663,10.2305174,IT,casazza
A2A Lamarmora,45.5216677,10.2128527,IT,a2a-lamarmora
Mompiano,45.5675882,10.2364137,IT,mompiano
Ospedale,45.5552527,10.2329689,IT,ospedale
Prealpino,45.5799396,10.2290836,IT,prealpino
San Faustino,45.5448594,10.2203296,IT,san-faustino
Volta,45.5178862,10.2254717,IT,volta
El Harrouche,36.662281,6.8368396,DZ,el-harrouche
TransGardaland Express,45.4551435,10.715191,IT,transgardaland-express
Via dei Monaci,40.775816,14.4000979,IT,via-dei-monaci
Framura,44.2018727,9.5553512,IT,framura
Contursi Terme,40.6299089,15.2356885,IT,contursi-terme
Sicignano degli Alburni,40.6054359,15.2908826,IT,sicignano-degli-alburni
Ponte San Cono,40.6087171,15.3901864,IT,ponte-san-cono
Monorotaia,45.4570645,10.7065447,IT,monorotaia
Consandolo,44.6638662,11.7768558,IT,consandolo
Pontenure,45.0016866,9.7921406,IT,pontenure
Fiorenzuola,44.9287295,9.9173645,IT,fiorenzuola
Reggio Emilia AV Mediopadana,44.7242692,10.6550408,IT,reggio-emilia-av-mediopadana
Raštani,43.3709639,17.8282173,BA,rastani
Boretto,44.9034046,10.5536116,IT,boretto
Vallo della Lucania-Castelnuovo,40.2294706,15.1581373,IT,vallo-della-lucania-castelnuovo
Pietragalla FS,40.7533549,15.7921599,IT,pietragalla-fs
Siena Zona Industriale,43.2651051,11.3766895,IT,siena-zona-industriale
Piove di Sacco,45.2948624,12.0417291,IT,piove-di-sacco
Mira Buse,45.4272211,12.139009,IT,mira-buse
Chioggia,45.2102652,12.275439,IT,chioggia
Ain Bouziane,36.5983228,6.7496209,DZ,ain-bouziane
Cavarzere,45.1478459,12.0851596,IT,cavarzere
Cona Veneta,45.1966678,12.0503463,IT,cona-veneta
Sidi Mezghiche,36.6743641,6.7183092,DZ,sidi-mezghiche
Ramdane Djamel,36.7557188,6.9031558,DZ,ramdane-djamel
Azzaba,36.7382867,7.1110509,DZ,azzaba
Skikda,36.8837956,6.9086114,DZ,skikda
Djouad Tahar,36.6998147,7.0108223,DZ,djouad-tahar
Boukhamouza,36.5814902,7.7547461,DZ,boukhamouza
Chihani,36.6506011,7.7755254,DZ,chihani
Pomposa Zona Industriale,44.8496107,12.1749298,IT,pomposa-zona-industriale
Salsomaggiore Terme,44.8186062,9.9879995,IT,salsomaggiore-terme
San Romano - Montopoli - Santa Croce,43.6905546,10.7602213,IT,san-romano-montopoli-santa-croce
San Miniato-Fucecchio,43.7013157,10.8316861,IT,san-miniato-fucecchio
Volinja,45.2023219,16.4861422,BA,volinja
Genzano,40.8035221,16.0494709,IT,genzano
Bauladu-Milis,40.0206307,8.6870554,IT,bauladu-milis
Montelupo - Capraia,43.733345,11.0190372,IT,montelupo-capraia
Asciano,43.2356472,11.5796955,IT,asciano
Trevi,42.8762,12.7337854,IT,trevi
Pegognaga,45.0004433,10.8536815,IT,pegognaga
Romanore,45.0638657,10.7511392,IT,romanore
Fontanarosa-Cervaro,41.4469144,13.8639335,IT,fontanarosa-cervaro
Longarone-Zoldo,46.2675401,12.3018478,IT,longarone-zoldo
Molina-Castelvecchio Subequo,42.1434373,13.7396485,IT,molina-castelvecchio-subequo
Ala,45.759113,10.9963774,IT,ala
Zvečaj,45.3957571,15.4309502,HR,zvecaj
Caulonia Marina Stazione,38.3439025,16.4671204,IT,caulonia-marina-stazione
Tamalous,36.824332,6.6263306,DZ,tamalous
Cervia-Milano Marittima,44.2584865,12.3473015,IT,cervia-milano-marittima
Foligno,42.9542992,12.7111425,IT,foligno
Cornino,46.2205708,13.010801,IT,cornino
Villetta Malagnino,45.1370577,10.111999,IT,villetta-malagnino
San Giovanni in Croce,45.0756902,10.3774435,IT,san-giovanni-in-croce
Ponte di Piave,45.7192882,12.4605872,IT,ponte-di-piave
Pistoia Ovest,43.9358247,10.9040111,IT,pistoia-ovest
Ambivere-Mapello,45.7221917,9.5504385,IT,ambivere-mapello
Montefalcione,40.9511284,14.8864924,IT,montefalcione
Percianti-Arianiello,40.9720577,14.9124556,IT,percianti-arianiello
Bologna San Vitale,44.496028,11.3730902,IT,bologna-san-vitale
Montemiletto,40.9935928,14.9207066,IT,montemiletto
Torrita di Siena,43.1741087,11.7875809,IT,torrita-di-siena
Rapone-Ruvo-San Fele,40.8896226,15.473705,IT,rapone-ruvo-san-fele
Mezzolombardo,46.2134458,11.0934429,IT,mezzolombardo
Brisighella,44.2205835,11.7697699,IT,brisighella
Fesca-San Girolamo,41.1297052,16.8236281,IT,fesca-san-girolamo
Ponte a Elsa,43.6943727,10.9060002,IT,ponte-a-elsa
Rionero-Atella-Ripacandida,40.9223649,15.6786502,IT,rionero-atella-ripacandida
Pisa Aeroporto,43.6986715,10.3975589,IT,pisa-aeroporto
Dicomano,43.8934891,11.5192406,IT,dicomano
S. Stefano,45.4487484,11.0008597,IT,s-stefano
Castel S. Pietro,45.4486699,11.0027741,IT,castel-s-pietro
Reggio Mediopadana,44.7247981,10.6559519,IT,reggio-mediopadana
Quarto d'Altino,45.5746836,12.3648796,IT,quarto-d'altino
Cerea,45.195793,11.2142153,IT,cerea
Cappelle Magliano,42.0594358,13.3725011,IT,cappelle-magliano
Colli Aminei,40.8698129,14.228614,IT,colli-aminei
Rione Alto,40.8611696,14.22023,IT,rione-alto
Medaglie d'Oro,40.85056,14.2308094,IT,medaglie-d'oro
Lanciano,42.2294792,14.4026563,IT,lanciano
Pescantina,45.4955026,10.8791378,IT,pescantina
Teano,41.2318639,14.0771284,IT,teano
Baiano di Spoleto,42.7262171,12.6636721,IT,baiano-di-spoleto
Castiglione Cosentino,39.3556159,16.2442816,IT,castiglione-cosentino
Torano-Lattarico,39.4945553,16.2105609,IT,torano-lattarico
Cosenza,39.3189856,16.260568,IT,cosenza
Simeri Crichi,38.8831267,16.71603,IT,simeri-crichi
Reggio di Calabria Catona,38.185699,15.6411968,IT,reggio-di-calabria-catona
Ricadi-Capo Vaticano,38.6306607,15.839866,IT,ricadi-capo-vaticano
Giuncano,42.6480344,12.6375201,IT,giuncano
Barile,40.9431245,15.6711539,IT,barile
Dréan,36.6878476,7.7472347,DZ,drean
Palermo Roccella,38.0873113,13.4076963,IT,palermo-roccella
Peschiera del Garda,45.4385747,10.7023089,IT,peschiera-del-garda
Desenzano del Garda-Sirmione,45.4627489,10.536538,IT,desenzano-del-garda-sirmione
Lonato,45.4573112,10.4867467,IT,lonato
Prato Centrale,43.8787737,11.1092045,IT,prato-centrale
Prato Porta al Serraglio,43.8845196,11.0983648,IT,prato-porta-al-serraglio
Ponticelli,40.8509122,14.3333427,IT,ponticelli
Boscoreale,40.7700301,14.474435,IT,boscoreale
Benevento Arco Traiano,41.134555,14.7799328,IT,benevento-arco-traiano
Modugno,41.0864946,16.7794398,IT,modugno
Bari Palese,41.1491963,16.7803943,IT,bari-palese
Barletta Centrale FNB,41.314791,16.2781544,IT,barletta-centrale-fnb
Mirandola,44.8916681,11.1118719,IT,mirandola
San Giovanni in Persiceto,44.6431931,11.1894015,IT,san-giovanni-in-persiceto
Pian di Venola,44.3331327,11.190203,IT,pian-di-venola
Alcantara,37.8213565,15.2511736,IT,alcantara
Acquanegra Cremonese,45.1719995,9.8889414,IT,acquanegra-cremonese
Soresina,45.2831233,9.8566417,IT,soresina
Perugia Capitini,43.1017048,12.3558133,IT,perugia-capitini
Perugia Piscille,43.0951916,12.4103173,IT,perugia-piscille
Casalgrande,44.5850472,10.7364474,IT,casalgrande
Barco,44.6904225,10.493069,IT,barco
Ciano d’Enza,44.5955829,10.4085996,IT,ciano-denza
Caorso,45.0421161,9.8681877,IT,caorso
Rolo-Novi-Fabbrico,44.8858359,10.8680288,IT,rolo-novi-fabbrico
Soliera Modenese,44.7226852,10.9060521,IT,soliera-modenese
Francavilla Angitola-Filadelfia,38.778092,16.2152729,IT,francavilla-angitola-filadelfia
Gaibanella,44.7779512,11.6711858,IT,gaibanella
San Lorenzo Maggiore,41.2197758,14.6483837,IT,san-lorenzo-maggiore
Annaba,36.895546,7.758763,DZ,annaba
Tricase,39.9334463,18.3524993,IT,tricase
Guglionesi,41.9319834,14.9863949,IT,guglionesi
Beffi,42.1973414,13.660775,IT,beffi
Fagnano-Campana,42.2505863,13.5627358,IT,fagnano-campana
Nocera Inferiore,40.745309,14.6358938,IT,nocera-inferiore
Carovilli-Roccasicura,41.7124957,14.2997241,IT,carovilli-roccasicura
Carpinone,41.5880729,14.3268594,IT,carpinone
Campolieto-Monacilioni,41.6425139,14.7653853,IT,campolieto-monacilioni
Arpino,41.6476678,13.5999266,IT,arpino
Monterotondo-Mentana,42.0640937,12.5958448,IT,monterotondo-mentana
Rocca d'Evandro-San Vittore,41.4389116,13.910726,IT,rocca-d'evandro-san-vittore
Grizzana,44.2582781,11.1812461,IT,grizzana
Sorbolo,44.8431107,10.4461232,IT,sorbolo
Crotone,39.0844972,17.1083723,IT,crotone
Cutro,39.0259493,16.9637904,IT,cutro
Giampilieri,38.0639052,15.4797798,IT,giampilieri
Vicchio,43.9335123,11.4576924,IT,vicchio
Mongrassano-Cervicati,39.5384962,16.222585,IT,mongrassano-cervicati
Rodi Porto,41.9294647,15.8879592,IT,rodi-porto
Pieve Saliceto,44.8994628,10.5961682,IT,pieve-saliceto
Piombino,42.924867,10.5313855,IT,piombino
Nocera Inferiore Mercato,40.7458848,14.649374,IT,nocera-inferiore-mercato
Verona Porta Nuova,45.429182,10.9823706,IT,verona-porta-nuova
Busseto,44.9746474,10.0389824,IT,busseto
Cairano,40.8850111,15.3630154,IT,cairano
Bagnoli Irpino,40.8391656,15.0632635,IT,bagnoli-irpino
Arce,41.5837388,13.5718287,IT,arce
Compre-San Vincenzo,41.7567172,13.6077774,IT,compre-san-vincenzo
Fontana Liri,41.6182045,13.5619229,IT,fontana-liri
Civita d'Antino-Morino,41.870616,13.4589482,IT,civita-d'antino-morino
Morrea-Castronovo-Rendinara,41.8519972,13.4880545,IT,morrea-castronovo-rendinara
Aquilonia,40.9419374,15.5412274,IT,aquilonia
Monteverde,40.9694292,15.5684618,IT,monteverde
Pisciolo,41.0165871,15.5660593,IT,pisciolo
Montemarano,40.9007888,15.0395153,IT,montemarano
Sanzano-Occhino,40.8883169,15.2778129,IT,sanzano-occhino
Calitri-Pescopagano,40.8865366,15.427908,IT,calitri-pescopagano
Morra De Sanctis-Teora,40.891939,15.2393056,IT,morra-de-sanctis-teora
San Tommaso del Piano,40.9020815,15.5037282,IT,san-tommaso-del-piano
Lioni Valle delle Viti,40.8883783,15.2159408,IT,lioni-valle-delle-viti
Nusco,40.8723166,15.0956272,IT,nusco
Sant' Angelo dei Lombardi,40.8903716,15.1614894,IT,sant'-angelo-dei-lombardi
Campo di Nusco,40.8791566,15.1292397,IT,campo-di-nusco
Cassano Irpino,40.8692427,15.0311938,IT,cassano-irpino
Castelvetere,40.9520821,15.0113117,IT,castelvetere
Paternopoli,40.9728772,15.009928,IT,paternopoli
Luogosano-San Mango sul Calore,40.9803913,14.9942978,IT,luogosano-san-mango-sul-calore
Taurasi,40.9808582,14.9658408,IT,taurasi
Lapio,40.9920775,14.9566694,IT,lapio
Parolise-Candida,40.9369473,14.8822751,IT,parolise-candida
Marcaria,45.1244473,10.5333845,IT,marcaria
Balsorano,41.8094549,13.55659,IT,balsorano
Gravina in Puglia,40.8251864,16.418914,IT,gravina-in-puglia
San Nicola di Melfi,41.0733201,15.6784428,IT,san-nicola-di-melfi
Tarcento,46.2092844,13.1964963,IT,tarcento
Carpi,44.7828993,10.891963,IT,carpi
الانطلاقة,36.8391913,10.1170373,TN,
التضامن,36.8357261,10.1176634,TN,
Bekouche Lakhdar,36.719956,7.288263,DZ,bekouche-lakhdar
Meduno,46.2008475,12.8029506,IT,meduno
San Felice a Cancello,41.0137832,14.478013,IT,san-felice-a-cancello
Villa Regina,40.7572394,14.4702797,IT,villa-regina
Stazione Centrale,43.707695,10.3963659,IT,stazione-centrale
Bari Centrale (FSE),41.1172273,16.8706325,IT,bari-centrale-fse
Pianerottolo d'Ariano,41.1889076,15.1455913,IT,pianerottolo-d'ariano
Poggio Renatico,44.7672343,11.4839364,IT,poggio-renatico
العمران الأعلى,36.8305743,10.1239946,TN,
الياسمين,36.825827,10.1345873,TN,
الرمانة,36.8235302,10.1508884,TN,
Sidi Achour,36.8704173,7.7247055,DZ,sidi-achour
Palermo Maredolce,38.0978195,13.3835095,IT,palermo-maredolce
Passignano sul Trasimeno,43.1883725,12.1331301,IT,passignano-sul-trasimeno
Tuoro sul Trasimeno,43.1966464,12.079622,IT,tuoro-sul-trasimeno
Praja-Ajeta-Tortora,39.9008141,15.7805141,IT,praja-ajeta-tortora
Kozarac,44.9313429,16.8024697,BA,kozarac
Cecina,43.3104558,10.5144531,IT,cecina
Riparbella,43.3394819,10.5822664,IT,riparbella
Vada,43.3526139,10.4701861,IT,vada
Rosignano,43.3879184,10.4381133,IT,rosignano
Quercianella-Sonnino,43.4550042,10.3728177,IT,quercianella-sonnino
Livorno Centrale,43.5541989,10.3361014,IT,livorno-centrale
Pisa San Rossore,43.7233722,10.3879192,IT,pisa-san-rossore
Tombolo,43.6317189,10.3530592,IT,tombolo
Asciano M. Oliveto M.,43.2317192,11.5635031,IT,asciano-m-oliveto-m
Costa,45.0458665,11.6964488,IT,costa
Salerno,40.6754966,14.7726212,IT,salerno
Budoia - Polcenigo,46.0315783,12.5375796,IT,budoia-polcenigo
Codroipo,45.9656561,12.9767585,IT,codroipo
Tahouna,36.7991973,6.5122459,DZ,tahouna
Roncegno Bagni-Marter,46.0363321,11.3986395,IT,roncegno-bagni-marter
Andria Sud,41.2246958,16.3145632,IT,andria-sud
Paterno-San Pelino,42.0570858,13.472258,IT,paterno-san-pelino
San Vincenzo Valle Roveto,41.833012,13.5262055,IT,san-vincenzo-valle-roveto
Frasso Telesino-Dugenta,41.1371791,14.4594924,IT,frasso-telesino-dugenta
Via del Monte,40.7781017,14.3924153,IT,via-del-monte
Lamezia Terme Nicastro,38.9668506,16.3200662,IT,lamezia-terme-nicastro
San Pietro a Maida-Maida,38.8678225,16.2763821,IT,san-pietro-a-maida-maida
Sant’Antonio Mantovano,45.1874065,10.7859655,IT,santantonio-mantovano
Sommacampagna-Sona,45.4263707,10.8441503,IT,sommacampagna-sona
Cava Tigozzi,45.1567719,9.9559154,IT,cava-tigozzi
Ronta,44.0094143,11.4341229,IT,ronta
Ponte Albanito,41.3517312,15.5330479,IT,ponte-albanito
Porto Empedocle Centrale,37.2915465,13.5378546,IT,porto-empedocle-centrale
Monserrato,39.2647246,9.1446613,IT,monserrato
Altopascio,43.8174087,10.6727388,IT,altopascio
Rottofreno,45.0605231,9.5492008,IT,rottofreno
San Nicolò,45.0588142,9.606423,IT,san-nicolo
Quarto Centro,40.8801749,14.1448001,IT,quarto-centro
Santa Maria La Bruna,40.7552398,14.4078965,IT,santa-maria-la-bruna
Portici-Ercolano,40.8098814,14.3358073,IT,portici-ercolano
Napoli San Giovanni Barra,40.8331154,14.3053271,IT,napoli-san-giovanni-barra
Napoli Gianturco,40.8538884,14.2878019,IT,napoli-gianturco
Torre Annunziata Centrale,40.7470658,14.4638723,IT,torre-annunziata-centrale
Pompei,40.7458975,14.5012377,IT,pompei
Policastro Bussentino,40.0765124,15.5285037,IT,policastro-bussentino
Agropoli-Castellabate,40.3516086,15.0020215,IT,agropoli-castellabate
Paestum,40.4216783,15.0148832,IT,paestum
Capaccio-Roccadaspide,40.4555062,15.0134437,IT,capaccio-roccadaspide
Pontecagnano,40.6401877,14.8728509,IT,pontecagnano
Villanova Tulo,39.7620705,9.2136033,IT,villanova-tulo
Casalecchio Garibaldi,44.4827287,11.2727053,IT,casalecchio-garibaldi
Roccavivi,41.8179905,13.5449505,IT,roccavivi
Vicofertile,44.7784768,10.2583145,IT,vicofertile
Porto Torres Marittima,40.8379332,8.3973594,IT,porto-torres-marittima
Brescia,45.5323342,10.2128404,IT,brescia
San Gottardo,39.2639818,9.1417907,IT,san-gottardo
Fabrica,42.3338736,12.3094089,IT,fabrica
San Giusto - Aurelia,43.701377,10.3912648,IT,san-giusto-aurelia
San Martino in Gattara,44.1131137,11.6672306,IT,san-martino-in-gattara
San Cassiano,44.14362,11.6873569,IT,san-cassiano
Fognano,44.2032424,11.7277946,IT,fognano
Biancavilla-Poggio Rosso,37.6343345,14.8825389,IT,biancavilla-poggio-rosso
Biancavilla-Pozzillo,37.6541936,14.8557239,IT,biancavilla-pozzillo
Santa Maria di Licodia Sud,37.612243,14.8988455,IT,santa-maria-di-licodia-sud
Gimigliano,38.9725331,16.5303234,IT,gimigliano
Gagliano,38.9203281,16.565689,IT,gagliano
Cavorà,38.9538068,16.5558243,IT,cavora
Arbia,43.2942894,11.4063594,IT,arbia
Campiglia Marittima,43.0172828,10.5865677,IT,campiglia-marittima
San Vincenzo,43.1003767,10.5396592,IT,san-vincenzo
Follonica,42.9266011,10.7558064,IT,follonica
Adrano Nord,37.6833996,14.8399367,IT,adrano-nord
Scarlino,42.9419532,10.8368091,IT,scarlino
Napoli Afragola,40.931823,14.331566,IT,napoli-afragola
Scisciano,40.9125653,14.4806268,IT,scisciano
De Ruggiero,40.9167109,14.4291273,IT,de-ruggiero
San Vitaliano,40.918426,14.4731632,IT,san-vitaliano
Marigliano,40.9169349,14.4563433,IT,marigliano
Brusciano,40.9171806,14.4176841,IT,brusciano
Saviano,40.9121837,14.5093091,IT,saviano
Povo-Mesiano,46.0649234,11.1425787,IT,povo-mesiano
Pianura,40.8560001,14.1624307,IT,pianura
Giuncarico,42.9152826,11.0085459,IT,giuncarico
Montepescali,42.8696011,11.0690401,IT,montepescali
Albinia,42.5023831,11.2113896,IT,albinia
Sassari Santa Maria,40.7257027,8.550952,IT,sassari-santa-maria
Alberese,42.6393688,11.1342841,IT,alberese
Monte San Biagio-Terracina Mare,41.3459338,13.3470362,IT,monte-san-biagio-terracina-mare
Orbetello-Monte Argentario,42.4506048,11.2488311,IT,orbetello-monte-argentario
Capalbio,42.4081636,11.371043,IT,capalbio
Loreo,45.0595636,12.1916472,IT,loreo
Termini Laziali,41.8968643,12.5066196,IT,termini-laziali
Termini,41.9016577,12.5007858,IT,termini
Marittima (cruise terminal),45.4400088,12.3128607,IT,marittima-cruise-terminal
تركي,36.5755401,10.5134846,TN,
بئر الباي,36.7103426,10.3784936,TN,
الرياض,36.6995361,10.4148001,TN,
حمام الشط,36.7136861,10.3691813,TN,
الطاهر صفر,36.7176007,10.3595604,TN,
محطة الملعب,36.7236051,10.3483416,TN,
رادس مليان,36.7631283,10.2841728,TN,
معهد رادس,36.7667948,10.2608771,TN,
مقرين الرياض,36.770324,10.2231437,TN,
مخزن فرحات حشاد,36.7839393,10.1921455,TN,
معهد الزهراء,36.7391485,10.3179235,TN,
Hached,37.064646,9.6021019,TN,hached
جالطة,37.0739082,9.5347455,TN,
El Harrech,37.059568,9.2205744,TN,el-harrech
تمرة,37.0552785,9.1196381,TN,
Sidi M'Himech,36.7823699,9.2796351,TN,sidi-m'himech
Jefna,37.0425453,9.4416155,TN,jefna
Tarquinia,42.2396211,11.7271576,IT,tarquinia
Nera Montoro,42.4979297,12.4765635,IT,nera-montoro
Seui,39.8368045,9.3265095,IT,seui
Cava dei Tirreni,40.703564,14.7084479,IT,cava-dei-tirreni
Acireale,37.5957062,15.1617566,IT,acireale
Sassari,40.7295623,8.5541411,IT,sassari
Sassa-Tornimparte,42.3605625,13.2953894,IT,sassa-tornimparte
Reggio di Calabria Centrale,38.1038113,15.6359384,IT,reggio-di-calabria-centrale
Marina di Maratea,39.9595539,15.7358922,IT,marina-di-maratea
Palermo San Lorenzo Colli,38.162669,13.3168559,IT,palermo-san-lorenzo-colli
Palermo La Malfa,38.1671931,13.3094629,IT,palermo-la-malfa
Staro Petrovo Selo,45.222097,17.5259571,HR,staro-petrovo-selo
Sibinj,45.1809075,17.9046047,HR,sibinj
Terni,42.5705933,12.6512537,IT,terni
Ponte nelle Alpi-Polpet,46.1821734,12.2778815,IT,ponte-nelle-alpi-polpet
Ponticino,43.4815419,11.71663,IT,ponticino
Roma Balduina,41.9197615,12.4366012,VA,roma-balduina
Banova Jaruga,45.4456395,16.876306,HR,banova-jaruga
Vodnjan,44.9667256,13.8560524,HR,vodnjan
Pula,44.8797858,13.8471441,HR,pula
Casaletto Vaprio,45.4086452,9.6317462,IT,casaletto-vaprio
Treviglio,45.5150726,9.5886703,IT,treviglio
Sapri,40.0779698,15.6271738,IT,sapri
المنصف باي,36.8052465,10.0906561,TN,
أبو بكر الرازي,36.8074046,10.0824532,TN,
القطب التكنولوجي,36.8090525,10.0754288,TN,
قصر الوردة,36.8102893,10.0679469,TN,
الحرم الجامعي,36.8129386,10.0618995,TN,
سليمان كاهية,36.8032792,10.0990361,TN,
باردو,36.8072108,10.1352293,TN,
السعيدية,36.8054116,10.1267056,TN,
خزندار,36.8041832,10.1217355,TN,
مفتاح سعد الله,36.8130642,10.1562703,TN,
نيلسون مانديلا,36.8111036,10.1825459,TN,
باب الخضراء,36.8102392,10.1724748,TN,
باب سعدون,36.8097937,10.1619793,TN,
ساحة برشلونة,36.7960949,10.180449,TN,
ساحة الجمهورية,36.8064986,10.1808267,TN,
بوشوشة,36.8092396,10.1490176,TN,
شارع 20 مارس,36.8082866,10.1428837,TN,20
صناعات تقليدية,36.802899,10.1160199,TN,
الدندان,36.8022121,10.1107696,TN,
فرحات حشاد,36.7978921,10.1860984,TN,
Rossano,39.6029674,16.6408816,IT,rossano
Teramo,42.6605548,13.7158301,IT,teramo
الكورنيش,36.8797016,10.3393039,TN,
سيدي الظريف,36.8757592,10.3397454,TN,
سيدي بوسعيد,36.8706146,10.342087,TN,
قرطاج أميلكار,36.8666146,10.3375137,TN,
قرطاج الرئاسة,36.8616645,10.3350247,TN,
قرطاج حنبعل,36.8535473,10.3289965,TN,
قرطاج درمش,36.8501973,10.325696,TN,
قرطاج صلامبو,36.8416949,10.31914,TN,
الكرم,36.8363423,10.316655,TN,
المطار,36.8320405,10.3138695,TN,
حلق الوادي الجديد,36.819937,10.3056364,TN,
حلق الوادي الكازينو,36.8242387,10.3087129,TN,
شاطئ المرسى,36.8828612,10.3336536,TN,
البطاح,36.8142253,10.2923749,TN,
التحرير,36.8290786,10.1286636,TN,
14 يناير 2011,36.8228587,10.1399718,TN,14-2011
حرم الجامعة,36.8260149,10.1439911,TN,
ابن خلدون,36.8307338,10.1341622,TN,
الشباب,36.8333222,10.1828017,TN,
الحي الرياضي,36.8385103,10.1819614,TN,
الاستقلال,36.8543919,10.195916,TN,
أريانة,36.8597606,10.1974786,TN,
Roccaraso,41.8508175,14.0793334,IT,roccaraso
Campo di Giove,42.0080116,14.0415076,IT,campo-di-giove
Rogliano Serra,39.1753901,16.3172099,IT,rogliano-serra
Falconara Marittima,43.6304075,13.3975281,IT,falconara-marittima
Vezzano Ligure,44.12713,9.8893555,IT,vezzano-ligure
La Spezia Migliarina,44.1231378,9.8395537,IT,la-spezia-migliarina
Santo Stefano di Magra,44.1558579,9.9152872,IT,santo-stefano-di-magra
Aulla Lunigiana,44.2188969,9.9767629,IT,aulla-lunigiana
Pontremoli,44.3720137,9.8877798,IT,pontremoli
Villafranca-Bagnone,44.2943945,9.9481505,IT,villafranca-bagnone
Borgo Val di Taro,44.4865271,9.7814396,IT,borgo-val-di-taro
Parma,44.8102782,10.3285271,IT,parma
Bitonto Centrale,41.1133559,16.6845957,IT,bitonto-centrale
Cecilia,41.1166772,16.7862997,IT,cecilia
Mezzocorona Ferrovia,46.2063858,11.1272011,IT,mezzocorona-ferrovia
Grisignano di Zocco,45.4866089,11.7109632,IT,grisignano-di-zocco
Altavilla - Tavernelle,45.5118043,11.4543387,IT,altavilla-tavernelle
Lonigo,45.4130622,11.3453501,IT,lonigo
Caldiero,45.4142634,11.1697902,IT,caldiero
San Martino Buon Albergo,45.4217036,11.0893046,IT,san-martino-buon-albergo
Vicenza,45.5414812,11.5407637,IT,vicenza
Venezia Santa Lucia,45.4410753,12.3210322,IT,venezia-santa-lucia
Venezia Mestre,45.482462,12.2317016,IT,venezia-mestre
Padova,45.4177424,11.8804975,IT,padova
Dolo,45.4533067,12.0717172,IT,dolo
Castelfranco Veneto,45.6666558,11.9340294,IT,castelfranco-veneto
Santa Maria Capua Vetere,41.0734905,14.2541104,IT,santa-maria-capua-vetere
Paduli sul Calore,41.1461798,14.8393226,IT,paduli-sul-calore
منوبة,36.8020788,10.102639,TN,
الوردية,36.7542113,10.199072,TN,
Schivenoglia,44.9913658,11.0753316,IT,schivenoglia
Sella di Corno,42.3604655,13.1898933,IT,sella-di-corno
Napoli Mergellina,40.8315681,14.2187034,IT,napoli-mergellina
Verona Porta Vescovo,45.4357704,11.0186493,IT,verona-porta-vescovo
Pizzo,38.726357,16.1506026,IT,pizzo
Briatico,38.7253877,16.0253572,IT,briatico
Incoronata,41.4081663,15.6507591,IT,incoronata
Piadena,45.127432,10.3702442,IT,piadena
Cremona,45.1432477,10.0182413,IT,cremona
Bozzolo,45.1072476,10.4726378,IT,bozzolo
Colorno,44.9279655,10.382876,IT,colorno
Casalmaggiore,44.9931326,10.4249516,IT,casalmaggiore
Trento San Bartolameo,46.0475939,11.1352094,IT,trento-san-bartolameo
Montebelluna,45.7763361,12.0537938,IT,montebelluna
Feltre,46.0129958,11.9114212,IT,feltre
Bassano del Grappa,45.7666297,11.7412694,IT,bassano-del-grappa
Belluno,46.1414549,12.2098818,IT,belluno
Conegliano,45.8848195,12.2988561,IT,conegliano
Stazione per l'Alpago,46.1375757,12.3163777,IT,stazione-per-l'alpago
Spresiano,45.7776072,12.2668232,IT,spresiano
Thiene,45.699843,11.4766835,IT,thiene
Primolano,45.9654102,11.7008484,IT,primolano
San Cristoforo al Lago - Ischia,46.0397311,11.2339293,IT,san-cristoforo-al-lago-ischia
Pergine Valsugana,46.0629337,11.2321578,IT,pergine-valsugana
Maerne di Martellago,45.5147196,12.1505396,IT,maerne-di-martellago
Montalto di Castro,42.334616,11.5951394,IT,montalto-di-castro
Castelnuovo del Garda,45.4309622,10.7583732,IT,castelnuovo-del-garda
Konjic,43.6571492,17.9613545,BA,konjic
Napoli Campi Flegrei,40.8221756,14.1946381,IT,napoli-campi-flegrei
Bagnoli-Agnano Terme,40.8194209,14.1666694,IT,bagnoli-agnano-terme
Napoli Piazza Leopardi,40.8240468,14.199742,IT,napoli-piazza-leopardi
Pozzuoli Solfatara,40.8276089,14.1260691,IT,pozzuoli-solfatara
Oliveri-Tindari,38.1283856,15.0565855,IT,oliveri-tindari
Patti-San Piero Patti,38.1469838,14.9753585,IT,patti-san-piero-patti
Ravnice,45.1090923,16.4093068,HR,ravnice
Rajlovac,43.8585865,18.3164282,BA,rajlovac
Bologna Corticella,44.5519633,11.3541735,IT,bologna-corticella
San Vito al Tagliamento,45.9125159,12.8517828,IT,san-vito-al-tagliamento
Napoli Piazza Garibaldi,40.8524495,14.270471,IT,napoli-piazza-garibaldi
Maratea,39.9950191,15.7097076,IT,maratea
Paola,39.3594576,16.033009,IT,paola
Fuscaldo,39.4096285,16.0114306,IT,fuscaldo
Cetraro,39.5125098,15.9392041,IT,cetraro
Marcellina-Verbicaro-Orsomarso,39.76695,15.8226138,IT,marcellina-verbicaro-orsomarso
Diamante-Buonvicino,39.6769088,15.8243787,IT,diamante-buonvicino
Belvedere Marittimo,39.6176295,15.8526774,IT,belvedere-marittimo
Capo Bonifati,39.5583567,15.8739399,IT,capo-bonifati
Scalea-Santa Domenica Talao,39.8084042,15.8013064,IT,scalea-santa-domenica-talao
Longobardi,39.2114848,16.0612285,IT,longobardi
Amantea,39.1342924,16.0684033,IT,amantea
Campora-San Giovanni-Serra Ajello,39.0683618,16.0909091,IT,campora-san-giovanni-serra-ajello
Nocera Terinese,39.0159119,16.1195733,IT,nocera-terinese
Gizzeria Lido,38.9333969,16.2126207,IT,gizzeria-lido
Lamezia Terme Centrale,38.9213185,16.2555277,IT,lamezia-terme-centrale
Rosarno,38.488699,15.9701018,IT,rosarno
Gioia Tauro,38.4235132,15.8975025,IT,gioia-tauro
Bagnara,38.2827249,15.8003178,IT,bagnara
Palmi,38.3649618,15.8444046,IT,palmi
Catania Centrale,37.5064639,15.0999956,IT,catania-centrale
Paternò,37.5702774,14.9134234,IT,paterno
Randazzo,37.8751278,14.9544462,IT,randazzo
Gurrida,37.8519707,14.9085358,IT,gurrida
Maletto,37.8307624,14.8636685,IT,maletto
Bronte,37.7879994,14.8385371,IT,bronte
Taormina-Giardini,37.8453997,15.2827301,IT,taormina-giardini
Letojanni,37.8773942,15.3029838,IT,letojanni
Pace del Mela,38.2024903,15.3127266,IT,pace-del-mela
Milazzo,38.1978552,15.2581173,IT,milazzo
Giarre-Riposto,37.730324,15.19358,IT,giarre-riposto
Riposto,37.7267201,15.20452,IT,riposto
Giarre,37.7309364,15.1920224,IT,giarre
Mascali,37.7587278,15.172172,IT,mascali
Piedimonte Etneo,37.8087956,15.1733329,IT,piedimonte-etneo
Novara-Montalbano-Furnari,38.121584,15.1306808,IT,novara-montalbano-furnari
Linguaglossa,37.8415715,15.136676,IT,linguaglossa
Cerro,37.8521124,15.1157004,IT,cerro
Solicchiata,37.8645751,15.0779923,IT,solicchiata
Passopisciaro,37.8720013,15.0369397,IT,passopisciaro
Duomo-Via Vernieri,40.6814033,14.7623481,IT,duomo-via-vernieri
Bari Villaggio del Lavoratore,41.1041515,16.8227341,IT,bari-villaggio-del-lavoratore
Petrovo Novo,44.6286099,18.3831809,BA,petrovo-novo
Frattamaggiore-Grumo,40.9400144,14.2636343,IT,frattamaggiore-grumo
Casoria-Afragola,40.9077501,14.2986883,IT,casoria-afragola
Roccastrada,42.9577273,11.1929588,IT,roccastrada
Messina Centrale,38.184887,15.5613599,IT,messina-centrale
Rometta Messinese,38.2283979,15.4060011,IT,rometta-messinese
Torregrotta,38.2066946,15.3515697,IT,torregrotta
Barcellona-Castroreale,38.1540089,15.1994604,IT,barcellona-castroreale
Visoko,43.9965051,18.1830058,BA,visoko
Podlugovi,43.9699126,18.2549811,BA,podlugovi
Maglaj,44.5466361,18.0930963,BA,maglaj
Srpska Kostajnica,44.7638235,18.0705319,BA,srpska-kostajnica
Suho Polje,44.716967,18.1627758,BA,suho-polje
Ukrina,44.7445957,17.5643448,BA,ukrina
Šnjegotina,44.7003787,17.4786976,BA,snjegotina
Jošavka,44.7504481,17.4174953,BA,josavka
Banja Luka,44.7886564,17.2126451,BA,banja-luka
Prijedor,44.9795957,16.7162329,BA,prijedor
Brezičani,45.0091419,16.6506941,BA,brezicani
Novi Grad,45.0509596,16.3867098,BA,novi-grad
Cupramarittima,43.0234126,13.8607079,IT,cupramarittima
Vidalengo,45.517952,9.6397278,IT,vidalengo
Ancona,43.6075918,13.4976802,IT,ancona
Genga - San Vittore Terme,43.4030179,12.9771611,IT,genga-san-vittore-terme
Levanto,44.1741911,9.6160653,IT,levanto
Monterosso,44.1458899,9.6489881,IT,monterosso
Vernazza,44.1350299,9.6845448,IT,vernazza
Corniglia,44.1185398,9.7163062,IT,corniglia
Riomaggiore,44.1006168,9.7361425,IT,riomaggiore
Raiano,42.0979324,13.8090743,IT,raiano
Sant'Ilario Sangro,41.786663,14.0857936,IT,sant'ilario-sangro
Roccaravindola,41.5210439,14.1229364,IT,roccaravindola
Venafro,41.4830174,14.0487929,IT,venafro
Campobasso,41.5581451,14.6639788,IT,campobasso
Cannizzaro,37.5471125,15.1296827,IT,cannizzaro
Lentini,37.3012376,14.997035,IT,lentini
Augusta,37.2433609,15.2186166,IT,augusta
Priolo-Melilli,37.1578916,15.197195,IT,priolo-melilli
Targia,37.1096295,15.2459555,IT,targia
Canicattì,37.3600326,13.8556014,IT,canicatti
Campobello-Ravanusa,37.2658137,13.9463139,IT,campobello-ravanusa
Licata,37.1060453,13.9381155,IT,licata
Gela,37.0728873,14.259572,IT,gela
Donnafugata,36.882116,14.5688874,IT,donnafugata
Ragusa,36.9192874,14.725545,IT,ragusa
Modica,36.8529123,14.7542035,IT,modica
Scicli,36.7899833,14.6987214,IT,scicli
Sampieri,36.7318736,14.7445832,IT,sampieri
Pozzallo,36.7335293,14.8472312,IT,pozzallo
Ispica,36.7781315,14.9144184,IT,ispica
Rosolini,36.8159471,14.952925,IT,rosolini
Noto,36.8823941,15.0745375,IT,noto
Avola,36.9075013,15.1258304,IT,avola
Siracusa,37.0690913,15.2807426,IT,siracusa
Contesse,38.1501279,15.5351722,IT,contesse
Galati,38.1045248,15.5053407,IT,galati
Alì Terme,38.0051941,15.4235186,IT,ali-terme
Roccalumera-Mandanici,37.9729673,15.3913817,IT,roccalumera-mandanici
Santa Teresa di Riva,37.946319,15.3675556,IT,santa-teresa-di-riva
Fiumefreddo di Sicilia,37.7952223,15.2057071,IT,fiumefreddo-di-sicilia
Vizzini-Licodia,37.1825883,14.7295286,IT,vizzini-licodia
Militello,37.2771729,14.7831968,IT,militello
Grammichele,37.2092891,14.6412333,IT,grammichele
Dittaino,37.5646145,14.4624707,IT,dittaino
Camponogara - Campagna Lupia,45.3667969,12.0935095,IT,camponogara-campagna-lupia
Pergola,43.5496201,12.8330076,IT,pergola
Adria,45.0604511,12.0543287,IT,adria
Taureana di Palmi,38.3861871,15.8671108,IT,taureana-di-palmi
Palazzolo sull'Oglio,45.6022757,9.8952376,IT,palazzolo-sull'oglio
جبل الوسط,36.5553063,10.0599409,TN,
حلق الوادي,36.8180333,10.3019649,TN,
Matera Centrale,40.6662928,16.6013142,IT,matera-centrale
Matera Villa Longo,40.6794809,16.5899905,IT,matera-villa-longo
Matera Serra Rifusa,40.6844444,16.5880595,IT,matera-serra-rifusa
Silvi,42.5590642,14.1103055,IT,silvi
Guardiaregia,41.4574818,14.5536606,IT,guardiaregia
بوقرنين,36.7348633,10.3238925,TN,
حمام الأنف,36.7293809,10.3345507,TN,
فندق الجديد,36.6689499,10.4467066,TN,
Khanguet,36.6251766,10.4611447,TN,khanguet
قرمبالية,36.5960822,10.4979192,TN,
بلي,36.5606363,10.524988,TN,
بوعرقوب,36.5312251,10.5514459,TN,
Riva del Garda,45.8841702,10.8378861,IT,riva-del-garda
Mostra,40.8243372,14.1936564,IT,mostra
Vibo Valentia-Pizzo,38.7146678,16.1398896,IT,vibo-valentia-pizzo
سيدي عثمان,36.9601998,9.9245764,TN,
Orvieto,42.7239959,12.1266901,IT,orvieto
Attigliano-Bomarzo,42.5180346,12.2948934,IT,attigliano-bomarzo
Alviano,42.5919228,12.2596405,IT,alviano
Castiglione in Teverina,42.6486092,12.2349722,IT,castiglione-in-teverina
Allerona-Castel Viscardo,42.7848132,12.0357621,IT,allerona-castel-viscardo
Chiusi-Chianciano Terme,43.0024988,11.957601,IT,chiusi-chianciano-terme
Castiglion del Lago,43.123223,12.0321402,IT,castiglion-del-lago
Terontola,43.210643,12.0080846,IT,terontola
Camucia-Cortona,43.2611666,11.9712842,IT,camucia-cortona
Castiglion Fiorentino,43.3409767,11.914402,IT,castiglion-fiorentino
Arezzo,43.4609548,11.8754953,IT,arezzo
Laterina,43.4965012,11.6605818,IT,laterina
Bucine,43.4805104,11.6177292,IT,bucine
Montevarchi-Terranuova,43.525337,11.5640509,IT,montevarchi-terranuova
San Giovanni Valdarno,43.5660322,11.5270507,IT,san-giovanni-valdarno
Figline Valdarno,43.6218208,11.4736507,IT,figline-valdarno
Incisa,43.6558723,11.4526838,IT,incisa
Rignano sull'Arno,43.7208953,11.4525028,IT,rignano-sull'arno
Firenze Campo di Marte,43.7775989,11.2766652,IT,firenze-campo-di-marte
Compiobbi,43.7825845,11.3586663,IT,compiobbi
Sant'Ellero,43.7422375,11.4697199,IT,sant'ellero
Pontassieve,43.7739961,11.4380363,IT,pontassieve
سجنان,37.0562804,9.2374857,TN,
باجة,36.7249581,9.1901394,TN,
سيدي إسماعيل,36.5956629,9.1129003,TN,
بوسالم,36.6111258,8.9721927,TN,
بن بشير,36.5676981,8.8558349,TN,
Knin,44.0366673,16.1983929,HR,knin
الجديدة,36.8508566,9.9332019,TN,
وادي الزرقاء,36.6732537,9.4266499,TN,
طبربة,36.8291603,9.8443655,TN,
جندوبة,36.5010608,8.7771249,TN,
مجاز الباب,36.6657253,9.6065106,TN,
محطة نعسان,36.7031003,10.2326979,TN,
بئر القصعة,36.7405711,10.2287943,TN,
ماطر,37.0381103,9.6844217,TN,
سيدي رزيق,36.7673336,10.2445454,TN,
Cavalleggeri Aosta,40.8198824,14.18763,IT,cavalleggeri-aosta
Ponte San Pietro,45.6991237,9.5843823,IT,ponte-san-pietro
Nesima,37.5161075,15.0497929,IT,nesima
San Nullo,37.5193976,15.0602187,IT,san-nullo
Cibali,37.5199581,15.0674419,IT,cibali
Milo,37.5214941,15.0763401,IT,milo
Giuffrida,37.5200868,15.0908133,IT,giuffrida
Italia,37.5160628,15.0966867,IT,italia
Galatea,37.5144895,15.1014926,IT,galatea
Giovanni XXIII,37.5080874,15.0995967,IT,giovanni-xxiii
Stesicoro,37.5075944,15.0889271,IT,stesicoro
Torre de' Picenardi,45.1372268,10.2869971,IT,torre-de'-picenardi
Napoli Piazza Cavour,40.8551766,14.2545779,IT,napoli-piazza-cavour
Napoli Montesanto,40.8476082,14.2439212,IT,napoli-montesanto
Napoli Piazza Amedeo,40.8384801,14.233124,IT,napoli-piazza-amedeo
Napoli Porta Nolana,40.849165,14.2691781,IT,napoli-porta-nolana
Baia,40.8211529,14.0712972,IT,baia
Bergamo,45.6903836,9.6749975,IT,bergamo
Mugnano,40.9130287,14.2182975,IT,mugnano
Giugliano,40.9279688,14.2175479,IT,giugliano
Aversa Ippodromo,40.960825,14.2107877,IT,aversa-ippodromo
Aversa Centro,40.9740846,14.2136486,IT,aversa-centro
بئر مشارقة,36.5063133,10.0218116,TN,
منزل بورقيبة,37.1513804,9.7936192,TN,
Faenza,44.2935799,11.8832186,IT,faenza
Vigna di Valle,42.0768844,12.2107385,IT,vigna-di-valle
Fusaro,40.8185701,14.0617293,IT,fusaro
Telese-Cerreto,41.2117612,14.5259943,IT,telese-cerreto
Corsano,41.1647492,14.958485,IT,corsano
Avellino,40.9213456,14.8205706,IT,avellino
Albino,45.7576686,9.798066,IT,albino
Pradalunga,45.7504728,9.7810088,IT,pradalunga
Nembro Saletti,45.7445098,9.7686132,IT,nembro-saletti
Nembro Centro,45.7416054,9.7614125,IT,nembro-centro
Nembro Camozzi,45.7390497,9.7531757,IT,nembro-camozzi
Alzano Sopra,45.7349159,9.7398478,IT,alzano-sopra
Alzano Centro,45.7306426,9.7289928,IT,alzano-centro
Ranica,45.7226397,9.7210003,IT,ranica
Torre Boldone,45.7136746,9.7082033,IT,torre-boldone
Bergamo Martinella,45.7122945,9.7019042,IT,bergamo-martinella
Bergamo Negrisoli,45.7101234,9.6974805,IT,bergamo-negrisoli
Bergamo Redona,45.7076937,9.693013,IT,bergamo-redona
Bergamo Bianzana,45.7054206,9.6901086,IT,bergamo-bianzana
Bergamo San Fermo,45.7007569,9.6874678,IT,bergamo-san-fermo
Bergamo Borgo Palazzo,45.6950623,9.6848853,IT,bergamo-borgo-palazzo
Bergamo FS,45.6914056,9.6766555,IT,bergamo-fs
Triflisco,41.1353902,14.2580006,IT,triflisco
Grotteria,38.3489623,16.2770178,IT,grotteria
Martone -S. Giovanni di Gerace,38.3513858,16.2805238,IT,martone-s-giovanni-di-gerace
Verdello-Dalmine,45.6058533,9.6198669,IT,verdello-dalmine
تينجة,37.1597021,9.7572863,TN,
Nuoro,40.3204049,9.3232913,IT,nuoro
Serradifalco,37.431737,13.8832418,IT,serradifalco
Caltanissetta Xirbi,37.5362531,14.0569827,IT,caltanissetta-xirbi
Caltanissetta Centrale,37.4885178,14.0574988,IT,caltanissetta-centrale
Termini Imerese,37.9798582,13.7041153,IT,termini-imerese
Villarosa,37.5671843,14.2001478,IT,villarosa
Apricena Città,41.7790066,15.4456525,IT,apricena-citta
Campofelice,37.9927229,13.8772293,IT,campofelice
Lascari,38.0099262,13.9249196,IT,lascari
Santo Stefano di Camastra-Mistretta,38.017491,14.3518379,IT,santo-stefano-di-camastra-mistretta
Caronia,38.034415,14.4438025,IT,caronia
Capo d'Orlando-Naso,38.1579307,14.7448825,IT,capo-d'orlando-naso
Brolo-Ficarra,38.1592008,14.8302047,IT,brolo-ficarra
Partinico,38.0586171,13.108972,IT,partinico
Carini,38.1476974,13.1866897,IT,carini
Piraineto,38.1721512,13.1409714,IT,piraineto
Palermo Aeroporto,38.1873739,13.1058197,IT,palermo-aeroporto
Palazzo Reale-Orleans,38.1089585,13.3540917,IT,palazzo-reale-orleans
Palermo Vespri,38.1026972,13.3616215,IT,palermo-vespri
Palermo Brancaccio,38.093018,13.3925687,IT,palermo-brancaccio
Palermo Guadagna,38.09825,13.3708454,IT,palermo-guadagna
Isola delle Femmine,38.1946353,13.2502057,IT,isola-delle-femmine
Balestrate,38.0533794,13.0074289,IT,balestrate
Trappeto,38.0651928,13.0370385,IT,trappeto
Cinisi-Terrasini,38.1553091,13.0966808,IT,cinisi-terrasini
Alcamo Diramazione,37.9785665,12.9158108,IT,alcamo-diramazione
Castellammare del Golfo,38.0243443,12.912417,IT,castellammare-del-golfo
Castelvetrano,37.6838585,12.7990548,IT,castelvetrano
Salemi-Gibellina,37.8066598,12.8655019,IT,salemi-gibellina
Gallitello,37.8579603,12.9487731,IT,gallitello
Ravenna,44.419167,12.2080102,IT,ravenna
Marsala,37.7933222,12.4431034,IT,marsala
Mazara del Vallo,37.6525881,12.5945685,IT,mazara-del-vallo
Campobello di Mazara,37.6362609,12.7331456,IT,campobello-di-mazara
Paceco,37.9914195,12.5509025,IT,paceco
Marausa,37.9264962,12.5042137,IT,marausa
Mozia-Birgi,37.8851046,12.4990859,IT,mozia-birgi
Trabia,37.9964248,13.6556062,IT,trabia
Altavilla Milicia,38.0483889,13.5542884,IT,altavilla-milicia
Casteldaccia,38.0603462,13.5370935,IT,casteldaccia
Sipicciano,42.5464648,12.2541218,IT,sipicciano
Brescia Borgo San Giovanni,45.5432019,10.1907191,IT,brescia-borgo-san-giovanni
Napoli Centrale,40.8530238,14.2731399,IT,napoli-centrale
Via Campana,40.8533089,14.1206014,IT,via-campana
Petrosino Strasatti,37.7255031,12.5094477,IT,petrosino-strasatti
Agrigento Centrale,37.3092487,13.5839443,IT,agrigento-centrale
Agrigento Bassa,37.3190914,13.5881768,IT,agrigento-bassa
Aragona Caldare,37.3810981,13.6365277,IT,aragona-caldare
Campofranco,37.5100312,13.6867855,IT,campofranco
Acquaviva-Casteltermini,37.5704315,13.6748236,IT,acquaviva-casteltermini
Cammarata-San Giovanni Gemini,37.6536714,13.674023,IT,cammarata-san-giovanni-gemini
Roccapalumba-Alia,37.7937914,13.6735118,IT,roccapalumba-alia
Montemaggiore Belsito,37.8590358,13.6931211,IT,montemaggiore-belsito
Cerda,37.9539085,13.7846276,IT,cerda
Melito di Porto Salvo,37.916705,15.7814603,IT,melito-di-porto-salvo
Saline di Reggio,37.9386464,15.710748,IT,saline-di-reggio
Reggio Calabria San Gregorio,38.0587304,15.6509279,IT,reggio-calabria-san-gregorio
Reggio di Calabria Gallico,38.1652583,15.6507409,IT,reggio-di-calabria-gallico
قرطاج بيرصة,36.8462307,10.32184,TN,
Campoleone,41.6423988,12.6482818,IT,campoleone
Calatafimi,37.9388701,12.856151,IT,calatafimi
Rieti,42.4059543,12.8626316,IT,rieti
Rocchetta Sant'Antonio-Lacedonia,41.0790463,15.5505766,IT,rocchetta-sant'antonio-lacedonia
Vinchiaturo,41.4938878,14.5980392,IT,vinchiaturo
Cantalupo-Macchiagodena,41.5315989,14.3943288,IT,cantalupo-macchiagodena
Isernia,41.5970343,14.2355987,IT,isernia
Bojano,41.48784,14.4744834,IT,bojano
Pietrelcina,41.1887308,14.832462,IT,pietrelcina
Altavilla Irpina,41.0150866,14.7849114,IT,altavilla-irpina
Metaponto,40.3684171,16.8151934,IT,metaponto
Villapiana-Torre Cerchiara,39.7905441,16.4795308,IT,villapiana-torre-cerchiara
Sibari,39.7492589,16.4565378,IT,sibari
Scanzano Jonico-Montalbano Jonico,40.2535544,16.7056052,IT,scanzano-jonico-montalbano-jonico
Amendolara-Oriolo,39.9337754,16.6030783,IT,amendolara-oriolo
Marconia,40.3168738,16.7523489,IT,marconia
Nova Siri-Rotondella,40.1303037,16.6440875,IT,nova-siri-rotondella
Trebisacce,39.8655536,16.5322325,IT,trebisacce
Rocca Imperiale,40.1001051,16.6157705,IT,rocca-imperiale
Roseto Capo Spulico,39.972407,16.6202666,IT,roseto-capo-spulico
Montegiordano,40.0407954,16.5979097,IT,montegiordano
Palagiano-Chiatona,40.5170429,17.0591974,IT,palagiano-chiatona
Castellaneta Marina,40.4811006,16.9655044,IT,castellaneta-marina
Ginosa,40.4291864,16.8910161,IT,ginosa
Roccella Jonica,38.3220326,16.4068881,IT,roccella-jonica
Locri,38.2331919,16.264793,IT,locri
Brancaleone,37.9654601,16.1033188,IT,brancaleone
Ferruzzano,38.0162777,16.1344997,IT,ferruzzano
Bova Marina,37.930254,15.9239253,IT,bova-marina
Condofuri,37.927579,15.8749975,IT,condofuri
Palizzi,37.9187806,15.9863771,IT,palizzi
Corigliano Calabro,39.6281934,16.5149691,IT,corigliano-calabro
Torre Melissa,39.3043963,17.108438,IT,torre-melissa
Bovalino,38.1490806,16.180564,IT,bovalino
Siderno,38.2707944,16.3020084,IT,siderno
Cirò,39.3687288,17.1170467,IT,ciro
Ardore,38.1757076,16.2073409,IT,ardore
Bianco,38.0890649,16.1532938,IT,bianco
Marina di Gioiosa Ionica,38.3000373,16.3309736,IT,marina-di-gioiosa-ionica
Strongoli,39.2281233,17.1083022,IT,strongoli
Calopezzati,39.5790106,16.8194193,IT,calopezzati
Mirto-Crosia,39.6048326,16.7774105,IT,mirto-crosia
Mileto,38.5770976,16.0599638,IT,mileto
EUR Magliana,41.8395496,12.4632892,VA,eur-magliana
Nicotera,38.5493415,15.9337481,IT,nicotera
Parghelia,38.6833153,15.9250253,IT,parghelia
Tropea,38.6722638,15.894614,IT,tropea
Piano Lago,39.2003125,16.3140515,IT,piano-lago
Riace,38.3891793,16.5281176,IT,riace
Monasterace-Stilo,38.4375628,16.5744046,IT,monasterace-stilo
Squillace,38.77705,16.5704402,IT,squillace
Guardavalle,38.4802364,16.5788818,IT,guardavalle
Cropani,38.9219638,16.8135667,IT,cropani
Botricello,38.9339345,16.8574432,IT,botricello
Badolato,38.5722596,16.5676558,IT,badolato
Sant'Andrea dell'Jonio,38.6200813,16.5535044,IT,sant'andrea-dell'jonio
Crucoli,39.4496004,17.0407652,IT,crucoli
Cariati,39.4968373,16.9520649,IT,cariati
Mandatoriccio-Campana,39.5254062,16.8931592,IT,mandatoriccio-campana
Potenza Superiore,40.6457612,15.801043,IT,potenza-superiore
Potenza Santa Maria,40.6455677,15.8010055,IT,potenza-santa-maria
Spinazzola,40.9534353,16.0872252,IT,spinazzola
Tesoro,41.1297547,16.8021861,IT,tesoro
San Gabriele,41.1240277,16.7853526,IT,san-gabriele
Ospedale San Paolo,41.1176388,16.7800018,IT,ospedale-san-paolo
Andria Centrale,41.2323259,16.3014856,IT,andria-centrale
Corato Centrale,41.1567303,16.4176874,IT,corato-centrale
Ruvo di Puglia,41.1148776,16.479063,IT,ruvo-di-puglia
Terlizzi,41.1265356,16.5486194,IT,terlizzi
برج التومي,36.756239,9.7198675,TN,
Villamassargia-Domusnovas,39.2947584,8.6423731,IT,villamassargia-domusnovas
Cagliari,39.2163277,9.1076597,IT,cagliari
Elmas Aeroporto,39.257193,9.0629625,IT,elmas-aeroporto
San Gavino,39.5578666,8.8008964,IT,san-gavino
Ozieri-Chilivani,40.6095426,8.9337308,IT,ozieri-chilivani
Capralba,45.443523,9.6399933,IT,capralba
Zighoud Youcef,36.5308659,6.713052,DZ,zighoud-youcef
Vaiano,43.9618136,11.1306879,IT,vaiano
Emdjez Edchich,36.7118846,6.8057831,DZ,emdjez-edchich
Vairano-Caianello,41.3175947,14.1038903,IT,vairano-caianello
Olmeneta,45.2311889,10.0320116,IT,olmeneta
Crispiano,40.6050289,17.2379279,IT,crispiano
Torrile-S. Polo,44.8857882,10.3628165,IT,torrile-s-polo
Canneto sull'Oglio,45.1501656,10.3715906,IT,canneto-sull'oglio
Ghedi,45.4093819,10.280474,IT,ghedi
Montirone,45.4513028,10.2393678,IT,montirone
Treviglio Ovest,45.521751,9.5802821,IT,treviglio-ovest
Granaiolo,43.6522642,10.9453565,IT,granaiolo
Đulovac,45.6643488,17.4311509,HR,ulovac
Tarsia,39.6535397,16.2431296,IT,tarsia
Sesto Campano,41.4200398,14.0888854,IT,sesto-campano
Porto San Giorgio-Fermo,43.1794692,13.7973222,IT,porto-san-giorgio-fermo
Fano,43.8427812,13.0246129,IT,fano
Trento FTM,46.0741396,11.1206332,IT,trento-ftm
San Mommè,44.0279273,10.9148981,IT,san-momme
La Liccia,42.8485577,11.6906817,IT,la-liccia
Fonti di Voltaia,42.8483624,11.6906746,IT,fonti-di-voltaia
Montecosaro,43.2893189,13.6464125,IT,montecosaro
Panorama Tram,45.4765043,10.7216345,IT,panorama-tram
Trequanda,43.194172,11.603353,IT,trequanda
Split,43.5048151,16.443044,HR,split
Torviscosa,45.8258304,13.2824076,IT,torviscosa
Novska,45.3267782,16.9770911,HR,novska
Slavonski Brod,45.1635443,18.0111849,HR,slavonski-brod
Arcola,44.1186654,9.9147024,IT,arcola
Strizivojna-Vrpolje,45.2271728,18.4135485,HR,strizivojna-vrpolje
Zenica,44.2101873,17.9126234,BA,zenica
Đakovo,45.3137001,18.4217593,HR,akovo
Bizovac,45.5871547,18.4530472,HR,bizovac
Našice,45.4963838,18.1243335,HR,nasice
Čaglin,45.3482877,17.9898816,HR,caglin
Pleternica,45.2868169,17.8098355,HR,pleternica
Blacko-Jakšić,45.3356751,17.7572732,HR,blacko-jaksic
Požega,45.3375029,17.6832616,HR,pozega
Velika,45.4389454,17.6654164,HR,velika
Andrijevci,45.1907136,18.2928181,HR,andrijevci
Garčin,45.173423,18.1860756,HR,garcin
Nova Kapela-Batrina,45.1898175,17.650295,HR,nova-kapela-batrina
Martinsicuro,42.8861324,13.9040577,IT,martinsicuro
Palermo Politeama,38.1240325,13.3550398,IT,palermo-politeama
Palermo Porto,38.129118,13.3620311,IT,palermo-porto
Nova Gradiška,45.2533402,17.3792875,HR,nova-gradiska
Okučani,45.2523445,17.206311,HR,okucani
Centro Direzionale,40.8580563,14.2816183,IT,centro-direzionale
Marradi - Palazzuolo sul Senio,44.0797381,11.6190298,IT,marradi-palazzuolo-sul-senio
Crespino del Lamone,44.0418121,11.5482508,IT,crespino-del-lamone
Biforco,44.0684205,11.6023303,IT,biforco
Reggio San Lazzaro,44.6899906,10.6670675,IT,reggio-san-lazzaro
Reggio Santa Croce,44.7079874,10.6425434,IT,reggio-santa-croce
Bagnolo in Piano,44.7611204,10.6754293,IT,bagnolo-in-piano
Sassuolo Radici,44.5446312,10.7843444,IT,sassuolo-radici
Scandiano,44.6004214,10.6939098,IT,scandiano
Moslavačka Gračenica,45.5137301,16.6895977,HR,moslavacka-gracenica
Panorama,42.0153973,13.964523,IT,panorama
Ocriticum,41.9996868,13.9911104,IT,ocriticum
Bari Loseto,41.0439147,16.8471484,IT,bari-loseto
Maccarese - Fregene,41.8790243,12.2374316,IT,maccarese-fregene
Roma San Pietro,41.8960491,12.4544522,VA,roma-san-pietro
Split Predgrađe,43.5220855,16.4555636,HR,split-predgrae
Popovača,45.5592047,16.6235491,HR,popovaca
Calliano,45.9369929,11.0950197,IT,calliano
النجاح,36.7932111,10.1547337,TN,
الطيران-الزهور 1,36.7921105,10.1389191,TN,1
الحرايرية,36.7837857,10.1154806,TN,
بوقطفة-سيدي حسين,36.7801031,10.1018181,TN,
Piana di Monte Verna,41.1700081,14.3280422,IT,piana-di-monte-verna
Dragoni,41.2709839,14.3132472,IT,dragoni
Alvignano,41.2469339,14.3379391,IT,alvignano
Alife,41.323866,14.3395003,IT,alife
San Marco,41.2656663,14.3231122,IT,san-marco
Piedimonte Matese,41.3510745,14.36795,IT,piedimonte-matese
Ploče,43.0483799,17.4340208,HR,ploce
Rijeka,45.3300035,14.4302889,HR,rijeka
Đurđenovac,45.5373966,18.0377583,HR,urenovac
Daruvar,45.5888659,17.2264342,HR,daruvar
Sirač,45.529932,17.2410637,HR,sirac
Lipik,45.4095682,17.1600211,HR,lipik
Sunja,45.3554995,16.5505738,HR,sunja
Boukhadra,36.8747192,7.7311327,DZ,boukhadra
Oued Zied,36.8280646,7.5971107,DZ,oued-zied
Castellina in Chianti-Monteriggioni,43.4087218,11.2121902,IT,castellina-in-chianti-monteriggioni
Monte Amiata,42.9765577,11.5459689,IT,monte-amiata
Generalski Stol,45.3433893,15.3765608,HR,generalski-stol
Oštarije,45.2343749,15.2963592,HR,ostarije
Ogulin,45.2660268,15.2315565,HR,ogulin
Torrenieri-Montalcino,43.0866889,11.5522382,IT,torrenieri-montalcino
Vrbovsko,45.3727018,15.071524,HR,vrbovsko
Zalesina,45.3980288,14.8577876,HR,zalesina
Terminal Gallitello,40.6279532,15.7973434,IT,terminal-gallitello
Sušak-Pećine,45.3208703,14.4638083,HR,susak-pecine
Opatija-Matulji,45.3646165,14.3209922,HR,opatija-matulji
Sorrento,40.6258533,14.3797876,IT,sorrento
Kanfanar,45.1171478,13.8367064,HR,kanfanar
Sveti Petar u Šumi,45.1850388,13.8672813,HR,sveti-petar-u-sumi
Pazin,45.2397126,13.9460657,HR,pazin
Cerovlje,45.2766101,14.0137707,HR,cerovlje
Borut,45.3044038,14.0523661,HR,borut
Josipdol,45.1973199,15.2890815,HR,josipdol
Lovinac,44.3760725,15.6638192,HR,lovinac
Gračac,44.3003228,15.8222044,HR,gracac
Kosovo,43.9496773,16.2096517,HR,kosovo
Drniš,43.8637542,16.1818498,HR,drnis
Bologna Mazzini,44.4826161,11.3762573,IT,bologna-mazzini
Unešić,43.7415,16.181513,HR,unesic
Perković,43.6756208,16.1177964,HR,perkovic
Primorski Dolac,43.6366906,16.1588412,HR,primorski-dolac
Kaštel Stari,43.5673492,16.3449209,HR,kastel-stari
Kaštel Sućurac,43.5489419,16.4302992,HR,kastel-sucurac
Solin,43.5371553,16.4710421,HR,solin
Ražine,43.7054087,15.9231589,HR,razine
Šibenik,43.7301538,15.897717,HR,sibenik
Caravaggio,45.491175,9.6377543,IT,caravaggio
Lucignano-Marciano-Pozzo,43.2885083,11.7719234,IT,lucignano-marciano-pozzo
Pietrasanta,43.9560539,10.2298363,IT,pietrasanta
Ex Stazione FS - Coccorino,38.6053901,15.859528,IT,ex-stazione-fs-coccorino
Monte Antico,42.9812192,11.3598288,IT,monte-antico
Rovato FN,45.5530474,10.0017801,IT,rovato-fn
Salvator Rosa,40.851437,14.2368601,IT,salvator-rosa
Pian di Casale,44.1895103,11.0031509,IT,pian-di-casale
Bari Policlinico,41.1098512,16.8552248,IT,bari-policlinico
Madonnelle,40.8710751,14.3348515,IT,madonnelle
Argine Palasport,40.8623966,14.3382861,IT,argine-palasport
Villa Visconti,40.8554948,14.3384483,IT,villa-visconti
Vesuvio de Meis,40.851878,14.3390934,IT,vesuvio-de-meis
Bartolo Longo,40.847176,14.33655,IT,bartolo-longo
San Giorgio a Cremano,40.8330049,14.3376604,IT,san-giorgio-a-cremano
Cimitile,40.9386457,14.5305327,IT,cimitile
Cicciano,40.9606252,14.5434737,IT,cicciano
Roccarainola-Tufino,40.9663997,14.5598406,IT,roccarainola-tufino
Alfa Lancia 4,40.9302459,14.3999866,IT,alfa-lancia-4
Alfa Lancia 2,40.9258154,14.4011733,IT,alfa-lancia-2
Parco Piemonte,40.9111517,14.3727877,IT,parco-piemonte
Pomigliano d’Arco,40.9146659,14.3928637,IT,pomigliano-darco
Talona,40.9102172,14.3652771,IT,talona
La Pigna,40.9089325,14.3550365,IT,la-pigna
Salice,40.8994651,14.3373791,IT,salice
Botteghelle,40.8721916,14.3155966,IT,botteghelle
Pontelatone,41.1452092,14.273618,IT,pontelatone
Cercola,40.8562974,14.3554549,IT,cercola
Pollena Trocchia,40.8598845,14.3798026,IT,pollena-trocchia
Sant'Anastasia,40.8700685,14.4005207,IT,sant'anastasia
Somma,40.874019,14.4385068,IT,somma
San Giuseppe,40.8377639,14.50095,IT,san-giuseppe
Terzigno,40.8142985,14.4972988,IT,terzigno
Officine Ponticelli,40.8476472,14.32459,IT,officine-ponticelli
Barra,40.8441873,14.3141516,IT,barra
San Valentino Torio,40.7975429,14.6004911,IT,san-valentino-torio
Poggiomarino,40.8010383,14.5401692,IT,poggiomarino
San Giorgio Cavalli di Bronzo,40.8287397,14.3407135,IT,san-giorgio-cavalli-di-bronzo
Portici Bellavista,40.822014,14.3434406,IT,portici-bellavista
Portici Via Libertà,40.8167184,14.3463344,IT,portici-via-liberta
Ercolano Scavi,40.8085216,14.3554606,IT,ercolano-scavi
Ercolano Miglio D'Oro,40.802055,14.3615033,IT,ercolano-miglio-d'oro
Via Sant'Antonio,40.7842817,14.3842293,IT,via-sant'antonio
Santa Maria del Pozzo,40.8402229,14.327686,IT,santa-maria-del-pozzo
Villa delle Ginestre,40.7722417,14.4084946,IT,villa-delle-ginestre
Via Viuli,40.7637761,14.4280023,IT,via-viuli
Trecase,40.7619017,14.4397192,IT,trecase
Pompei - Santuario,40.7512701,14.5016608,IT,pompei-santuario
Torre Annunziata - Oplonti,40.7598147,14.4510233,IT,torre-annunziata-oplonti
Tufara Valle - Arpaise - Ceppaloni,41.061563,14.7060753,IT,tufara-valle-arpaise-ceppaloni
San Martino Valle Caudina - Montesarchio - Pannarano,41.0367006,14.6537514,IT,san-martino-valle-caudina-montesarchio-pannarano
Cervinara,41.0289575,14.6164244,IT,cervinara
Rotondi - Paolisi,41.0356399,14.5930973,IT,rotondi-paolisi
Arpaia - Airola - Sant'Agata,41.0399031,14.5548047,IT,arpaia-airola-sant'agata
Santa Maria a Vico,41.0285791,14.4626293,IT,santa-maria-a-vico
Piano di Sorrento,40.6349718,14.4104818,IT,piano-di-sorrento
Pompei Scavi - Villa dei Misteri,40.7487891,14.4809031,IT,pompei-scavi-villa-dei-misteri
Pioppaino,40.7188611,14.4917259,IT,pioppaino
Vico Equense,40.6628091,14.4298674,IT,vico-equense
Meta,40.6405035,14.4162093,IT,meta
Siena,43.3316658,11.3229024,IT,siena
EUR Fermi,41.8288306,12.4708565,IT,eur-fermi
Laurentina,41.8270353,12.4812994,IT,laurentina
EUR Palasport,41.8300135,12.4667117,IT,eur-palasport
Colosseo,41.8912684,12.4913087,IT,colosseo
Castro Pretorio,41.9063932,12.5057913,IT,castro-pretorio
Cavour,41.8947564,12.4933395,IT,cavour
Circo Massimo,41.8835164,12.488033,IT,circo-massimo
Ponte Mammolo,41.9208043,12.5651321,IT,ponte-mammolo
Monti Tiburtini,41.9157576,12.5480043,IT,monti-tiburtini
Rebibbia,41.9257192,12.5728916,IT,rebibbia
Pietralata,41.9149475,12.5550901,IT,pietralata
Tiburtina FS,41.9107613,12.53006,IT,tiburtina-fs
Santa Maria del Soccorso,41.9155472,12.5605694,IT,santa-maria-del-soccorso
Labin Dalmatinski,43.5838119,16.2331311,HR,labin-dalmatinski
Granarolo Faentino,44.357363,11.9374521,IT,granarolo-faentino
Molinella,44.6271955,11.6684432,IT,molinella
Solopaca,41.2105499,14.57136,IT,solopaca
Cascina,43.6746584,10.5452807,IT,cascina
Bagni di Tivoli,41.9496587,12.7222465,IT,bagni-di-tivoli
Arco Mirelli,40.8325441,14.2266946,IT,arco-mirelli
Poggiorsini,40.9351965,16.2669345,IT,poggiorsini
Viale delle Regioni,41.117767,16.7948568,IT,viale-delle-regioni
Orte,42.43758,12.4089076,IT,orte
Lagonegro,40.1202664,15.7626654,IT,lagonegro
Casaletto Spartano - Battaglia,40.1821992,15.70974,IT,casaletto-spartano-battaglia
Casalbuono,40.2140835,15.686066,IT,casalbuono
Montesano-Buonabitacolo,40.2867217,15.6538523,IT,montesano-buonabitacolo
Padula,40.3351404,15.629923,IT,padula
Sassano-Teggiano,40.3687275,15.6048582,IT,sassano-teggiano
Sala Consilina,40.4055878,15.5755068,IT,sala-consilina
Atena Lucana,40.456686,15.5361101,IT,atena-lucana
Polla,40.5129237,15.4972353,IT,polla
Pertosa,40.5347317,15.4581383,IT,pertosa
Auletta,40.5365122,15.4266811,IT,auletta
Petina,40.5618721,15.3893509,IT,petina
Galdo,40.5707549,15.3556228,IT,galdo
Castelluccio,40.5808668,15.3485005,IT,castelluccio
Massarosa Bozzano,43.8591361,10.346235,IT,massarosa-bozzano
Nozzano,43.829953,10.4071692,IT,nozzano
San Giuliano Terme,43.7649348,10.437056,IT,san-giuliano-terme
Ripafratta,43.8217118,10.4159524,IT,ripafratta
Rigoli,43.7897418,10.4198657,IT,rigoli
Monte Po,37.5119726,15.0363994,IT,monte-po
Settebagni,42.0062734,12.5201149,IT,settebagni
Giulianova,42.7516919,13.9656672,IT,giulianova
Palermo Giachery,38.1353146,13.3580712,IT,palermo-giachery
Lugo,44.4141402,11.9144998,IT,lugo
Acilia Sud - Dragona,41.7760617,12.3420465,IT,acilia-sud-dragona
Stella Polare,41.7271762,12.2953392,IT,stella-polare
Cazzago San Martino,45.5764176,10.0275416,IT,cazzago-san-martino
San Benedetto Po,45.0363185,10.9265124,IT,san-benedetto-po
Quistello,45.0023754,10.9820647,IT,quistello
Portogruaro - Caorle,45.7812159,12.8322211,IT,portogruaro-caorle
Benevento Appia,41.1331712,14.7663233,IT,benevento-appia
Palma-San Gennaro,40.8651222,14.5398011,IT,palma-san-gennaro
Falciano-Mondragone-Carinola,41.1234458,13.9718221,IT,falciano-mondragone-carinola
Mignano Monte Lungo,41.407555,13.9867097,IT,mignano-monte-lungo
Gamberale,41.8872873,14.2492143,IT,gamberale
Bomba,42.0332951,14.3475795,IT,bomba
Villa S. Maria,41.9468484,14.3577055,IT,villa-s-maria
Civitaluparella,41.9323765,14.3098323,IT,civitaluparella
Petacciato - Montenero,42.0334523,14.8510898,IT,petacciato-montenero
San Martino in Pensilis,41.8771407,14.9843564,IT,san-martino-in-pensilis
Cupone,41.9646768,13.3775515,IT,cupone
Sparanise,41.1856885,14.0930695,IT,sparanise
Stazione di Valledolmo,37.7089063,13.7560086,IT,stazione-di-valledolmo
Tortoreto Lido,42.8052369,13.93872,IT,tortoreto-lido
Pedaso,43.0946669,13.8447362,IT,pedaso
Rimini,44.0639662,12.5738207,IT,rimini
Magnacavallo,45.002399,11.182313,IT,magnacavallo
Suzzara,44.9944593,10.7559048,IT,suzzara
Luzzara,44.9592089,10.6964703,IT,luzzara
Guastalla,44.9187023,10.6572941,IT,guastalla
Chiozzola,44.8280757,10.3937971,IT,chiozzola
Vignola,44.4817784,11.0084565,IT,vignola
Bazzano,44.5086013,11.0782074,IT,bazzano
Via Lunga,44.509866,11.1692096,IT,via-lunga
Crespellano,44.5122597,11.1298768,IT,crespellano
Zola Centro,44.4925206,11.2181143,IT,zola-centro
Casteldebole,44.5035645,11.2745798,IT,casteldebole
Bologna Borgo Panigale,44.5151514,11.2849781,IT,bologna-borgo-panigale
Lazzaretto,44.5178846,11.3178738,IT,lazzaretto
Bologna Fiere,44.5128098,11.3686679,IT,bologna-fiere
Bologna Zanolini,44.4978306,11.3597377,IT,bologna-zanolini
Bologna San Ruffillo,44.4626716,11.3730831,IT,bologna-san-ruffillo
San Lazzaro di Savena,44.478956,11.416153,IT,san-lazzaro-di-savena
Ozzano dell'Emilia,44.4507733,11.4875419,IT,ozzano-dell'emilia
Mezzolara,44.5871616,11.5680284,IT,mezzolara
Fivizzano-Rometta-Soliera,44.2016518,10.0594718,IT,fivizzano-rometta-soliera
Piazza al Serchio,44.1826907,10.2966951,IT,piazza-al-serchio
Montecatini Centro,43.8814006,10.7704108,IT,montecatini-centro
Montecatini Terme,43.8901264,10.7789734,IT,montecatini-terme
Montecatini Alto,43.8956409,10.7891874,IT,montecatini-alto
Vaglia,43.9060386,11.2831021,IT,vaglia
San Piero a Sieve,43.9584145,11.3225094,IT,san-piero-a-sieve
Borgo San Lorenzo,43.9596704,11.3803141,IT,borgo-san-lorenzo
Piombino Marittima,42.9285627,10.5444782,IT,piombino-marittima
Volterra Saline Pomarance,43.3600006,10.8095814,IT,volterra-saline-pomarance
Bosa Marina,40.2911347,8.478758,IT,bosa-marina
Alghero,40.5749594,8.3222015,IT,alghero
Olbia,40.9246394,9.4983482,IT,olbia
P.M. Montallese,43.0647987,11.9089485,IT,p-m-montallese
Garbatella,41.8663385,12.4830624,IT,garbatella
Redentore,39.2590258,9.1379622,IT,redentore
Caracalla,39.2528516,9.134244,IT,caracalla
Vesalio,39.2416132,9.1370094,IT,vesalio
Mercalli,39.2322599,9.1365444,IT,mercalli
Genneruxi,39.2259814,9.1319737,IT,genneruxi
Gennari,39.2202321,9.1311811,IT,gennari
Casalpusterlengo,45.182389,9.6536105,IT,casalpusterlengo
Bergamo Alta,45.7028375,9.6652858,IT,bergamo-alta
Bergamo Bassa,45.7009953,9.6651392,IT,bergamo-bassa
Sorgono,40.0272174,9.1054778,IT,sorgono
San Vigilio,45.7083658,9.6507073,IT,san-vigilio
Colle Aperto,45.7064901,9.6574582,IT,colle-aperto
Passirano,45.5902502,10.063595,IT,passirano
Bornato-Calino,45.590352,10.0329856,IT,bornato-calino
Borgonato-Adro,45.6222451,10.0200422,IT,borgonato-adro
Provaglio-Timoline,45.6350961,10.0353512,IT,provaglio-timoline
Sulzano,45.689533,10.1006173,IT,sulzano
Marina Grande (Funicolare di Capri),40.5557569,14.2390705,IT,marina-grande-funicolare-di-capri
Piazza Umberto I (Funicolare di Capri),40.5509622,14.2426821,IT,piazza-umberto-i-funicolare-di-capri
"Trenino ""Le Cornelle""",45.7149032,9.5970769,IT,"trenino-""le-cornelle"""
Itri,41.2713477,13.5454795,IT,itri
Piedimonte-Villa Santa Lucia-Aquino,41.4956046,13.7312102,IT,piedimonte-villa-santa-lucia-aquino
Castegnato,45.566107,10.1183643,IT,castegnato
Sora,41.7162241,13.6180102,IT,sora
Todi Ponte Rio,42.789896,12.4185458,IT,todi-ponte-rio
Deruta,43.0101766,12.3975911,IT,deruta
Roma Nomentana,41.932698,12.523289,IT,roma-nomentana
Poggio Mirteto,42.2421703,12.6331005,IT,poggio-mirteto
Civita Castellana-Magliano,42.346543,12.453885,IT,civita-castellana-magliano
Stimigliano,42.2898445,12.5686645,IT,stimigliano
Palmiro Togliatti,41.9033586,12.574184,IT,palmiro-togliatti
Bracciano,42.1036634,12.1729803,IT,bracciano
Marotta Mondolfo,43.769813,13.1370794,IT,marotta-mondolfo
Pisa Centrale,43.7078625,10.3983886,IT,pisa-centrale
Ex Stazione di Arpinova,41.5236457,15.5221788,IT,ex-stazione-di-arpinova
Barletta Scalo,41.308393,16.2889974,IT,barletta-scalo
Firenze San Marco Vecchio,43.7907908,11.2676609,IT,firenze-san-marco-vecchio
Selargius Camelie,39.2669982,9.1477798,IT,selargius-camelie
Ponte di Nona,41.9188064,12.654363,IT,ponte-di-nona
Parco Leonardo,41.7997882,12.296154,IT,parco-leonardo
Magna Grecia,38.8318702,16.6114932,IT,magna-grecia
Campus Universitario,38.8659405,16.5784516,IT,campus-universitario
Cittadella Regionale,38.8622739,16.5701015,IT,cittadella-regionale
Germaneto FS,38.8647952,16.5633332,IT,germaneto-fs
Lupoglav,45.355522,14.1054876,HR,lupoglav
Cornelia,41.9005397,12.4264281,VA,cornelia
Spagna,41.9067924,12.4845554,IT,spagna
Re di Roma,41.8818844,12.5140745,IT,re-di-roma
Ponte Lungo,41.8778585,12.518939,IT,ponte-lungo
Vittorio Emanuele,41.8946332,12.5045392,IT,vittorio-emanuele
Barberini,41.9038098,12.4886166,IT,barberini
Lepanto,41.9113748,12.4661642,VA,lepanto
Furio Camillo,41.8747498,12.5230387,IT,furio-camillo
Colli Albani,41.8694882,12.5298717,IT,colli-albani
Cipro,41.9073889,12.4476868,VA,cipro
Arco di Travertino,41.8660784,12.5358014,IT,arco-di-travertino
Baldo degli Ubaldi,41.8990319,12.4335844,VA,baldo-degli-ubaldi
Numidio Quadrato,41.862134,12.5526443,IT,numidio-quadrato
Porta Furba/Quadraro,41.8637967,12.548224,IT,porta-furba/quadraro
Giulio Agricola,41.8566227,12.5626402,IT,giulio-agricola
Lucio Sestio,41.8597711,12.5571283,IT,lucio-sestio
Subaugusta,41.8538535,12.5676778,IT,subaugusta
Cinecittà,41.849274,12.5744078,IT,cinecitta
Anagnina,41.8427897,12.5860901,IT,anagnina
San Marcellino-Frignano,40.9921282,14.1719886,IT,san-marcellino-frignano
Villa Literno,41.0052016,14.0672307,IT,villa-literno
Albanova,40.996076,14.1286807,IT,albanova
Formia-Gaeta,41.2587554,13.6061368,IT,formia-gaeta
Minturno - Scauri,41.2576328,13.7208315,IT,minturno-scauri
Sezze Romano,41.4955356,13.03853,IT,sezze-romano
Priverno-Fossanova,41.4217116,13.186713,IT,priverno-fossanova
Cisterna di Latina,41.5865167,12.8275612,IT,cisterna-di-latina
Pomezia-Santa Palomba,41.7062765,12.5734735,IT,pomezia-santa-palomba
Siliqua,39.2969984,8.813158,IT,siliqua
Iglesias,39.3105383,8.5397439,IT,iglesias
Villasor,39.3813772,8.9358859,IT,villasor
Lavezzola,44.5595741,11.8800645,IT,lavezzola
Oristano,39.9020972,8.6039545,IT,oristano
Solarussa,39.9524905,8.6798312,IT,solarussa
Paulilatino,40.0772724,8.775799,IT,paulilatino
Abbasanta,40.1267532,8.8160122,IT,abbasanta
Borore,40.2189489,8.8095263,IT,borore
Macomer,40.2677863,8.7722108,IT,macomer
Bonorva,40.417768,8.7606937,IT,bonorva
Giave,40.4564411,8.7298638,IT,giave
Ploaghe,40.6613373,8.7280301,IT,ploaghe
Pontelongo,45.2540695,12.0285831,IT,pontelongo
Battistini,41.90612,12.4151835,VA,battistini
Quattro Venti,41.8786721,12.45859,VA,quattro-venti
Torrino,43.416327,11.9308369,IT,torrino
Palazzo del Pero,43.4219253,11.9726284,IT,palazzo-del-pero
Molin Nuovo,43.4631149,12.0198931,IT,molin-nuovo
Pieve a Ranco,43.4657378,12.0398325,IT,pieve-a-ranco
Ville-Monterchi,43.4841867,12.0751228,IT,ville-monterchi
Citerna,43.4961929,12.0851132,IT,citerna
Sasso,43.5113188,12.0894689,IT,sasso
Anghiari,43.5427388,12.06375,IT,anghiari
Santa Fiora,43.5603917,12.105573,IT,santa-fiora
Porto Santo Stefano,42.433554,11.1237515,IT,porto-santo-stefano
Orbetello Città,42.4401726,11.2111774,IT,orbetello-citta
Terra Rossa,42.4277723,11.1957099,IT,terra-rossa
Le Piane,42.4305191,11.1843385,IT,le-piane
Santa Liberata,42.4343653,11.1548155,IT,santa-liberata
Vigarano Pieve,44.8581705,11.5065791,IT,vigarano-pieve
Monte Sant'Angelo,40.8424081,14.1853173,IT,monte-sant'angelo
Albacina,43.3456454,12.9862635,IT,albacina
Zappulla,38.1169601,14.7031147,IT,zappulla
Cavanella d'Adige,45.1112514,12.2492328,IT,cavanella-d'adige
Porta Metronia,41.8828655,12.5031173,IT,porta-metronia
Stabia Scavi,40.7038818,14.4903043,IT,stabia-scavi
Battipaglia,40.6058949,14.9829349,IT,battipaglia
Benevento,41.1417781,14.7701405,IT,benevento
Sipicciano-San Nicola,42.5453248,12.234645,IT,sipicciano-san-nicola
Capannelle,41.8307873,12.5687872,IT,capannelle
Casabianca,41.7883965,12.6042921,IT,casabianca
Santa Maria delle Mole,41.7742755,12.6062329,IT,santa-maria-delle-mole
Lanuvio,41.6739198,12.6896953,IT,lanuvio
Cancelleria,41.7109996,12.6216503,IT,cancelleria
San Gennaro,41.6745792,12.7265333,IT,san-gennaro
Sant'Eurosia,41.67509,12.7515988,IT,sant'eurosia
Marino Laziale,41.768981,12.6559794,IT,marino-laziale
Velletri,41.6823394,12.7808021,IT,velletri
Castel Gandolfo,41.7468955,12.6522763,IT,castel-gandolfo
Albano Laziale,41.7264619,12.6579712,IT,albano-laziale
Colleferro-Segni-Paliano,41.7401362,13.0030024,IT,colleferro-segni-paliano
Colle Mattia,41.832714,12.7283416,IT,colle-mattia
Zagarolo,41.8218476,12.826953,IT,zagarolo
Colonna Galleria,41.8385375,12.7560312,IT,colonna-galleria
Valmontone,41.7743037,12.9237341,IT,valmontone
Labico,41.783084,12.8897681,IT,labico
Sgurgola,41.6870639,13.1459393,IT,sgurgola
Ferentino-Supino,41.6562189,13.2471206,IT,ferentino-supino
Frosinone,41.6252688,13.3287413,IT,frosinone
Ceccano,41.5735742,13.3364278,IT,ceccano
Castro-Pofi-Vallecorsa,41.5329704,13.4107972,IT,castro-pofi-vallecorsa
Ceprano-Falvaterra,41.5239156,13.523342,IT,ceprano-falvaterra
Roccasecca,41.5263073,13.6459118,IT,roccasecca
Cassino,41.4841863,13.8324663,IT,cassino
Fontana Liri Inferiore,41.6096232,13.5567389,IT,fontana-liri-inferiore
Santopadre,41.6267765,13.5932323,IT,santopadre
Isola Liri,41.6810808,13.5808007,IT,isola-liri
Greccio,42.4628815,12.7770006,IT,greccio
Contigliano,42.4120789,12.7791405,IT,contigliano
Sant'Anna,39.8107218,8.6414517,IT,sant'anna
Joppolo,38.5803246,15.8970675,IT,joppolo
Lentvaris,54.6449966,25.0470605,LT,lentvaris
Valkininkai,54.3523155,24.7202066,LT,valkininkai
Matuizos,54.2747567,24.6860969,LT,matuizos
Varėna,54.2093718,24.5747343,LT,varena
Žasliai,54.8363945,24.5887434,LT,zasliai
Kena,54.6395564,25.6892109,BY,kena
Jonava,55.0935136,24.2758581,LT,jonava
Bezdonys,54.8050898,25.5210766,LT,bezdonys
Pabradė,54.974288,25.7599857,LT,pabrade
Jašiūnai,54.4528357,25.2805506,LT,jasiunai
Беняконі,54.2455245,25.3530628,LT,
Vievis,54.7794142,24.8121874,LT,vievis
Каледзіно,54.2992167,26.8107075,BY,
Багданаў,54.171179,26.1538741,BY,
Гутна,53.917463,25.3649248,BY,
Бастуны,54.0783835,25.2937648,BY,
Гуды,53.9583248,25.2653804,BY,
Залессе,54.4212686,26.5410659,BY,
Гудагай,54.5966739,25.8927469,BY,
Senieji Trakai,54.612835,24.9797532,LT,senieji-trakai
Švenčionėliai,55.1638143,25.993477,LT,svencioneliai
Paneriai,54.6297422,25.1770585,LT,paneriai
Troškūnai LG,55.5896938,24.9022356,LT,troskunai-lg
Vašuokėnai,55.6254102,24.8520195,LT,vasuokenai
Surdegis,55.6584791,24.793386,LT,surdegis
Žažumbris,55.5217196,25.1714923,LT,zazumbris
Rubikiai LG,55.531233,25.2820326,LT,rubikiai-lg
Turmantas,55.6995275,26.4653861,LT,turmantas
Pailgis,54.9330813,25.6616839,LT,pailgis
Паставы,55.1233518,26.8575931,BY,
Rūdiškės,54.5168531,24.8319447,LT,rudiskes
Pažeimenė,55.0268995,25.8649341,LT,pazeimene
Смаргонь,54.4753456,26.3714649,BY,
Kyviškės,54.6705282,25.5186148,LT,kyviskes
Pavilnys,54.6785486,25.3547743,LT,pavilnys
Juodšiliai,54.5802128,25.2663272,LT,juodsiliai
Dūkštas,55.5196166,26.325207,LT,dukstas
Anykščiai,55.5325841,25.1085855,LT,anyksciai
Pakretuonė,55.2813071,26.0858353,LT,pakretuone
Skersabaliai,54.8624198,25.5682711,LT,skersabaliai
Палачаны,54.2279206,26.7075908,BY,
Parudaminys,54.5285008,25.2426605,LT,parudaminys
Terešiškės,54.4863596,25.2403073,LT,teresiskes
Lobiniai,55.417247,26.2207467,LT,lobiniai
Mickūnai,54.7200163,25.4974733,LT,mickunai
Visaginas,55.6140073,26.4161185,LT,visaginas
Юрацішкі,54.0643684,25.9172202,BY,
Trakai,54.6289856,24.9377078,LT,trakai
Santaka,54.894835,25.639905,LT,santaka
Pagojė,55.5521267,25.0330904,LT,pagoje
Naujoji Vilnia,54.6939578,25.4087263,LT,naujoji-vilnia
Ашмяны,54.5314076,26.0809595,BY,
Valčiūnai,54.5619689,25.2609822,LT,valciunai
Vilnius,54.6698774,25.2847579,LT,vilnius
Солы,54.5097767,26.1924793,BY,
Bičionys,55.5219037,25.2082133,LT,bicionys
Ignalina,55.3384303,26.1636611,LT,ignalina
Лынтупы,55.0413256,26.3108094,BY,
Маладзечна,54.3162397,26.8390955,BY,
Валожын,54.2201966,26.4488044,BY,
Gaižiūnai,55.0391996,24.3273447,LT,gaiziunai
Гаўя,53.9783042,25.6524693,BY,
Sigulda,57.1531642,24.8555149,LV,sigulda
Līgatne,57.1842749,25.0239619,LV,ligatne
Lode,57.3882564,25.4143294,LV,lode
Inčukalns,57.096265,24.68654,LV,incukalns
Vangaži,57.0785113,24.5872763,LV,vangazi
Krievupe,57.0645733,24.508867,LV,krievupe
Garkalne,57.0468866,24.4144193,LV,garkalne
Gulbene,57.1830868,26.7659153,LV,gulbene
Krāslava,55.9253138,27.1455513,LV,kraslava
Indra,55.8763825,27.5412545,BY,indra
Skulte,57.3337572,24.4640594,LV,skulte
Kārsava,56.8155132,27.6941018,LV,karsava
Krāce,56.2727444,27.0502838,LV,krace
Верхнядзвінск,55.8169101,27.94006,BY,
Друя,55.7783723,27.4803948,BY,
Iecava,56.6286451,24.2348401,LV,iecava
Misa,56.5918102,24.3933524,LV,misa
Daugava,56.5380115,25.7194893,LV,daugava
Jāņamuiža,57.3439226,25.3394989,LV,janamuiza
Sece,56.5100984,25.3681127,LV,sece
Menta,56.5384549,25.0979531,LV,menta
Taurkalne,56.5615773,24.9356912,LV,taurkalne
Lāčplēsis,56.575738,24.7928115,LV,lacplesis
Vecumnieki,56.5903529,24.5371837,LV,vecumnieki
Daudzeva,56.5084274,25.2443181,LV,daudzeva
Sēlpils,56.5258262,25.6176323,LV,selpils
Carnikava,57.1279075,24.2788334,LV,carnikava
Lilaste,57.1816701,24.33576,LV,lilaste
Kalniena,57.2586958,26.9380672,LV,kalniena
Veseta,56.7295801,25.7928938,LV,veseta
Бігосава,55.8343968,27.7374436,BY,
Свольна,55.7544647,28.1077498,BY,
Пыталово,57.0648048,27.9109931,RU,
Белкино,57.0276497,27.821772,RU,
Ритупе,57.1537857,28.071801,RU,
Rēzekne 1,56.5016416,27.3150111,LV,rezekne-1
Burzava,56.5867148,27.3454704,LV,burzava
Pureņi,56.7511242,27.6034983,LV,pureni
Ogre,56.8157685,24.6020435,LV,ogre
Salaspils,56.8604988,24.3531225,LV,salaspils
Šķirotava,56.9046971,24.2110939,LV,skirotava
Lielvārde,56.72221,24.8077859,LV,lielvarde
Krustpils,56.5216659,25.8582963,LV,krustpils
Pļaviņas,56.6171681,25.7168784,LV,plavinas
Koknese,56.6509809,25.4392666,LV,koknese
Aizkraukle,56.6226963,25.2746471,LV,aizkraukle
Skrīveri,56.6471934,25.123241,LV,skriveri
Rēzekne-2,56.5199784,27.3459849,LV,rezekne-2
Taudejāņi,56.5321543,27.4540492,LV,taudejani
Cirma,56.5336838,27.5338149,LV,cirma
Ludza,56.533158,27.7211554,LV,ludza
Istalsna,56.4822458,27.8291278,LV,istalsna
Nerza,56.4308036,27.959211,LV,nerza
Zilupe,56.3917485,28.1178674,LV,zilupe
Viļāni,56.5610158,26.9386689,LV,vilani
Sakstagals,56.5364737,27.1520385,LV,sakstagals
Kūkas,56.54011,26.0599022,LV,kukas
Mežāre,56.5418585,26.2515377,LV,mezare
Atašiene,56.5301266,26.4083956,LV,atasiene
Stirniene,56.5657897,26.6371755,LV,stirniene
Varakļāni,56.5605787,26.7694002,LV,varaklani
Madona,56.8508458,26.2203005,LV,madona
Jaunkalsnava,56.6871358,25.9773342,LV,jaunkalsnava
Jugla,56.9921661,24.2350441,LV,jugla
Ieriķi,57.1995089,25.1727864,LV,ieriki
Cēsis,57.3140258,25.283162,LV,cesis
Āraiši,57.2381165,25.3011972,LV,araisi
Bāle,57.4578433,25.4412648,LV,bale
Saulkrasti,57.2694052,24.4268513,LV,saulkrasti
Rīga-Preču,56.9199998,24.2239201,LV,riga-precu
Скангали,56.8836902,27.732676,LV,
Pūpoli,56.414579,27.2198821,LV,pupoli
Šmerlis,56.9856238,24.2003089,LV,smerlis
Vlaardingen West,51.9037705,4.3151182,NL,vlaardingen-west
Driemanspolder,52.0484521,4.4772981,NL,driemanspolder
Utrecht Lunetten,52.0664082,5.1432619,NL,utrecht-lunetten
Buytenwegh,52.0667621,4.4786685,NL,buytenwegh
Forepark,52.0698797,4.392994,NL,forepark
Utrecht Centraal,52.0893925,5.109821,NL,utrecht-centraal
Utrecht Terwijde,52.1002155,5.0435521,NL,utrecht-terwijde
Maarssen,52.135947,5.0330252,NL,maarssen
Amersfoort Centraal,52.153898,5.3740976,NL,amersfoort-centraal
Nieuw Vennep,52.2588593,4.6453582,NL,nieuw-vennep
Schiphol Airport,52.3095969,4.7620721,NL,schiphol-airport
Diemen Zuid,52.3302613,4.9560598,NL,diemen-zuid
Almere Parkwijk,52.376736,5.2447045,NL,almere-parkwijk
Almere Buiten,52.3941912,5.2779576,NL,almere-buiten
Lelystad Centrum,52.5079328,5.4727185,NL,lelystad-centrum
Hoorn,52.6450893,5.0546461,NL,hoorn
Hoorn Kersenboogerd,52.6533353,5.0849124,NL,hoorn-kersenboogerd
Bovenkarspel-Grootebroek,52.6950724,5.2363181,NL,bovenkarspel-grootebroek
Enkhuizen,52.69956,5.287993,NL,enkhuizen
Den Helder,52.9568469,4.7606663,NL,den-helder
Tiel Passewaaij,51.8736724,5.3918894,NL,tiel-passewaaij
Vleuten,52.1029729,5.0076189,NL,vleuten
Willem Dreeslaan,52.0652767,4.5345966,NL,willem-dreeslaan
Amstelveenseweg,52.3384028,4.8575769,NL,amstelveenseweg
Jan van Galenstraat,52.3726582,4.8352937,NL,jan-van-galenstraat
Amsterdam Holendrecht,52.2979886,4.9601712,NL,amsterdam-holendrecht
Van der Madeweg,52.3294483,4.9305189,NL,van-der-madeweg
Leidschenveen,52.0647304,4.400391,NL,leidschenveen
Overamstel,52.3317318,4.9176266,NL,overamstel
Medemblik,52.7740477,5.1057898,NL,medemblik
Tiel,51.8896753,5.4232131,NL,tiel
Almere Oostvaarders,52.4032804,5.3006021,NL,almere-oostvaarders
Rosmalen,51.7151523,5.369582,NL,rosmalen
Utrecht Vaartsche Rijn,52.0787573,5.1218783,NL,utrecht-vaartsche-rijn
Houten Castellum,52.0168609,5.1794728,NL,houten-castellum
Sassenheim,52.2152104,4.5169358,NL,sassenheim
Halfweg-Zwanenburg,52.3859763,4.7468736,NL,halfweg-zwanenburg
Utrecht Maliebaan,52.0879425,5.1311656,NL,utrecht-maliebaan
Alphen aan den Rijn,52.1248061,4.6571053,NL,alphen-aan-den-rijn
Almere Poort,52.3429466,5.1522517,NL,almere-poort
De Vlugtlaan,52.3796134,4.8382223,NL,de-vlugtlaan
Hoogvliet,51.8606168,4.3667811,NL,hoogvliet
Anna Paulowna,52.867721,4.811522,NL,anna-paulowna
Hoorn (Stoomtram),52.6455552,5.0546067,NL,hoorn-stoomtram
Gorinchem,51.8335723,4.9674612,NL,gorinchem
Hoogkarspel,52.690467,5.1825103,NL,hoogkarspel
Wognum-Nibbixwoud,52.6825447,5.0332337,NL,wognum-nibbixwoud
Houten,52.0340078,5.1681345,NL,houten
Utrecht Zuilen,52.1032324,5.0893544,NL,utrecht-zuilen
Berkel Westpolder,51.9900765,4.4543595,NL,berkel-westpolder
Beurs,51.9179985,4.4808632,NL,beurs
Blijdorp,51.9306162,4.4581761,NL,blijdorp
De Akkers,51.8333189,4.3198989,NL,de-akkers
Heemraadlaan,51.8377526,4.3316246,NL,heemraadlaan
Leidschendam-Voorburg,52.0775803,4.3820605,NL,leidschendam-voorburg
Leuvehaven,51.9140336,4.4819906,NL,leuvehaven
Maashaven,51.8971935,4.4947569,NL,maashaven
Meijersplein / Airport,51.9559206,4.4622246,NL,meijersplein-/-airport
Melanchthonweg,51.948473,4.4646343,NL,melanchthonweg
Nootdorp,52.0475517,4.4147041,NL,nootdorp
Pijnacker Centrum,52.0205662,4.4369745,NL,pijnacker-centrum
Pijnacker Zuid,52.0050029,4.445805,NL,pijnacker-zuid
Poortugaal,51.8617237,4.3957931,NL,poortugaal
Rhoon,51.8591359,4.4194918,NL,rhoon
Rijnhaven,51.9035842,4.4967979,NL,rijnhaven
Rodenrijs,51.9754013,4.4608354,NL,rodenrijs
Spijkenisse Centrum,51.8465462,4.3344573,NL,spijkenisse-centrum
Tussenwater,51.8626297,4.3767716,NL,tussenwater
Voorburg 't Loo,52.0823292,4.3653147,NL,voorburg-'t-loo
Wilhelminaplein,51.9078083,4.4923761,NL,wilhelminaplein
Zalmplaat,51.8549462,4.3625084,NL,zalmplaat
Zuidplein,51.8868946,4.4883271,NL,zuidplein
Delft,52.0075518,4.3565807,NL,delft
Den Haag HS,52.0701372,4.3222758,NL,den-haag-hs
Den Haag Moerwijk,52.054519,4.3085449,NL,den-haag-moerwijk
Den Haag Laan van NOI,52.0789705,4.3432643,NL,den-haag-laan-van-noi
Den Haag Mariahoeve,52.0909985,4.3700691,NL,den-haag-mariahoeve
Voorburg,52.0665882,4.3595644,NL,voorburg
Den Haag Ypenburg,52.0558168,4.390848,NL,den-haag-ypenburg
Voorweg Laag,52.0627697,4.4705733,NL,voorweg-laag
Voorweg Hoog,52.0629362,4.4711784,NL,voorweg-hoog
Centrum-West,52.0606493,4.4834971,NL,centrum-west
Dorp,52.0544224,4.4921412,NL,dorp
Delftsewallen,52.0508275,4.4870404,NL,delftsewallen
Meerzicht,52.0554285,4.4699165,NL,meerzicht
De Leyens,52.0719449,4.4949009,NL,de-leyens
Leidsewallen,52.0690131,4.5095883,NL,leidsewallen
Seghwaert,52.0630519,4.515322,NL,seghwaert
Palenstein,52.0596852,4.5064191,NL,palenstein
Oosterheem,52.0603312,4.5426551,NL,oosterheem
Javalaan,52.0537378,4.5378303,NL,javalaan
Obdam,52.6780448,4.9092183,NL,obdam
Barendrecht,51.8552885,4.5526538,NL,barendrecht
Amsterdam Sloterdijk,52.3890317,4.8381062,NL,amsterdam-sloterdijk
Stavoren,52.886647,5.3598419,NL,stavoren
Koudum-Molkwerum,52.9024767,5.4107682,NL,koudum-molkwerum
Amsterdam Bijlmer ArenA,52.3122449,4.9470883,NL,amsterdam-bijlmer-arena
Amsterdam Amstel,52.3464656,4.9175567,NL,amsterdam-amstel
Zaltbommel,51.8078029,5.2633823,NL,zaltbommel
Geldermalsen,51.8825577,5.2714789,NL,geldermalsen
Culemborg,51.9470421,5.2267808,NL,culemborg
Gein,52.296338,4.9890129,NL,gein
Reigersbos,52.2956478,4.9744218,NL,reigersbos
Gaasperplas,52.3113175,4.9843223,NL,gaasperplas
Ganzenhoef,52.3230792,4.9735502,NL,ganzenhoef
Kraaiennest,52.3170313,4.9791233,NL,kraaiennest
Venserpolder,52.3267669,4.9463398,NL,venserpolder
Duivendrecht,52.3235787,4.9365267,NL,duivendrecht
Amsterdam RAI,52.3370349,4.8902289,NL,amsterdam-rai
Strandvliet,52.3185355,4.9413557,NL,strandvliet
Bullewijk,52.3066107,4.9522364,NL,bullewijk
's-Gravenweg,51.919502,4.5476727,NL,'s-gravenweg
Ambachtsland,51.9657663,4.5702668,NL,ambachtsland
Binnenhof,51.9603316,4.5356539,NL,binnenhof
Capelle Centrum,51.9313801,4.5895585,NL,capelle-centrum
Capelsebrug,51.9214526,4.5579589,NL,capelsebrug
Coolhaven,51.9094712,4.4582888,NL,coolhaven
De Terp,51.9359471,4.6003816,NL,de-terp
De Tochten,51.9688713,4.5784685,NL,de-tochten
Delfshaven,51.9099946,4.4457004,NL,delfshaven
Dijkzigt,51.9122378,4.4661162,NL,dijkzigt
Eendrachtsplein,51.916333,4.4737376,NL,eendrachtsplein
Gerdesiaweg,51.925903,4.505848,NL,gerdesiaweg
Graskruid,51.957222,4.5494492,NL,graskruid
Hesseplaats,51.9632093,4.5531639,NL,hesseplaats
Kralingse Zoom,51.9214103,4.5338512,NL,kralingse-zoom
Nesselande,51.979685,4.5865432,NL,nesselande
Nieuw Verlaat,51.964821,4.5614524,NL,nieuw-verlaat
Oosterflank,51.9452288,4.5546319,NL,oosterflank
Oostplein,51.9233607,4.4969859,NL,oostplein
Parkweg,51.9212698,4.393958,NL,parkweg
Pernis,51.8849426,4.3817895,NL,pernis
Prinsenlaan,51.9407693,4.5565395,NL,prinsenlaan
Romeynshof,51.9615094,4.5428712,NL,romeynshof
Rotterdam Alexander,51.9517162,4.5524827,NL,rotterdam-alexander
Rotterdam Blaak,51.9200723,4.4890736,NL,rotterdam-blaak
Schenkel,51.9319373,4.5634734,NL,schenkel
Schiedam Centrum,51.9220349,4.4087428,NL,schiedam-centrum
Slinge,51.8745879,4.4777323,NL,slinge
Slotlaan,51.9284776,4.578324,NL,slotlaan
Troelstralaan,51.9155498,4.3846339,NL,troelstralaan
Vijfsluizen,51.9091538,4.3719899,NL,vijfsluizen
Voorschoterlaan,51.9250006,4.5130582,NL,voorschoterlaan
Heemstedestraat,52.3524713,4.8343026,NL,heemstedestraat
Verrijn Stuartweg,52.328939,4.9662522,NL,verrijn-stuartweg
Spaklerweg,52.3399595,4.9210115,NL,spaklerweg
Wibautstraat,52.3544624,4.9120253,NL,wibautstraat
Nieuwmarkt,52.3713176,4.9008788,NL,nieuwmarkt
Henk Sneevlietweg,52.3464029,4.8345025,NL,henk-sneevlietweg
Amsterdam Lelylaan,52.3578369,4.8340268,NL,amsterdam-lelylaan
Isolatorweg,52.3951713,4.8507911,NL,isolatorweg
Postjesweg,52.3642921,4.8339612,NL,postjesweg
's-Hertogenbosch,51.6905164,5.2937086,NL,'s-hertogenbosch
Alkmaar,52.6381293,4.7406979,NL,alkmaar
Castricum,52.5453379,4.6591148,NL,castricum
Heiloo,52.6000225,4.7011338,NL,heiloo
Zaandam,52.4382493,4.8137421,NL,zaandam
Abcoude,52.2785602,4.9773816,NL,abcoude
Breukelen,52.1708294,4.9906222,NL,breukelen
Zaandijk Zaanse Schans,52.4692791,4.8051566,NL,zaandijk-zaanse-schans
Krommenie-Assendelft,52.4950503,4.7552412,NL,krommenie-assendelft
Wormerveer,52.4892769,4.7936282,NL,wormerveer
Woerden,52.0850884,4.8924874,NL,woerden
Zoetermeer Oost,52.0463461,4.4934339,NL,zoetermeer-oost
Zoetermeer,52.0475562,4.476916,NL,zoetermeer
Heerhugowaard,52.6702428,4.8236817,NL,heerhugowaard
Amsterdam Centraal,52.378901,4.9005805,NL,amsterdam-centraal
Arkel,51.8721203,4.9927723,NL,arkel
Hardinxveld-Giessendam,51.8303521,4.8355964,NL,hardinxveld-giessendam
Dordrecht,51.8075316,4.6677478,NL,dordrecht
Gouda,52.0174245,4.7061636,NL,gouda
Twisk,52.7501954,5.0718372,NL,twisk
Opperdoes,52.7602798,5.0739151,NL,opperdoes
Hoofddorp,52.2928668,4.6988698,NL,hoofddorp
Almere Centrum,52.3752735,5.2193265,NL,almere-centrum
Den Helder Zuid,52.9326177,4.7641527,NL,den-helder-zuid
Utrecht Leidsche Rijn,52.0989682,5.0652431,NL,utrecht-leidsche-rijn
Haarlem,52.3880778,4.6385788,NL,haarlem
Amsterdam Zuid,52.3388074,4.873191,NL,amsterdam-zuid
Zuid,52.3392032,4.8746127,NL,zuid
Station Sloterdijk,52.3890161,4.838877,NL,station-sloterdijk
Vlaardingen Oost,51.9101567,4.361647,NL,vlaardingen-oost
Vlaardingen Centrum,51.9031357,4.3438134,NL,vlaardingen-centrum
Maassluis Centrum,51.9164305,4.2537315,NL,maassluis-centrum
Schiedam Nieuwland,51.9227659,4.383435,NL,schiedam-nieuwland
Maassluis West,51.9260714,4.235402,NL,maassluis-west
Station RAI,52.3377124,4.8893261,NL,station-rai
Europaplein,52.3416064,4.8914727,NL,europaplein
De Pijp,52.3539754,4.8906926,NL,de-pijp
Vijzelgracht,52.3608169,4.8911646,NL,vijzelgracht
Noorderpark,52.3889316,4.9187004,NL,noorderpark
Noord,52.4019931,4.9323589,NL,noord
Van Tuyllpark,52.0470643,4.5289842,NL,van-tuyllpark
Steendijkpolder,51.9325971,4.2248525,NL,steendijkpolder
Hoek van Holland Haven,51.976668,4.1275061,NL,hoek-van-holland-haven
Alexander,51.9514281,4.5519103,NL,alexander
Delft Campus,51.9911036,4.3646868,NL,delft-campus
Naarden-Bussum,52.280646,5.1571557,NL,naarden-bussum
Soestdijk,52.1838566,5.2999111,NL,soestdijk
Driebergen-Zeist,52.0652455,5.2602392,NL,driebergen-zeist
Hoevelaken,52.1664319,5.4579565,NL,hoevelaken
Zevenbergen,51.6413438,4.6100851,NL,zevenbergen
Lage Zwaluwe,51.6901564,4.6637116,NL,lage-zwaluwe
Breda-Prinsenbeek,51.6057193,4.7214222,NL,breda-prinsenbeek
Dordrecht Zuid,51.79017,4.6715744,NL,dordrecht-zuid
Beesd,51.8994088,5.1958729,NL,beesd
Leerdam,51.8946156,5.0927911,NL,leerdam
Boven Hardinxveld,51.8323509,4.8785268,NL,boven-hardinxveld
Hardinxveld Blauwe Zoom,51.8295797,4.8157538,NL,hardinxveld-blauwe-zoom
Sliedrecht,51.8296105,4.7782401,NL,sliedrecht
Sliedrecht Baanhoek,51.8293478,4.7429954,NL,sliedrecht-baanhoek
Dordrecht Stadspolders,51.8019721,4.7162093,NL,dordrecht-stadspolders
Rijswijk,52.03755,4.3220394,NL,rijswijk
Voorschoten,52.1262326,4.4336799,NL,voorschoten
De Vink,52.1471818,4.4563018,NL,de-vink
Leiden Lammenschans,52.1467516,4.4929317,NL,leiden-lammenschans
Bodegraven,52.0814538,4.7462503,NL,bodegraven
Voorhout,52.2253573,4.484053,NL,voorhout
Hillegom,52.30314,4.5660754,NL,hillegom
Heemstede-Aerdenhout,52.3595052,4.6067862,NL,heemstede-aerdenhout
Zandvoort aan Zee,52.3757259,4.5314622,NL,zandvoort-aan-zee
Overveen,52.3910774,4.6068322,NL,overveen
Haarlem Spaarnwoude,52.3828478,4.6713542,NL,haarlem-spaarnwoude
's-Hertogenbosch Oost,51.7005543,5.3191158,NL,'s-hertogenbosch-oost
Nieuwerkerk aan den IJssel,51.9653044,4.6168787,NL,nieuwerkerk-aan-den-ijssel
Capelle Schollevaar,51.9541176,4.5840957,NL,capelle-schollevaar
Rotterdam Noord,51.9422622,4.4815812,NL,rotterdam-noord
Rotterdam Zuid,51.9049018,4.5098521,NL,rotterdam-zuid
Rotterdam Lombardijen,51.8803596,4.5310527,NL,rotterdam-lombardijen
Gouda Goverwelle,52.0150128,4.7420993,NL,gouda-goverwelle
Driehuis,52.4427409,4.6387141,NL,driehuis
Santpoort Noord,52.4338437,4.6328181,NL,santpoort-noord
Santpoort Zuid,52.4193488,4.6314176,NL,santpoort-zuid
Bloemendaal,52.4043478,4.6276629,NL,bloemendaal
Uitgeest,52.5214311,4.70259,NL,uitgeest
Heemskerk,52.4946348,4.6861262,NL,heemskerk
Beverwijk,52.4785365,4.6566186,NL,beverwijk
Schagen,52.7852715,4.8053789,NL,schagen
Alkmaar Noord,52.6437653,4.7639556,NL,alkmaar-noord
Bovenkarspel Flora,52.6961115,5.2533431,NL,bovenkarspel-flora
Amersfoort Schothorst,52.1748604,5.4038593,NL,amersfoort-schothorst
Amersfoort Vathorst,52.1925513,5.4336126,NL,amersfoort-vathorst
Nijkerk,52.2220274,5.4935229,NL,nijkerk
Utrecht Overvecht,52.1101212,5.1257618,NL,utrecht-overvecht
Bilthoven,52.1301876,5.2046838,NL,bilthoven
Den Dolder,52.1402279,5.2420971,NL,den-dolder
Almere Muziekwijk,52.367558,5.190341,NL,almere-muziekwijk
Weesp,52.3122067,5.0440484,NL,weesp
Amsterdam Science Park,52.352926,4.948315,NL,amsterdam-science-park
Bussum Zuid,52.2658951,5.1628737,NL,bussum-zuid
Hilversum Media Park,52.2378723,5.1740114,NL,hilversum-media-park
Hilversum,52.2265342,5.1812974,NL,hilversum
Hilversum Sportpark,52.2164296,5.1873161,NL,hilversum-sportpark
Hollandsche Rading,52.1780793,5.1793156,NL,hollandsche-rading
Baarn,52.2080875,5.2817232,NL,baarn
Soest Zuid,52.1651988,5.3028921,NL,soest-zuid
Waddinxveen Triangel,52.0272134,4.6490359,NL,waddinxveen-triangel
Waddinxveen,52.0440583,4.6499035,NL,waddinxveen
Waddinxveen Noord,52.0552626,4.648369,NL,waddinxveen-noord
Boskoop Snijdelwijk,52.067341,4.6462703,NL,boskoop-snijdelwijk
Boskoop,52.0770639,4.6466297,NL,boskoop
Purmerend Overwhere,52.5112223,4.9670882,NL,purmerend-overwhere
Purmerend,52.5039525,4.9544121,NL,purmerend
Purmerend Weidevenne,52.4963796,4.9350292,NL,purmerend-weidevenne
Zaandam Kogerveld,52.4567546,4.8191929,NL,zaandam-kogerveld
Koog aan de Zaan,52.4578263,4.8056834,NL,koog-aan-de-zaan
Bunnik,52.0632104,5.1957958,NL,bunnik
Maarn,52.0640966,5.3706605,NL,maarn
Diemen,52.3452067,4.967465,NL,diemen
Harlingen Haven,53.1746159,5.4114962,NL,harlingen-haven
Harlingen,53.1703923,5.4252094,NL,harlingen
Hindeloopen,52.9464538,5.4231314,NL,hindeloopen
Workum,52.9720548,5.4565133,NL,workum
Grote Markt,52.0755925,4.3095253,NL,grote-markt
Spui,52.0772798,4.3143067,NL,spui
Beatrixkwartier,52.0799782,4.3349578,NL,beatrixkwartier
Hoek van Holland Strand,51.9869919,4.1054542,NL,hoek-van-holland-strand
Museum,52.1594303,4.44381,NL,museum
Leiden Centraal,52.166319,4.482286,NL,leiden-centraal
Middelplaat Haven (RTM),51.7548458,3.8345528,NL,middelplaat-haven-rtm
Vught,51.6499279,5.2927159,NL,vught
Oslo S,59.9110251,10.7531379,NO,oslo-s
"Fløibanen, nedre stasjon",60.3964197,5.3285833,NO,"flibanen,-nedre-stasjon"
Серебрянка,58.5841764,29.6126442,RU,
Люболяды,58.612092,30.8335343,RU,
Батецкая,58.6479982,30.3150392,RU,
Новгород-Лужский,58.5521323,31.2331074,RU,
Sandvika,59.8925948,10.524522,NO,sandvika
Billingstad,59.874796,10.4830758,NO,billingstad
Hvalstad,59.8587664,10.4618904,NO,hvalstad
Плюсса,58.423257,29.3630437,RU,
Heggedal,59.787028,10.4311279,NO,heggedal
Flåm,60.8629525,7.1131783,NO,flam
Hjerkinn,62.2198649,9.5412387,NO,hjerkinn
Stjørdal,63.4703865,10.9137562,NO,stjrdal
Заклинье,58.7364988,30.325988,RU,
Передольская,58.4778145,30.284307,RU,
Вервенка,59.1940112,28.3855896,RU,
Høvik,59.9009344,10.5821874,NO,hvik
Stabekk,59.9080486,10.6073323,NO,stabekk
Skøyen,59.9224287,10.6784991,NO,skyen
Сольцы,58.1305355,30.2598087,RU,
Тулебля,57.9556692,31.0581762,RU,
Уторгош,58.2829105,30.2433232,RU,
Furuset,59.9410674,10.8963987,NO,furuset
Куклино,58.0532278,30.2033507,RU,
Kambo,59.4776453,10.6923218,NO,kambo
Бахарево,58.5673941,30.2996815,RU,
Ивангород-Нарвский,59.3671866,28.234017,RU,
Nodeland,58.1570145,7.83505,NO,nodeland
Елизаветино,59.492122,29.7809187,RU,
Кикерино,59.4658894,29.6277365,RU,
Волосово,59.4417246,29.4801769,RU,
Молосковицы,59.3975677,29.0604183,RU,
Веймарн,59.3915456,28.8413833,RU,
Кингисепп,59.368062,28.6024605,RU,
Радофинниково,59.1454302,30.8712252,RU,
Вырица,59.4144769,30.3449482,RU,
Слудицы,59.30814,30.3754448,RU,
Новинка,59.1867942,30.3768127,RU,
Чаща,59.0830026,30.4090531,RU,
Чолово,58.9576825,30.4286891,RU,
Тарковичи,58.8737373,30.3515456,RU,
Ellingsrudåsen,59.9367405,10.9152505,NO,ellingsrudasen
Сала,59.3770987,28.4266377,RU,
Finse,60.6018131,7.5040083,NO,finse
Посёлок,59.3686251,30.2977107,RU,
Полевая база Пельгорского  т/пр,59.4896169,31.0761816,RU,/
Ål,60.6264752,8.5625708,NO,al
Подберезье,58.7013344,31.3630711,RU,
Леменка,57.9693562,30.1352984,RU,
Breland,58.1995761,7.7202238,NO,breland
Bekkestua,59.9173125,10.5900467,NO,bekkestua
Fløyen,60.3947819,5.3426461,NO,flyen
Reli Safari,58.1834614,8.1451178,NO,reli-safari
Рябово,59.416779,31.1261617,RU,
Ушаки,59.4788606,31.0076389,RU,
Fjellhamar,59.9407104,10.9818174,NO,fjellhamar
Hanaborg,59.9388643,10.9662389,NO,hanaborg
Lørenskog,59.9449342,10.944804,NO,lrenskog
Asker,59.8334885,10.4344797,NO,asker
Spikkestad,59.7450395,10.3431444,NO,spikkestad
Пельгорское,59.4304831,31.1724128,RU,
Полевая база,58.4207157,29.7860061,RU,
6 пост,58.9135448,31.0415453,RU,6
Разгрузочная эстакада,58.4220603,29.7593976,RU,
Rygge,59.3779677,10.7480223,NO,rygge
Brakerøya,59.7437025,10.2328155,NO,brakerya
Оредеж,58.8162843,30.329899,RU,
Brumunddal,60.8804239,10.9377046,NO,brumunddal
Skoppum,59.3914629,10.4111458,NO,skoppum
Tønsberg,59.2720603,10.4093157,NO,tnsberg
Sandefjord,59.1354204,10.2228969,NO,sandefjord
Stokke,59.2212464,10.3001656,NO,stokke
Larvik,59.0501491,10.0313875,NO,larvik
Stryken,60.165517,10.720238,NO,stryken
Movatn,60.0378275,10.8130061,NO,movatn
Дивенская,59.2046231,30.0110448,RU,
Кчёры,58.3793373,30.264519,RU,
Разъезд 64 км,58.6039108,31.2912106,RU,64
Великий Новгород,58.5266324,31.2501116,RU,
4 пост,58.9269585,31.0578847,RU,4
Луга I,58.7412029,29.8453993,RU,i
Новоселье,58.1117782,28.8756687,RU,
Drammen,59.7401567,10.203823,NO,drammen
Gulskogen,59.7438429,10.1607895,NO,gulskogen
Hokksund,59.7672653,9.9107409,NO,hokksund
Kongsberg,59.6721966,9.6505586,NO,kongsberg
Grovane,58.2950219,7.9803581,NO,grovane
Ingolfsland,59.8778353,8.621448,NO,ingolfsland
Rjukan,59.8771065,8.583652,NO,rjukan
Bergen,60.390279,5.3333972,NO,bergen
Karlsrud,59.8807166,10.8052744,NO,karlsrud
Hellerud,59.9100673,10.8298389,NO,hellerud
Kolsås,59.9140604,10.5017133,NO,kolsas
Nationaltheatret,59.9155792,10.7319265,NO,nationaltheatret
Smestad,59.9372195,10.6841674,NO,smestad
Forskningsparken,59.9437046,10.7208514,NO,forskningsparken
Blindern,59.9401338,10.716072,NO,blindern
Sinsen,59.9371663,10.78183,NO,sinsen
Grønland,59.9127909,10.7601469,NO,grnland
Ullevål stadion,59.9467461,10.7320518,NO,ulleval-stadion
Nydalen,59.9494009,10.7659732,NO,nydalen
Jernbanetorget,59.9122056,10.75169,NO,jernbanetorget
Storo,59.944587,10.7785491,NO,storo
Helsfyr,59.9127328,10.801005,NO,helsfyr
Borgen,59.9346211,10.695638,NO,borgen
Stortinget,59.9135655,10.7433418,NO,stortinget
Trosterud,59.9271775,10.8652257,NO,trosterud
Haugerud,59.9221162,10.854522,NO,haugerud
Tveita,59.9140313,10.8422413,NO,tveita
Brattlikollen,59.8874032,10.8010829,NO,brattlikollen
Ryen,59.8956702,10.8047288,NO,ryen
Manglerud,59.8980022,10.8127548,NO,manglerud
Høyenhall,59.9059078,10.8197957,NO,hyenhall
Brynseng,59.9092386,10.81193,NO,brynseng
Lambertseter,59.8733636,10.8103713,NO,lambertseter
Munkelia,59.8689616,10.8126003,NO,munkelia
Bergkrystallen,59.8671534,10.8209472,NO,bergkrystallen
Godlia,59.9072025,10.835902,NO,godlia
Skøyenåsen,59.8992384,10.8366859,NO,skyenasen
Oppsal,59.8929922,10.839837,NO,oppsal
Ulsrud,59.8895783,10.8494443,NO,ulsrud
Bøler,59.8842714,10.8455452,NO,bler
Bogerud,59.8762194,10.8421165,NO,bogerud
Skullerud,59.8667959,10.8401513,NO,skullerud
Mortensrud,59.8492866,10.8296983,NO,mortensrud
Ski,59.7190333,10.8342804,NO,ski
Vestli,59.9727535,10.9296499,NO,vestli
Stovner,59.9621403,10.9228232,NO,stovner
Løren,59.9298342,10.7903109,NO,lren
Hasle,59.9243612,10.794713,NO,hasle
Økern,59.9282615,10.8062778,NO,kern
Risløkka,59.9325069,10.8231305,NO,rislkka
Vollebekk,59.9358146,10.8310497,NO,vollebekk
Linderud,59.9409633,10.8384197,NO,linderud
Veitvet,59.9445298,10.8469389,NO,veitvet
Kalbakken,59.9547781,10.8669584,NO,kalbakken
Rødtvet,59.9513937,10.8594171,NO,rdtvet
Ammerud,59.9583008,10.8720569,NO,ammerud
Romsås,59.9625369,10.8927042,NO,romsas
Rommen,59.9620728,10.9096067,NO,rommen
Tøyen,59.9157566,10.7757946,NO,tyen
Tinnoset,59.7237592,9.0256463,NO,tinnoset
Bårdshaug,63.2948181,9.8466461,NO,bardshaug
Røyknes,58.3434638,7.9003359,NO,ryknes
Beihøldalen,58.3299257,7.9270102,NO,beihldalen
Krøderen,60.1274694,9.7800969,NO,krderen
Svorkmo,63.1690203,9.7477663,NO,svorkmo
Løkken,63.1254621,9.7056167,NO,lkken
Ranheim,63.428039,10.5346579,NO,ranheim
Fredrikstad,59.2089926,10.950307,NO,fredrikstad
Kongsvoll,62.3070121,9.6057973,NO,kongsvoll
Klepp,58.7716627,5.6776808,NO,klepp
Gol,60.6990723,8.970919,NO,gol
Berekvam,60.7882406,7.0957749,NO,berekvam
Bryne,58.7347738,5.6495592,NO,bryne
Otta,61.7722703,9.5370075,NO,otta
Heimdal,63.3508348,10.357723,NO,heimdal
Skatval,63.508616,10.8263933,NO,skatval
Lundamo,63.1519907,10.2801076,NO,lundamo
Ustaoset,60.4965404,8.0450665,NO,ustaoset
Hell,63.4461036,10.8966683,NO,hell
Evanger,60.6470377,6.109698,NO,evanger
Dale,60.5862449,5.8158857,NO,dale
Vaksdal,60.4786986,5.7350953,NO,vaksdal
Leangen,63.437586,10.4614617,NO,leangen
Hanestad,61.8380448,10.8786528,NO,hanestad
Atna,61.7324758,10.8347076,NO,atna
Vikhammer,63.4388509,10.6236273,NO,vikhammer
Marnardal,58.2127346,7.5125673,NO,marnardal
Bjorli,62.2585321,8.2014544,NO,bjorli
Oppdal,62.5931579,9.6943995,NO,oppdal
Urdland,60.6795064,6.5927611,NO,urdland
Alvdal,62.1088871,10.6328822,NO,alvdal
Berkåk,62.8230429,10.0143925,NO,berkak
Hellvik,58.4856738,5.8974457,NO,hellvik
Nærbø,58.6656716,5.640495,NO,nrb
Myrdal,60.7351714,7.1228288,NO,myrdal
Kvam,61.6648014,9.7010324,NO,kvam
Selsbakk,63.389447,10.3730125,NO,selsbakk
Hallingskeid,60.6679802,7.2519088,NO,hallingskeid
Trondheim,63.4365967,10.399955,NO,trondheim
Egersund,58.461243,6.0019004,NO,egersund
Brusand,58.5403239,5.7491718,NO,brusand
Ogna,58.5197043,5.8034036,NO,ogna
Ringebu,61.5291744,10.1393172,NO,ringebu
Vegårshei,58.7608186,8.8556899,NO,vegarshei
Stanghelle,60.549137,5.7331564,NO,stanghelle
Hønefoss,60.1692786,10.2490896,NO,hnefoss
Lysaker,59.9134453,10.6369779,NO,lysaker
Sira,58.4176303,6.6606467,NO,sira
Gyland,58.3843305,6.8377206,NO,gyland
Tynset,62.2747634,10.7762481,NO,tynset
Dombås,62.0688167,9.1255452,NO,dombas
Lesja,62.1185525,8.8538134,NO,lesja
Geilo,60.5345261,8.2063719,NO,geilo
Bulken,60.630659,6.2845182,NO,bulken
Arendal,58.4650241,8.7695237,NO,arendal
Skeiane,58.8474949,5.733783,NO,skeiane
Mjølfjell,60.6938826,6.840287,NO,mjlfjell
Vikersund,59.969149,9.9982696,NO,vikersund
Varhaug,58.618218,5.6463368,NO,varhaug
Ganddal,58.8234188,5.7172555,NO,ganddal
Dovre,61.9845352,9.2570115,NO,dovre
Reimegrend,60.6781971,6.7307596,NO,reimegrend
Flå,60.4322693,9.4730746,NO,fla
Nelaug,58.6574728,8.6307293,NO,nelaug
Vigrestad,58.5703429,5.6875586,NO,vigrestad
Ler,63.1989405,10.2984901,NO,ler
Støren,63.0515667,10.2849847,NO,stren
Trengereid,60.4290078,5.6243052,NO,trengereid
Tolga,62.4085448,10.9979838,NO,tolga
Hovin,63.0988424,10.2304396,NO,hovin
Lillehammer,61.1147456,10.4613069,NO,lillehammer
Hommelvik,63.4115884,10.7940796,NO,hommelvik
Audnedal,58.3188255,7.367471,NO,audnedal
Bolstadøyri,60.637952,5.9578541,NO,bolstadyri
Åndalsnes,62.5673891,7.6907793,NO,andalsnes
Arna,60.4200615,5.465872,NO,arna
Holmestrand,59.4901464,10.3107247,NO,holmestrand
Kolbotn,59.8107255,10.801122,NO,kolbotn
Любань,59.3513386,31.2504548,RU,
Волот,57.9313965,30.7086619,RU,
Старая Русса,58.0002884,31.3447478,RU,
Mæl,59.929437,8.8112702,NO,ml
Kråkstad,59.6833949,10.8909032,NO,krakstad
Kristiansand,58.14564,7.987168,NO,kristiansand
Haugastøl,60.5112865,7.8705212,NO,haugastl
Nittedal,60.0582746,10.8644754,NO,nittedal
Raufoss,60.7222414,10.6135011,NO,raufoss
Kjelsås,59.9660621,10.7830301,NO,kjelsas
Stavanger,58.9665765,5.7322159,NO,stavanger
Oppegård,59.7651684,10.8132693,NO,oppegard
Hakadal,60.1173418,10.8294457,NO,hakadal
Gjerstad,58.8698595,9.0233347,NO,gjerstad
Moelv,60.9296203,10.6989536,NO,moelv
Nordagutu,59.4180062,9.3226987,NO,nordagutu
Drangedal,59.0961078,9.0641311,NO,drangedal
Eina,60.6303188,10.5974936,NO,eina
Nesbyen,60.5769153,9.1128628,NO,nesbyen
Gjøvik,60.7970075,10.6945413,NO,gjvik
Langhus,59.7496731,10.836611,NO,langhus
Neslandsvatn,58.9715169,9.1561657,NO,neslandsvatn
Ås,59.6630433,10.7944912,NO,as
Lunde,59.2988478,9.101159,NO,lunde
Vennesla,58.2531752,7.9676253,NO,vennesla
Åneby,60.0854639,10.8627588,NO,aneby
Darbu,59.7014181,9.7999147,NO,darbu
Bø,59.4093247,9.0695411,NO,b
Grefsen,59.9418161,10.7804364,NO,grefsen
Vestby,59.6035181,10.7483518,NO,vestby
Grua,60.2590571,10.6649485,NO,grua
Porsgrunn,59.1400961,9.6585971,NO,porsgrunn
Mjøndalen,59.7508637,10.0108436,NO,mjndalen
Roa,60.2834922,10.6209335,NO,roa
Moss,59.431954,10.6573418,NO,moss
Gran,60.3588491,10.5698937,NO,gran
Jaren,60.3929443,10.5557772,NO,jaren
Steinberg,59.7595237,9.96144,NO,steinberg
Snartemo,58.331673,7.2115856,NO,snartemo
Råde,59.3474237,10.8654182,NO,rade
Vestfossen,59.7343521,9.8673454,NO,vestfossen
Singsås,62.95622,10.7293363,NO,singsas
Voss,60.6291046,6.4101148,NO,voss
Ensjø,59.9137698,10.7877106,NO,ensj
Мшинская,59.0175577,29.9493519,RU,
Сиверская,59.3546861,30.0626379,RU,
Строганово,59.2716867,30.034179,RU,
Разъезд Генерала Омельченко,58.7912056,29.8661895,RU,
1 пост,58.9286963,31.0631322,RU,1
Carl Berners plass,59.925774,10.7796115,NO,carl-berners-plass
Толмачёво,58.864621,29.8967895,RU,
Gjønnes,59.9150676,10.5800844,NO,gjnnes
Haslum,59.9151601,10.5652938,NO,haslum
Åsjordet,59.9288612,10.6483205,NO,asjordet
Ullernåsen,59.9314893,10.6559774,NO,ullernasen
Jar,59.9257716,10.6183135,NO,jar
Bjørnsletta,59.9265225,10.6344657,NO,bjrnsletta
Ringstabekk,59.9201271,10.6043865,NO,ringstabekk
Hauger,59.9111688,10.5097948,NO,hauger
Gjettum,59.9085257,10.5306564,NO,gjettum
Avløs,59.9130935,10.5483102,NO,avls
Eiksmarka,59.9470588,10.6232583,NO,eiksmarka
Lijordet,59.9408418,10.6164655,NO,lijordet
Østerås,59.9394145,10.6087648,NO,steras
Byparken,60.3920045,5.3255488,NO,byparken
Nonneseter,60.3901213,5.3326459,NO,nonneseter
Bergen busstasjon,60.388144,5.3347434,NO,bergen-busstasjon
Nygård,60.3845041,5.3326352,NO,nygard
Danmarks plass,60.3755409,5.3397457,NO,danmarks-plass
Kronstad,60.3709353,5.348192,NO,kronstad
Brann stadion,60.3658936,5.3516977,NO,brann-stadion
Wergeland,60.3609649,5.3511585,NO,wergeland
Sletten,60.3563157,5.3587143,NO,sletten
Slettebakken,60.3504083,5.3598522,NO,slettebakken
Fantoft,60.3459418,5.3527927,NO,fantoft
Hop,60.3262725,5.3466859,NO,hop
Nesttun terminal,60.3196625,5.3526726,NO,nesttun-terminal
Nesttun sentrum,60.31737,5.3537965,NO,nesttun-sentrum
Skjoldskiftet,60.3113958,5.3531112,NO,skjoldskiftet
Mårdalen,60.3089776,5.344803,NO,mardalen
Skjold,60.3041702,5.3332514,NO,skjold
Lagunen,60.2981697,5.3290343,NO,lagunen
Råstølen,60.3004103,5.3100805,NO,rastlen
Sandslivegen,60.2963097,5.2869464,NO,sandslivegen
Sandslimarka,60.2976985,5.2749851,NO,sandslimarka
Kokstad,60.2934082,5.2675326,NO,kokstad
Birkelandsskiftet,60.2884842,5.2622292,NO,birkelandsskiftet
Kokstadflaten,60.2919441,5.244412,NO,kokstadflaten
Fall stasjon,60.6794611,10.3710667,NO,fall-stasjon
Fyllingsdalen terminal,60.3485637,5.2895722,NO,fyllingsdalen-terminal
Kristianborg,60.358227,5.3415629,NO,kristianborg
Haukeland sjukehus,60.3768014,5.3606039,NO,haukeland-sjukehus
Fløen,60.3810126,5.3529824,NO,flen
Bergen lufthavn,60.2880418,5.2323085,NO,bergen-lufthavn
Mindemyren,60.3656297,5.3451993,NO,mindemyren
Kaigaten,60.391799,5.3267954,NO,kaigaten
Рогавка,58.9494602,31.0721766,RU,
Стояновщина,58.6895901,29.7817898,RU,
Лямцево,58.5084576,29.4796792,RU,
Струги Красные,58.266199,29.1114843,RU,
Луга II,58.709343,29.8341123,RU,ii
Лапино,58.1814078,28.9888872,RU,
Владимирский Лагерь,58.2287218,29.0572339,RU,
Заполье,58.6627081,29.7419992,RU,
Zgierz Północ,51.8691546,19.3837488,PL,zgierz-ponoc
Chociszew,51.9234492,19.2673865,PL,chociszew
Ozorków,51.9714974,19.2662162,PL,ozorkow
Łęczyca,52.049237,19.1932523,PL,eczyca
Witonia,52.1568164,19.2765941,PL,witonia
Barłogi,52.2159231,18.7678959,PL,barogi
Kramsk,52.2451849,18.4766921,PL,kramsk
Konin,52.2310979,18.2540998,PL,konin
Cienin,52.2725623,17.9659942,PL,cienin
Strzałkowo,52.3106889,17.805778,PL,strzakowo
Podstolice,52.3413094,17.4815213,PL,podstolice
Kostrzyn Wielkopolski,52.3932539,17.2254653,PL,kostrzyn-wielkopolski
Swarzędz,52.4042681,17.0744516,PL,swarzedz
Warszawa Wschodnia,52.2515889,21.0523678,PL,warszawa-wschodnia
Trzciniec,53.0858024,17.9480419,PL,trzciniec
Maksymilianowo,53.2145607,18.0294586,PL,maksymilianowo
Ratusz-Arsenał,52.2452163,21.0008823,PL,ratusz-arsena
Kraków Mydlniki,50.0835874,19.8597855,PL,krakow-mydlniki
Bochnia,49.9773387,20.4309729,PL,bochnia
Przeworsk,50.0669958,22.5052882,PL,przeworsk
Jarosław,50.0106216,22.6783904,PL,jarosaw
Munina,49.9903288,22.7185464,PL,munina
Radymno,49.939721,22.8283212,PL,radymno
Мостиська ІІ,49.8165028,23.0326626,PL,
Мостиська-I,49.8184498,23.1305364,UA,i
Судова Вишня,49.799729,23.3833914,UA,
Kraków Batowice,50.1075321,19.9954682,PL,krakow-batowice
Wenecja,52.7979486,17.7501553,PL,wenecja
Gąsawa,52.7663272,17.7445829,PL,gasawa
Łódź Lublinek,51.7209139,19.3592771,PL,odz-lublinek
Tomaszów Mazowiecki,51.5469372,20.0336231,PL,tomaszow-mazowiecki
Olsztyn Główny,53.785741,20.4976658,PL,olsztyn-gowny
Luboń koło Poznania,52.3439762,16.8928174,PL,lubon-koo-poznania
Kraków Główny,50.0684238,19.9478862,PL,krakow-gowny
Kraków Płaszów,50.0350214,19.9747852,PL,krakow-paszow
Mogilno,52.6585904,17.9461751,PL,mogilno
Wrocław Sołtysowice,51.1425485,17.0835373,PL,wrocaw-sotysowice
Sieradz,51.5976548,18.7136441,PL,sieradz
Częstochowa Gnaszyn,50.7915853,19.0291879,PL,czestochowa-gnaszyn
Hajnówka,52.73355,23.5830712,PL,hajnowka
Gniewkowo,52.8880687,18.4039475,PL,gniewkowo
Kraski,52.0389691,18.9058761,PL,kraski
Wierzchucin,53.5481472,18.1128342,PL,wierzchucin
Susz,53.7111404,19.3291941,PL,susz
Gądki,52.3019627,17.0455008,PL,gadki
Pierzchno,52.2633303,17.1573486,PL,pierzchno
Środa Wielkopolska,52.2183302,17.2741954,PL,sroda-wielkopolska
Granowo,52.2254277,16.5312351,PL,granowo
Grodzisk Wielkopolski,52.2304733,16.363892,PL,grodzisk-wielkopolski
Złotniki,52.4952535,16.8363915,PL,zotniki
Рудно,49.8382704,23.9234042,UA,
Львів-Персенківка,49.8096725,24.0304364,UA,
Запитів,49.92037,24.2232651,UA,
Колодно,50.0017141,24.2750156,UA,
Сапіжанка,50.0830823,24.3376072,UA,
Wilkołaz,50.986117,22.3294289,PL,wilkoaz
Swarożyn,54.0380451,18.6561771,PL,swarozyn
Malczyce,51.2156915,16.4859684,PL,malczyce
Wrocław Leśnica,51.1419618,16.8672785,PL,wrocaw-lesnica
Sopot,54.4400569,18.5623141,PL,sopot
Milicz,51.5273812,17.2950351,PL,milicz
Борщовичі,49.8605123,24.2564196,UA,
Międzyrzecz,52.4449451,15.5936247,PL,miedzyrzecz
Ваўкавыск-Горад,53.1542492,24.4490588,BY,
Skawina,49.9773429,19.8229488,PL,skawina
Babimost,52.169566,15.8160779,PL,babimost
Biadki,51.6773468,17.5657843,PL,biadki
Kuźnica (Hel),54.7362391,18.5766364,PL,kuznica-hel
Marymont,52.2715768,20.9719399,PL,marymont
Bielsko-Biała Wschód,49.8346579,19.0585768,PL,bielsko-biaa-wschod
Świdwin,53.7811366,15.7727241,PL,swidwin
Lębork,54.5336204,17.7502364,PL,lebork
Runowo Pomorskie,53.5557588,15.5294538,PL,runowo-pomorskie
Łobez,53.6366544,15.6277294,PL,obez
Rąbino,53.869412,15.9523557,PL,rabino
Koszalin,54.1906752,16.1697156,PL,koszalin
Sławno,54.3556672,16.6696333,PL,sawno
Wejherowo,54.6057529,18.2296473,PL,wejherowo
Węgierska Górka,49.603627,19.1188449,PL,wegierska-gorka
Oleśnica,51.200657,17.385924,PL,olesnica
Bierutów,51.1284443,17.5461214,PL,bierutow
Borowa Oleśnicka,51.1841096,17.2760947,PL,borowa-olesnicka
Zaniemyśl,52.1585057,17.159264,PL,zaniemysl
Bielsko-Biała Leszczyny,49.7970632,19.060798,PL,bielsko-biaa-leszczyny
Oborniki Śląskie,51.2996135,16.907326,PL,oborniki-slaskie
Wrocław Osobowice,51.1670923,16.9966038,PL,wrocaw-osobowice
Высока-Літоўск,52.4004991,23.3814132,BY,
Уладава,51.5513449,23.6123037,PL,
Лышчыцы,52.2575162,23.4948962,BY,
Дубіца,51.8046433,23.6442503,PL,
Кодзень,51.9247115,23.6537499,PL,
Матыкалы,52.208348,23.5818418,PL,
Stare Bielany,52.2818277,20.9493511,PL,stare-bielany
Wawrzyszew,52.2863474,20.939515,PL,wawrzyszew
Młociny,52.2907703,20.9298678,PL,mociny
Żukowo Wschodnie,54.3506844,18.3770521,PL,zukowo-wschodnie
Калуш,49.0126164,24.3489717,UA,
Рожнятів,49.0002278,24.1599377,UA,
Болехів,49.0632382,23.872177,UA,
Моршин,49.1500752,23.8745428,UA,
Andrychów,49.8557919,19.3533583,PL,andrychow
Włodawa,51.5160756,23.5857364,PL,wodawa
Wałcz,53.2748899,16.4842989,PL,wacz
Piaseczno Miasto Wąskotorowe,52.0701889,21.0239428,PL,piaseczno-miasto-waskotorowe
Сонячна,49.8187989,24.0208486,UA,
Паркова,49.8223805,24.0300298,UA,
Radzymin,52.4242892,21.1774357,PL,radzymin
Niemojki,52.2587478,22.7015016,PL,niemojki
Platerów,52.3011598,22.8211063,PL,platerow
Siedlce,52.1617935,22.2719159,PL,siedlce
Pilawa,51.9548509,21.5340232,PL,pilawa
Bolechowo,52.5394713,16.9792724,PL,bolechowo
Wargowo,52.5851509,16.8226024,PL,wargowo
Puławy Azoty,51.4750247,21.9490895,PL,puawy-azoty
Wronki,52.7050338,16.3861889,PL,wronki
Września,52.3269143,17.5552445,PL,wrzesnia
Ладушкин,54.5707826,20.1769439,RU,
Murowana Goślina,52.5747999,17.0155391,PL,murowana-goslina
Ełk,53.8243458,22.363054,PL,ek
Jastrząb,51.2488147,20.9845611,PL,jastrzab
Grodzisk Mazowiecki Radońska,52.1006418,20.6284506,PL,grodzisk-mazowiecki-radonska
Zawadówka,51.1241097,23.3550312,PL,zawadowka
Zamość,50.7135833,23.2385958,PL,zamosc
Ставчани,49.745088,23.8487611,UA,
Stefanowo,52.2361503,15.9720602,PL,stefanowo
Щирець ІІ,49.655638,23.8694434,UA,
Миколаїв-Дністровський,49.5115649,23.9535247,UA,
Пісочна,49.4497503,23.9560429,UA,
Стрий,49.2595712,23.841524,UA,
Любинці,49.1497678,23.6950873,UA,
Верхнє Синьовидне,49.092156,23.5883386,UA,
Сколе,49.0341709,23.5045101,UA,
Mysłowice Brzezinka,50.1971369,19.1545344,PL,mysowice-brzezinka
Dąbrowa Górnicza,50.330374,19.1848234,PL,dabrowa-gornicza
Wrocław Żerniki,51.1261453,16.9164074,PL,wrocaw-zerniki
Małowice Wołowskie,51.4044231,16.4714106,PL,maowice-woowskie
Elbląg,54.1509826,19.4155509,PL,elblag
Poniec,51.761533,16.808103,PL,poniec
Kościan,52.0778031,16.6405555,PL,koscian
Małdyty,53.9210231,19.7360446,PL,madyty
Bogaczewo,54.1001286,19.5729376,PL,bogaczewo
Białystok Fabryczny,53.1405223,23.1841933,PL,biaystok-fabryczny
Częstochowa Stradom,50.7973211,19.1069996,PL,czestochowa-stradom
Radkowice,50.7802204,20.5284185,PL,radkowice
Sitkówka Nowiny,50.8182563,20.5504133,PL,sitkowka-nowiny
Włoszczowa Północ,50.8563947,19.9460452,PL,woszczowa-ponoc
Сянки,49.0234342,22.9015756,UA,
Явора,49.1867974,23.0723827,UA,
Бойківська,49.2108687,23.0215524,UA,
Зеленоградск-Новый,54.9584139,20.4726811,RU,
Самбір,49.5168717,23.2127227,UA,
Калинів,49.5577554,23.2945685,UA,
Włoszakowice,51.9327418,16.3736795,PL,woszakowice
Nowawieś Mochy,52.0146183,16.2160829,PL,nowawies-mochy
Stare Bojanowo,51.9959795,16.5849701,PL,stare-bojanowo
Białystok Starosielce,53.1211871,23.0867818,PL,biaystok-starosielce
Bytom,50.3430235,18.9152842,PL,bytom
Żerków,52.0698389,17.4976459,PL,zerkow
Wolsztyn,52.1114527,16.1083096,PL,wolsztyn
Rakoniewice,52.1382931,16.2639706,PL,rakoniewice
Рябиновка,54.8273315,20.5073352,RU,
Nowy Sącz,49.6065321,20.7026731,PL,nowy-sacz
Ciechanów,52.8837628,20.5907654,PL,ciechanow
Iłowo,53.1658315,20.2933087,PL,iowo
Rybno Pomorskie,53.3809801,19.9131672,PL,rybno-pomorskie
Konopki,52.9967373,20.4596318,PL,konopki
Rypin,53.0685895,19.4276249,PL,rypin
Mława,53.1260799,20.35096,PL,mawa
Gąsocin,52.738473,20.7204902,PL,gasocin
Gralewo,53.3201279,20.0350877,PL,gralewo
Nidzica,53.3585075,20.4141248,PL,nidzica
Кобрын,52.2236546,24.3455273,BY,
Zabierzów,50.1180111,19.7983574,PL,zabierzow
Teresin Niepokalanów,52.2022073,20.4163976,PL,teresin-niepokalanow
Gostynin,52.4334171,19.4761741,PL,gostynin
Sochaczew Muzeum,52.2178658,20.2377155,PL,sochaczew-muzeum
Topola-Osiedle,51.6128545,17.7619041,PL,topola-osiedle
Sędzice,51.6288941,18.5700068,PL,sedzice
Ostrów Wielkopolski,51.6492287,17.8052356,PL,ostrow-wielkopolski
Львів-Клепарів,49.8554619,23.9805606,UA,
Oświęcim,50.0420749,19.2003711,PL,oswiecim
Переславское-Западное,54.8406933,20.2520946,RU,
Колосовка-Западная,54.8020104,20.3035784,RU,
Светлогорск-1,54.933293,20.1602773,RU,1
Пионерский Курорт,54.9488347,20.2255241,RU,
Дружное-Западное,54.7810699,20.3502597,RU,
Чкаловск-Западный,54.7648252,20.4451092,RU,
Mysłowice,50.2378389,19.1416677,PL,mysowice
Mrzezino,54.6530081,18.4130307,PL,mrzezino
Bukowno,50.2639841,19.4594836,PL,bukowno
Brzeźnica,49.9674435,19.6279174,PL,brzeznica
Kalwaria Zebrzydowska Lanckorona,49.8711791,19.6886185,PL,kalwaria-zebrzydowska-lanckorona
Radziszów,49.9177493,19.8091978,PL,radziszow
Kęty,49.880666,19.2267688,PL,kety
Przemyśl Główny,49.78361,22.7801519,PL,przemysl-gowny
Rumia,54.5691391,18.3866641,PL,rumia
Krosno,49.6937173,21.7488961,PL,krosno
Bachórz,49.8353037,22.2452364,PL,bachorz
Łeba,54.7559677,17.5534151,PL,eba
Bielsko-Biała Główna,49.8298605,19.0453155,PL,bielsko-biaa-gowna
Władysławowo,54.7934715,18.4019048,PL,wadysawowo
Jastarnia,54.7016654,18.6766494,PL,jastarnia
Hel,54.6110402,18.8008848,PL,hel
Strażów,50.0674241,22.1145204,PL,strazow
Mielec,50.2926787,21.4296964,PL,mielec
Sędziszów Małopolski,50.0754413,21.6928596,PL,sedziszow-maopolski
Nowa Sarzyna,50.3202373,22.3483908,PL,nowa-sarzyna
Tuchów,49.892157,21.0556784,PL,tuchow
Chełmża,53.1852091,18.5978982,PL,chemza
Kornatowo,53.2965038,18.6471971,PL,kornatowo
Grudziądz Mniszek,53.433415,18.7254506,PL,grudziadz-mniszek
Wąbrzeźno,53.2652414,18.982122,PL,wabrzezno
Mełno,53.4369061,18.947402,PL,meno
Jabłonowo Pomorskie,53.3934491,19.1629237,PL,jabonowo-pomorskie
Bydgoszcz Wschód,53.1279042,18.0827318,PL,bydgoszcz-wschod
Bydgoszcz Łęgnowo,53.1071543,18.1126399,PL,bydgoszcz-egnowo
Nowy Dwór Mazowiecki,52.4252833,20.7239918,PL,nowy-dwor-mazowiecki
Ustronie Morskie,54.2002083,15.7467797,PL,ustronie-morskie
Mścice,54.2142718,16.0732785,PL,mscice
Tychowo,53.92148,16.235068,PL,tychowo
Człuchów,53.6571094,17.3703906,PL,czuchow
Iława Główna,53.5810821,19.5731214,PL,iawa-gowna
Kraków Bieżanów,50.0214997,20.0298488,PL,krakow-biezanow
Gołańcz,52.9474493,17.3058774,PL,goancz
Kobylec,52.8483404,17.2007966,PL,kobylec
Sława Wielkopolska,52.6345955,17.1439686,PL,sawa-wielkopolska
Słonowice,54.3836565,16.9266311,PL,sonowice
Хирів,49.531664,22.8508269,UA,
Белз,50.3887441,24.0216136,UA,
Добросин,50.1240997,23.8285027,UA,
Кам'янка-Бузька,50.0988011,24.3569028,UA,'
Leszno,51.845967,16.5654713,PL,leszno
Frombork,54.3576262,19.67613,PL,frombork
Prostynia,53.3052117,15.7739749,PL,prostynia
Rozprza,51.3015856,19.6601416,PL,rozprza
Gorzkowice,51.2182938,19.603241,PL,gorzkowice
Gromnik,49.8343931,20.9611525,PL,gromnik
Sędziszów,50.5658817,20.0548996,PL,sedziszow
Poznań Główny,52.4016269,16.9115788,PL,poznan-gowny
Nowe Drezdenko,52.8537996,15.8339384,PL,nowe-drezdenko
Żmigród,51.4753316,16.9018748,PL,zmigrod
Horyniec-Zdrój,50.1943976,23.3568578,PL,horyniec-zdroj
Hrebenne,50.298362,23.5760934,PL,hrebenne
Gniezno,52.5296664,17.6032272,PL,gniezno
Czerniejewo,52.4244578,17.5651945,PL,czerniejewo
Gębarzewo,52.4829916,17.5702262,PL,gebarzewo
Ходорів,49.4008025,24.3090182,UA,
Opoczno,51.3728629,20.2715067,PL,opoczno
Sosnowiec Południowy,50.2697299,19.1253609,PL,sosnowiec-poudniowy
Marcinkowice,49.6711454,20.660796,PL,marcinkowice
Turowo Pomorskie,53.6471775,16.7228804,PL,turowo-pomorskie
Wągrowiec,52.809638,17.203482,PL,wagrowiec
Nowa Wieś Wielka,52.9685059,18.0965381,PL,nowa-wies-wielka
Orchowo,52.5110842,18.0095977,PL,orchowo
Лесное-Новое,54.7282648,20.3646063,RU,
Западный-Новый,54.7106062,20.4569354,RU,
Krzyż,52.8776425,16.0194221,PL,krzyz
Zaklików,50.7684666,22.1084084,PL,zaklikow
Wrocław Nadodrze,51.1256579,17.0329905,PL,wrocaw-nadodrze
Dąbrowa Górnicza Południowa,50.3123043,19.2872836,PL,dabrowa-gornicza-poudniowa
Dąbrowa Górnicza Strzemieszyce,50.3108201,19.2685547,PL,dabrowa-gornicza-strzemieszyce
Mosina,52.2403658,16.8516538,PL,mosina
Wierzchosławice,52.8683481,18.3582354,PL,wierzchosawice
Więcławice,52.8410371,18.3042781,PL,wiecawice
Inowrocław,52.8051894,18.2439417,PL,inowrocaw
Старий Самбір,49.4424211,23.0032203,UA,
Witaszyce,51.9360279,17.5627832,PL,witaszyce
Mieszków,52.0231581,17.4405874,PL,mieszkow
Chocicza,52.0702477,17.3495687,PL,chocicza
Sulęcinek,52.1386953,17.3088147,PL,sulecinek
Białogard,54.0099878,15.9776516,PL,biaogard
Gągławki,53.6802225,20.4372063,PL,gagawki
Kalisz Pomorski,53.277582,15.8814312,PL,kalisz-pomorski
Miłosław,52.2088393,17.4767659,PL,miosaw
Orzechowo,52.1269138,17.4778187,PL,orzechowo
Czarne,53.6799853,16.9385743,PL,czarne
Szczecinek,53.6938225,16.7055139,PL,szczecinek
Czempiń,52.1385199,16.7519046,PL,czempin
Брэст-Палескі,52.0945877,23.7105017,BY,
Калининград-Сортировочный,54.6881078,20.4920002,RU,
Глібовичі,49.6280049,24.2265431,UA,
Trawniki,51.1363715,22.9925855,PL,trawniki
Minkowice,51.2173349,22.7640633,PL,minkowice
Zagnańsk,50.9744474,20.6634975,PL,zagnansk
Żnin Potockiego,52.8485993,17.7357064,PL,znin-potockiego
Устилуг,50.8623087,24.164664,PL,
Володимир,50.8450725,24.3354715,UA,
Koszalin Wąskotorowy,54.187148,16.1692114,PL,koszalin-waskotorowy
Pruszcz Pomorski,53.3341179,18.1985444,PL,pruszcz-pomorski
Brzeg Dolny,51.2669629,16.7250326,PL,brzeg-dolny
Toruń Główny,53.0001166,18.6146493,PL,torun-gowny
Toruń Wschodni,53.0267562,18.6339075,PL,torun-wschodni
Nowa Sól,51.7989604,15.7087987,PL,nowa-sol
Wilkowice Bystra,49.7600222,19.0882156,PL,wilkowice-bystra
Dorohusk,51.17204,23.7834279,PL,dorohusk
Grybów,49.6259905,20.957127,PL,grybow
Брэст-Цэнтральны,52.1004334,23.6804112,BY,
Wyrzysk Osiek,53.1191729,17.2950517,PL,wyrzysk-osiek
Chojnów,51.2776886,15.9376619,PL,chojnow
Krotoszyn,51.7016833,17.4261942,PL,krotoszyn
Osowiec,53.472892,22.6568336,PL,osowiec
Skokowa,51.3870757,16.8489434,PL,skokowa
Гніздичів,49.3280868,24.104776,UA,
Жидачів,49.3778032,24.1578985,UA,
Lubicz,53.0279693,18.74527,PL,lubicz
Stalowa Wola Rozwadów,50.5913352,22.0419635,PL,stalowa-wola-rozwadow
Brzoza Bydgoska,53.027281,18.0205697,PL,brzoza-bydgoska
Myszków,50.5743116,19.3290231,PL,myszkow
Racibory,52.9295794,22.7116138,PL,racibory
Koniecpol,50.776388,19.700042,PL,koniecpol
Olsztyn Gutkowo,53.8088286,20.4036807,PL,olsztyn-gutkowo
Hajnówka Wąskotorowa,52.7359763,23.6068454,PL,hajnowka-waskotorowa
Czersk,53.8007219,17.970593,PL,czersk
Łowicz Główny,52.10473,19.9556222,PL,owicz-gowny
Dobiegniew,52.9689728,15.7454273,PL,dobiegniew
Miały,52.808842,16.1766634,PL,miay
Czerwonka,53.9139888,20.8927653,PL,czerwonka
Starogard Gdański,53.977148,18.5257736,PL,starogard-gdanski
Zblewo,53.942726,18.3053339,PL,zblewo
Stare Pole,54.05334,19.2056865,PL,stare-pole
Worowo,53.6885336,15.6354869,PL,worowo
Rogów,51.8182965,19.8865225,PL,rogow
Podłęże,50.0181184,20.16906,PL,podeze
Sandomierz,50.6602949,21.7652498,PL,sandomierz
Dąbrowa Białostocka,53.6471164,23.3655421,PL,dabrowa-biaostocka
Pasym,53.6322479,20.7646162,PL,pasym
Tarnobrzeg,50.5678165,21.6961934,PL,tarnobrzeg
Papowo Toruńskie,53.0683901,18.6937374,PL,papowo-torunskie
Tczew,54.0972478,18.7897812,PL,tczew
Jastrowie,53.4082641,16.7981988,PL,jastrowie
Charnowo Słupskie,54.5319305,16.9204322,PL,charnowo-supskie
Karwice,54.3450227,16.5352562,PL,karwice
Nosówko,54.0925264,16.0523135,PL,nosowko
Skibno,54.2495072,16.3046947,PL,skibno
Czerniewice,52.5089268,19.0893586,PL,czerniewice
Olkusz,50.2744103,19.5704293,PL,olkusz
Wrocław Psie Pole,51.150452,17.1185445,PL,wrocaw-psie-pole
Борислав,49.2982437,23.432032,UA,
Szczebrzeszyn,50.6809127,22.9876629,PL,szczebrzeszyn
Pszczółki,54.1746028,18.7016608,PL,pszczoki
Brzeszcze Jawiszowice,49.9722976,19.1284619,PL,brzeszcze-jawiszowice
Овадне,50.9283507,24.3852864,UA,
Любомль,51.2156703,24.0411229,UA,
Маціїв,51.2409088,24.3639546,UA,
Ягодин,51.1982044,23.8958733,PL,
Жовква,50.0493825,23.9674705,UA,
Sochaczew,52.2150468,20.2386642,PL,sochaczew
Złocieniec,53.5278737,16.0187029,PL,zocieniec
Кримне,51.5343183,24.3768293,UA,
Заболоття,51.6295363,24.2517989,BY,
Рава-Руська,50.2328576,23.6370001,UA,
Гірняк,50.3534674,24.2236032,UA,
Добротвір,50.1986028,24.3508314,UA,
Соснівка,50.2918855,24.2638694,UA,
Дубляни-Львівські,49.8825334,24.0920717,UA,
Брюховичі,49.9034612,23.9393376,UA,
Куликів,49.9902779,24.0423528,UA,
Городок-Львівський,49.7872665,23.6299878,UA,
Затока,49.8399897,23.6771918,UA,
Мшана,49.8300195,23.7761994,UA,
Скнилів,49.8210427,23.9348857,UA,
Задвір'я,49.8778077,24.4403791,UA,'
Підбірці,49.8473199,24.1287096,UA,
Верхні Гаї,49.3011117,23.6631726,UA,
Дубляни,49.495116,23.3836741,UA,
Комарно,49.6586049,23.6813965,UA,
Коропуж,49.668708,23.5705601,UA,
Оброшин,49.7817695,23.8927414,UA,
Рудки,49.641333,23.4986126,UA,
Конюхів,49.2156081,23.7514027,UA,
Бориничі,49.4977406,24.2181201,UA,
Вибранівка,49.5591543,24.2149656,UA,
Давидів,49.7417439,24.1493232,UA,
Сихів,49.7874383,24.0742557,UA,
Старе Село,49.6999077,24.1933022,UA,
Ходовичі,49.2926007,23.9640123,UA,
Журавно,49.3129742,24.3759425,UA,
Більче,49.3898389,23.9422975,UA,
Глинна-Наварія,49.7374204,23.8969618,UA,
Ożarów Mazowiecki,52.2074469,20.7958122,PL,ozarow-mazowiecki
Miastko,53.998328,16.9653502,PL,miastko
Kawcze,54.0719497,16.8838922,PL,kawcze
Kępice,54.2414832,16.8906778,PL,kepice
Букачівці,49.2599465,24.4948468,UA,
Otłoczyn,52.9125573,18.692598,PL,otoczyn
Łętownia,50.3627666,22.2569634,PL,etownia
Wschowa,51.7939015,16.31669,PL,wschowa
Olsztynek,53.5845081,20.2948244,PL,olsztynek
Łódź Chojny,51.7264089,19.4841953,PL,odz-chojny
Silno,53.6441717,17.693352,PL,silno
Tuchola,53.5835933,17.8606117,PL,tuchola
Byczyna Kluczborska,51.1137155,18.1998832,PL,byczyna-kluczborska
Chorzów Stary,50.3168303,18.9569566,PL,chorzow-stary
Łask,51.6037433,19.1117876,PL,ask
Reda,54.59495,18.353264,PL,reda
Wrocław Pracze,51.1700195,16.9031293,PL,wrocaw-pracze
Wrocław Kuźniki,51.1280409,16.9522088,PL,wrocaw-kuzniki
Szczaki Złotokłos,52.0045882,20.9111556,PL,szczaki-zotokos
Tarczyn Wąskotorowy,51.9809715,20.8735748,PL,tarczyn-waskotorowy
Grzmiąca,53.8324597,16.4197665,PL,grzmiaca
Wielanowo,53.8736586,16.3264571,PL,wielanowo
Sosnowiec Kazimierz,50.2886411,19.2315955,PL,sosnowiec-kazimierz
Stryków,51.9105816,19.5934226,PL,strykow
Sławków,50.2949248,19.3746476,PL,sawkow
Kołodziejewo,52.7135245,18.0360342,PL,koodziejewo
Jaworzno Szczakowa,50.2463323,19.2975531,PL,jaworzno-szczakowa
Miękinia,51.1882562,16.7396367,PL,miekinia
Turzno,53.1001358,18.7356187,PL,turzno
Kowalewo Pomorskie,53.1636078,18.8686006,PL,kowalewo-pomorskie
Łochów,52.5339672,21.6875221,PL,ochow
Głowno,51.9614039,19.7030198,PL,gowno
Pleszew Miasto,51.8911842,17.7832941,PL,pleszew-miasto
Добромиль,49.5814432,22.8138577,UA,
Нижанковичі,49.6896711,22.8188815,PL,
Старжава,49.5045678,22.7582967,UA,
Старий Яр,50.0032932,23.4235905,UA,
Шкло-Старжиська,49.97571,23.5330315,UA,
Яворів,49.9622589,23.4050475,UA,
Янтарна,49.9356812,23.5823525,UA,
Рясна 2,49.8586664,23.936458,UA,2
Osie,53.5937036,18.3471626,PL,osie
Kraśnik,50.9296529,22.282992,PL,krasnik
Іваничі,50.6379182,24.3679225,UA,
Сокаль,50.4648347,24.2569687,UA,
Шептицький,50.3968986,24.2291158,UA,
Zawada,50.7159984,23.1253606,PL,zawada
Bełżec,50.3768989,23.4495326,PL,bezec
Балтийск(паром),54.6381024,19.9286516,RU,
Okonek,53.5201758,16.8305415,PL,okonek
Żychlin,52.2131012,19.6188676,PL,zychlin
Opole Lubelskie Wąskotorowe,51.1506361,21.9793126,PL,opole-lubelskie-waskotorowe
Krzeszowice,50.1307695,19.6361612,PL,krzeszowice
Трускавець,49.2827448,23.5121569,UA,
Bogumiłowice,50.0075192,20.8727561,PL,bogumiowice
Kłaj,50.0017237,20.3013956,PL,kaj
Wola Rzędzińska,50.0352195,21.0723679,PL,wola-rzedzinska
Ostróda,53.6994604,19.9497112,PL,ostroda
Chrzanów,50.1332834,19.3982012,PL,chrzanow
Warszawa Śródmieście WKD,52.2274779,20.9993834,PL,warszawa-srodmiescie-wkd
Leżajsk,50.2638262,22.4199891,PL,lezajsk
Waplewo,53.5112827,20.355646,PL,waplewo
Дрогобич,49.3550024,23.5437058,UA,
Stara Piła,54.3264791,18.4130501,PL,stara-pia
Morąg,53.9190188,19.9228513,PL,morag
Lubaczów,50.1658122,23.1257623,PL,lubaczow
Brodnica,53.2636743,19.4059191,PL,brodnica
Karczmiska Wąskotorowe,51.2159089,21.997481,PL,karczmiska-waskotorowe
Krzepów,51.6447811,16.1335897,PL,krzepow
Żywiec Sporysz,49.6763068,19.222331,PL,zywiec-sporysz
Dąbrowa Górnicza Wschodnia,50.3033648,19.3112813,PL,dabrowa-gornicza-wschodnia
Rawicz,51.6092497,16.839439,PL,rawicz
Krobia,51.7590071,16.9715117,PL,krobia
Pępowo,51.7370622,17.1127142,PL,pepowo
Nisko,50.5142737,22.1403337,PL,nisko
Płyćwia,51.9175592,20.0034553,PL,pycwia
Żytkowice,51.4829988,21.556545,PL,zytkowice
Jaszczów,51.2021235,22.9106093,PL,jaszczow
Любінь Великий,49.715343,23.7317029,UA,
Libiąż,50.1131465,19.3261825,PL,libiaz
Jedlnia-Letnisko,51.4296617,21.3276432,PL,jedlnia-letnisko
Rogów Towarowy Wąskotorowy,51.8128732,19.8807935,PL,rogow-towarowy-waskotorowy
Bąkowiec,51.5178254,21.7254976,PL,bakowiec
Wasilków,53.198325,23.1770421,PL,wasilkow
Львів-Підзамче,49.8512296,24.0338924,UA,
Jaksice,52.8558723,18.1994668,PL,jaksice
Okmiany,51.2709572,15.7785663,PL,okmiany
Шиповка,54.7409766,20.1878071,RU,
Białośliwie,53.0977604,17.1242787,PL,biaosliwie
Pisz,53.6318225,21.7947449,PL,pisz
Szczytno,53.5602225,20.9968148,PL,szczytno
Прохладный,54.7420001,20.096091,RU,
Grajewo,53.650103,22.448183,PL,grajewo
Raciąż,52.7789108,20.1049059,PL,raciaz
Piotrków Trybunalski,51.4104653,19.6846413,PL,piotrkow-trybunalski
Lipusz,54.0967518,17.7803879,PL,lipusz
Szymany,53.4869372,20.9664688,PL,szymany
Motycz,51.2214247,22.4235028,PL,motycz
Mońki,53.4022547,22.7968231,PL,monki
Okrzeja,51.7316231,22.135915,PL,okrzeja
Sztum,53.9243063,19.0211281,PL,sztum
Stare Kurowo,52.8544808,15.6780874,PL,stare-kurowo
Zwierzyn,52.8364969,15.5837747,PL,zwierzyn
Львів-Приміський,49.8363551,23.9948755,UA,
Przysucha,51.3777549,20.6597222,PL,przysucha
Wołomin,52.3466331,21.2380718,PL,woomin
Susiec,50.4160165,23.2271695,PL,susiec
Wolbrom,50.375873,19.7725255,PL,wolbrom
Regulice,50.077709,19.5283114,PL,regulice
Grupa,53.5039613,18.6295025,PL,grupa
Szastarka,50.853323,22.3318351,PL,szastarka
Kielce Główne,50.8743077,20.6179325,PL,kielce-gowne
Słodowiec,52.2768261,20.9601259,PL,sodowiec
Marcinkowo,53.6954252,20.6711354,PL,marcinkowo
Wielbark,53.4006491,20.9530013,PL,wielbark
Gdynia Główna,54.5217877,18.5268255,PL,gdynia-gowna
Krośnice Wąskotorowe,51.4787116,17.3437304,PL,krosnice-waskotorowe
Łódź Kaliska,51.757822,19.4305417,PL,odz-kaliska
Nowy Bieruń,50.0730572,19.1854589,PL,nowy-bierun
Стебник,49.2957808,23.546622,UA,
Ваньовичі,49.482976,23.1068531,UA,
Стрілки,49.3366163,22.9898077,UA,
Турка,49.1522164,23.024424,UA,
Яблунька,49.1182861,22.9584088,UA,
Ясениця,49.2759906,22.9794284,UA,
Rudnik nad Sanem,50.4357524,22.2491867,PL,rudnik-nad-sanem
Дністрянська,49.423119,24.0680164,UA,
Brusy,53.882506,17.7279912,PL,brusy
Niedrzwica,51.1140498,22.3766144,PL,niedrzwica
Czachówek Wschodni,51.9734724,21.104208,PL,czachowek-wschodni
Sierpc,52.8480097,19.6531311,PL,sierpc
Płock Trzepowo,52.5887174,19.7338325,PL,pock-trzepowo
Płock,52.552711,19.7126549,PL,pock
Śniadowo,53.0438406,21.9905809,PL,sniadowo
Gościcino Wejherowskie,54.60506,18.1610766,PL,goscicino-wejherowskie
Strzebielino Morskie,54.5628928,18.028786,PL,strzebielino-morskie
Godętowo,54.581917,17.8632338,PL,godetowo
Wrzeście,54.6776662,17.6680739,PL,wrzescie
Pogorzelice,54.5039354,17.6419604,PL,pogorzelice
Potęgowo,54.4849487,17.4880857,PL,potegowo
Damnica,54.4976028,17.2732956,PL,damnica
Jezierzyce Słupskie,54.5042883,17.1218427,PL,jezierzyce-supskie
Балтийск,54.6443134,19.8967461,RU,
Гурьевск-Новый,54.7926733,20.6310539,RU,
Багратионовск,54.3926627,20.6477541,RU,
Владимиров,54.5847377,20.5623101,RU,
Озерки-Новые,54.6304823,20.8956223,RU,
Балтийский Лес,54.6739038,20.1189954,RU,
Pleszew,51.8925872,17.7322175,PL,pleszew
Trzemeszno,52.569871,17.8178353,PL,trzemeszno
Wydartowo,52.6110482,17.9038241,PL,wydartowo
Złotniki Kujawskie,52.9036425,18.1473261,PL,zotniki-kujawskie
Kotomierz,53.2843906,18.1208811,PL,kotomierz
Miłkowice,51.2555649,16.0546142,PL,mikowice
Dobroszyce,51.2705063,17.3637981,PL,dobroszyce
Grabowno Wielkie,51.34322,17.403474,PL,grabowno-wielkie
Bukowina Sycowska,51.3881714,17.5832169,PL,bukowina-sycowska
Sośnie Ostrowskie,51.4715395,17.6394539,PL,sosnie-ostrowskie
Granowiec,51.5116753,17.6451794,PL,granowiec
Biniew,51.738947,17.7924013,PL,biniew
Bronów,51.7944961,17.7743076,PL,bronow
Kotlin,51.9146047,17.6489564,PL,kotlin
Środa Wielkopolska Miasto,52.221858,17.2795641,PL,sroda-wielkopolska-miasto
Środa Wielkopolska Wąskotorowa,52.2200524,17.2713737,PL,sroda-wielkopolska-waskotorowa
Zduny,51.6464157,17.3662662,PL,zduny
Bukowice Trzebnickie,51.3995076,17.368541,PL,bukowice-trzebnickie
Tarnów,50.0052884,20.9751174,PL,tarnow
Калининград-Северный,54.7217242,20.5005751,RU,
Калининград-Пассажирский,54.6933655,20.498572,RU,
Кутузово-Новое,54.7461709,20.5322519,RU,
Puck,54.7148824,18.4086265,PL,puck
Drzewica,51.4369856,20.4656999,PL,drzewica
Domanin,51.3443616,17.995327,PL,domanin
Bytom Odrzański,51.7267573,15.8198902,PL,bytom-odrzanski
Kozłów,50.4750091,20.0122413,PL,kozow
Warszawa Lotnisko Chopina,52.1696266,20.9753321,PL,warszawa-lotnisko-chopina
Brzeźno,51.1563015,23.6171858,PL,brzezno
Krzewie,52.2354509,19.166905,PL,krzewie
Koło,52.2109695,18.6321466,PL,koo
Sosnowiec Dańdówka,50.2655094,19.1727723,PL,sosnowiec-dandowka
Pińczów,50.5234045,20.5191203,PL,pinczow
Jędrzejów Wąskotorowy,50.644106,20.287982,PL,jedrzejow-waskotorowy
Kaliska Kujawskie,52.4127076,19.1233224,PL,kaliska-kujawskie
Dobieszyn,51.6310381,21.1763521,PL,dobieszyn
Rokitki,51.3354313,15.8932471,PL,rokitki
Leszno Górne,51.4668793,15.616048,PL,leszno-gorne
Brzezinka Średzka,51.2197167,16.8368026,PL,brzezinka-sredzka
Ścinawa,51.4091111,16.4218147,PL,scinawa
Grębocice,51.5934999,16.1848672,PL,grebocice
Głogów Wróblin,51.6865915,15.9543821,PL,gogow-wroblin
Niedoradz,51.8654189,15.6643675,PL,niedoradz
Kąkolewo,51.8578208,16.6866339,PL,kakolewo
Antonin,51.5124976,17.8611802,PL,antonin
Łęka Opatowska,51.2171846,18.0915432,PL,eka-opatowska
Kostów,51.1656636,18.1455528,PL,kostow
Lotyń,53.5998378,16.7798286,PL,lotyn
Brokęcino,53.5626635,16.8176147,PL,brokecino
Ptusza,53.3646737,16.7838654,PL,ptusza
Płytnica,53.295001,16.7503115,PL,pytnica
Stara Łubianka,53.2319275,16.7053692,PL,stara-ubianka
Czaplinek,53.5372375,16.2380254,PL,czaplinek
Jankowo Pomorskie,53.5166039,15.7743234,PL,jankowo-pomorskie
Trzcianka,53.0328432,16.4650023,PL,trzcianka
Biernatowo,52.9571088,16.3428227,PL,biernatowo
Wieleń,52.9073765,16.1799496,PL,wielen
Samostrzel,53.1277832,17.4347438,PL,samostrzel
Nakło nad Notecią,53.1425732,17.6071952,PL,nako-nad-notecia
Zielonczyn,53.1510025,17.8079881,PL,zielonczyn
Krajenka,53.2890825,16.9915365,PL,krajenka
Wierzchowo Człuchowskie,53.6178993,17.4472969,PL,wierzchowo-czuchowskie
Gołubie Kaszubskie,54.2125151,18.0367969,PL,goubie-kaszubskie
Somonino,54.2694405,18.1927229,PL,somonino
Rytel,53.7482309,17.7251246,PL,rytel
Kaliska,53.9026339,18.2153931,PL,kaliska
Szlachta,53.7628915,18.1197385,PL,szlachta
Lipowa Tucholska,53.7539307,18.1088728,PL,lipowa-tucholska
Śliwice,53.7129523,18.182216,PL,sliwice
Szymankowo,54.0727108,18.9275111,PL,szymankowo
Żabi Róg,53.8764039,20.0176074,PL,zabi-rog
Gamerki Wielkie,53.8449437,20.1385158,PL,gamerki-wielkie
Orneta,54.1149846,20.1507532,PL,orneta
Dobre Miasto,53.982951,20.3853929,PL,dobre-miasto
Naterki,53.7462203,20.3765866,PL,naterki
Biesal,53.720086,20.1926687,PL,biesal
Samborowo,53.6718417,19.8207355,PL,samborowo
Rudzienice Suskie,53.6386051,19.6696133,PL,rudzienice-suskie
Jamielnik,53.5290677,19.5016713,PL,jamielnik
Solec Kujawski,53.0784475,18.2246416,PL,solec-kujawski
Redaki,53.6710769,19.4081588,PL,redaki
Rogóźno Pomorskie,53.5435231,18.9109889,PL,rogozno-pomorskie
Gardeja,53.5913612,18.933391,PL,gardeja
Ryjewo,53.8422325,18.9566128,PL,ryjewo
Unisław Pomorski,53.2061787,18.3826938,PL,unisaw-pomorski
Ostrowy,52.2988559,19.1922922,PL,ostrowy
Płock Radziwie,52.5242451,19.6722573,PL,pock-radziwie
Łąck,52.4870282,19.5960518,PL,ack
Sierakówek,52.3707152,19.4205021,PL,sierakowek
Strzelce Kujawskie,52.3229173,19.3687984,PL,strzelce-kujawskie
Płońsk,52.6160133,20.3661208,PL,ponsk
Kozłowo,53.3087765,20.3111682,PL,kozowo
Woszczele,53.8596729,22.2489843,PL,woszczele
Spychowo,53.5909702,21.3542998,PL,spychowo
Drygały,53.6791251,22.103853,PL,drygay
Bierzwnik,53.0240587,15.658121,PL,bierzwnik
Krasnystaw Fabryczny,51.0244189,23.1827257,PL,krasnystaw-fabryczny
Rejowiec,51.117695,23.2383437,PL,rejowiec
Werchrata,50.2479666,23.4872942,UA,werchrata
Starachowice Wschodnie,51.0419091,21.0787913,PL,starachowice-wschodnie
Wolanów,51.3532948,21.0001743,PL,wolanow
Prostki,53.6951398,22.4317785,PL,prostki
Knyszyn,53.2846326,22.8960757,PL,knyszyn
Sidra,53.5445241,23.4480193,PL,sidra
Jastrzębna,53.7458283,23.198254,PL,jastrzebna
Sobibór,51.4442181,23.5970514,PL,sobibor
Ruda-Opalin,51.2479134,23.6011101,PL,ruda-opalin
Uhrusk,51.3195,23.6193023,PL,uhrusk
Krusze,52.4271604,21.3585656,PL,krusze
Sulejówek Miłosna,52.2406542,21.2986542,PL,sulejowek-miosna
Siemiatycze,52.3907594,22.9447052,PL,siemiatycze
Nurzec,52.4600632,23.082982,PL,nurzec
Czeremcha,52.5187507,23.3535138,PL,czeremcha
Gregorowce,52.6624924,23.2416068,PL,gregorowce
Strabla,52.9017166,23.1132916,PL,strabla
Lewickie,53.027882,23.1248166,PL,lewickie
Warszawa Falenica,52.1620483,21.2106772,PL,warszawa-falenica
Katowice Ligota,50.2260023,18.9778134,PL,katowice-ligota
Poniatowa,51.1794339,22.0655463,PL,poniatowa
Boronów,50.6653812,18.9014251,PL,boronow
Pątnów Wieluński,51.160517,18.6336919,PL,patnow-wielunski
Jeleśnia,49.652422,19.3209664,PL,jelesnia
Nowe Skalmierzyce,51.7080628,17.9979123,PL,nowe-skalmierzyce
Błaszki,51.673683,18.471086,PL,baszki
Koluszki,51.7434724,19.8184515,PL,koluszki
Baby,51.5369264,19.7167575,PL,baby
Gomunice,51.1635621,19.4867937,PL,gomunice
Widzów Teklinów,50.9810384,19.367218,PL,widzow-teklinow
Łazy,50.4300849,19.3918857,PL,azy
Kozy,49.8497339,19.1426467,PL,kozy
Maków Podhalański,49.7269257,19.6768811,PL,makow-podhalanski
Osielec,49.6749774,19.755781,PL,osielec
Jordanów,49.6376556,19.8328607,PL,jordanow
Niedźwiedź,50.204323,20.0809326,PL,niedzwiedz
Tunel,50.4335931,19.9912442,PL,tunel
Charsznica,50.3961292,19.9413863,PL,charsznica
Jaroszowiec Olkuski,50.3422847,19.6218089,PL,jaroszowiec-olkuski
Dęba Opoczyńska,51.4819213,20.2582806,PL,deba-opoczynska
Brzustów,51.4934985,20.1466954,PL,brzustow
Słotwiny,51.7226079,19.8386994,PL,sotwiny
Turów,50.7683869,19.3171916,PL,turow
Julianka,50.7646466,19.4732727,PL,julianka
Brzesko Okocim,49.9867628,20.6093415,PL,brzesko-okocim
Tarnów Mościce,50.0064054,20.9239433,PL,tarnow-moscice
Łowczówek Pleśna,49.9279064,20.9495946,PL,owczowek-plesna
Bogoniowice Ciężkowice,49.7984243,20.9765428,PL,bogoniowice-ciezkowice
Bobowa,49.7167724,20.9576528,PL,bobowa
Ptaszkowa,49.6033821,20.8816083,PL,ptaszkowa
Boguchwała,49.9842936,21.9345302,PL,boguchwaa
Czudec,49.9403101,21.8333148,PL,czudec
Frysztak,49.8315538,21.6181809,PL,frysztak
Jasło,49.7374629,21.4703978,PL,jaso
Tarnowiec,49.7362492,21.5778774,PL,tarnowiec
Jedlicze,49.7190286,21.647978,PL,jedlicze
Targowiska,49.6495249,21.8218508,PL,targowiska
Wróblik Szlachecki,49.613564,21.8784325,PL,wroblik-szlachecki
Rogóżno koło Łańcuta,50.0835725,22.362513,PL,rogozno-koo-ancuta
Życzyn,51.6477105,21.7603993,PL,zyczyn
Sobolew,51.7416616,21.6724904,PL,sobolew
Łuków Łapiguz,51.924509,22.3598062,PL,ukow-apiguz
Puławy,51.4104568,22.0114222,PL,puawy
Nałęczów,51.3180443,22.2131809,PL,naeczow
Kostomłoty,50.9217423,20.615332,PL,kostomoty
Sobków,50.731303,20.4306276,PL,sobkow
Wolica,50.753349,20.4704275,PL,wolica
Kielce Białogon,50.8552608,20.5745188,PL,kielce-biaogon
Dęba Rozalin,50.4288076,21.7431315,PL,deba-rozalin
Sobów,50.5922673,21.7356718,PL,sobow
Grębów,50.6051506,21.8392825,PL,grebow
Kunów,50.9678633,21.2953476,PL,kunow
Lipa,50.689287,22.0681452,PL,lipa
Rzeczyca,50.8399415,22.2081809,PL,rzeczyca
Grodzisko Dolne,50.1700684,22.5087246,PL,grodzisko-dolne
Bobrówka,50.049699,22.8592043,PL,bobrowka
Bystrzyca koło Lublina,51.3493926,22.6386602,PL,bystrzyca-koo-lublina
Lubartów,51.4456443,22.6082467,PL,lubartow
Katowice Zawodzie,50.2572998,19.0574498,PL,katowice-zawodzie
Działdowo,53.2388575,20.1673188,PL,dziadowo
Miechów,50.3535965,20.0107404,PL,miechow
Zastów,50.1237784,20.0690701,PL,zastow
Janikowo,52.748872,18.1160506,PL,janikowo
Lipno,52.8541505,19.1790433,PL,lipno
Słomniki,50.24943,20.063701,PL,somniki
Blachownia,50.7738933,18.9695889,PL,blachownia
Kochanówka Pustków,50.1112994,21.4923542,PL,kochanowka-pustkow
Przeworsk Wąski,50.0664576,22.5014274,PL,przeworsk-waski
Czernikowo,52.9394669,18.9510378,PL,czernikowo
Dalęcino,53.7478774,16.6084745,PL,dalecino
Iwin,53.7950743,16.5154723,PL,iwin
Biały Bór,53.8867152,16.8553835,PL,biay-bor
Pszczyna,49.974984,18.9534358,PL,pszczyna
Kobylin,51.7200566,17.2238694,PL,kobylin
Tłuszcz,52.4311161,21.4354004,PL,tuszcz
Otwock,52.1095585,21.2630951,PL,otwock
Bielsk Podlaski,52.7613758,23.1881475,PL,bielsk-podlaski
Czachówek Południowy,51.9582318,21.0815732,PL,czachowek-poudniowy
Chynów,51.9027315,21.1006911,PL,chynow
Warka,51.7938528,21.1686656,PL,warka
Celestynów,52.0576501,21.3940884,PL,celestynow
Jackowice,52.1569281,19.7958414,PL,jackowice
Nasielsk,52.5721933,20.7677423,PL,nasielsk
Bednary,52.1055389,20.064785,PL,bednary
Łowicz Przedmieście,52.093053,19.9466922,PL,owicz-przedmiescie
Wołów,51.3339266,16.6328844,PL,woow
Gałkówek,51.7298223,19.7318181,PL,gakowek
Spała,51.5520558,20.1352516,PL,spaa
Жытомля,53.6181581,24.1090827,BY,
Legnica,51.2140928,16.1696549,PL,legnica
Przeciszów,50.0134497,19.3688911,PL,przeciszow
Bliżyn,51.1104398,20.7572886,PL,blizyn
Stąporków,51.1435118,20.5735471,PL,staporkow
Gdynia Chylonia,54.5457503,18.4636617,PL,gdynia-chylonia
Rokiciny,51.6675458,19.780676,PL,rokiciny
Wygoda,50.6042391,20.4586174,PL,wygoda
Zduńska Wola Karsznice,51.5890163,18.9947256,PL,zdunska-wola-karsznice
Głogów Małopolski,50.1473563,21.9596092,PL,gogow-maopolski
Skępe,52.8721132,19.3418002,PL,skepe
Lutol Suchy,52.3439907,15.7544232,PL,lutol-suchy
Zbąszynek,52.2426128,15.8181758,PL,zbaszynek
Dygowo,54.1408297,15.7268111,PL,dygowo
Kaczory,53.105427,16.8816474,PL,kaczory
Inowrocław Rąbinek,52.7693872,18.2431612,PL,inowrocaw-rabinek
Rokietnica,52.5106432,16.7561574,PL,rokietnica
Станція Центральна,50.7072655,24.1671473,UA,
Łączna,50.9916624,20.7984417,PL,aczna
Jakubowice,50.8109287,21.6647863,PL,jakubowice
Dwikozy,50.7320686,21.7911771,PL,dwikozy
Стрий 2,49.2729041,23.8241263,UA,2
Lublin Zemborzyce,51.1715012,22.5028874,PL,lublin-zemborzyce
Kołobrzeg,54.1822496,15.5715496,PL,koobrzeg
Chełm Wschodni,51.1412692,23.5254399,PL,chem-wschodni
Gdynia Orłowo,54.4766459,18.5486299,PL,gdynia-orowo
Nakło Śląskie,50.4299098,18.9027872,PL,nako-slaskie
Augustów,53.8527155,23.025974,PL,augustow
Opoczno Południe,51.3591831,20.2324376,PL,opoczno-poudnie
Zbydniów,50.6345402,21.9213683,PL,zbydniow
Żywiec,49.6791207,19.1856696,PL,zywiec
Stalowa Wola Południe,50.5449264,22.0788926,PL,stalowa-wola-poudnie
Padew,50.4342004,21.5059447,PL,padew
Ostrzeszów,51.4295172,17.9405633,PL,ostrzeszow
Przygodzice,51.5699571,17.8299969,PL,przygodzice
Jasło Niegłowice,49.7261437,21.4509854,PL,jaso-niegowice
Przysieki,49.7329826,21.3938577,PL,przysieki
Siepietnica,49.754506,21.296874,PL,siepietnica
Skołyszyn,49.7451133,21.3392586,PL,skoyszyn
Wielowieś,50.6252025,21.7585061,PL,wielowies
Gorlice Zagórzany,49.6941177,21.1954305,PL,gorlice-zagorzany
Gorlice,49.6634514,21.1625883,PL,gorlice
Jarocin,51.9683099,17.4947192,PL,jarocin
Kłobuck,50.9089907,18.9234568,PL,kobuck
Działoszyn,51.116973,18.9142886,PL,dziaoszyn
Chorzew Siemkowice,51.2096366,18.9411517,PL,chorzew-siemkowice
Rusiec Łódzki,51.3169554,18.9694348,PL,rusiec-odzki
Chociw Łaski,51.4065095,18.9825377,PL,chociw-aski
Kozuby,51.4938521,19.0229037,PL,kozuby
Rudniki koło Częstochowy,50.8782089,19.2322503,PL,rudniki-koo-czestochowy
Katowice,50.2576071,19.0171456,PL,katowice
Nowy Tomyśl,52.304122,16.1330385,PL,nowy-tomysl
Chrośnica,52.2813762,15.991727,PL,chrosnica
Zbąszyń,52.2594116,15.8947648,PL,zbaszyn
Szczaniec,52.2643757,15.6939492,PL,szczaniec
Świebodzin,52.2452509,15.5399619,PL,swiebodzin
Zielonka,52.3118146,21.1576638,PL,zielonka
Małkinia,52.6946006,22.0348566,PL,makinia
Czyżew,52.8002163,22.3434849,PL,czyzew
Szepietowo,52.8702564,22.5414659,PL,szepietowo
Łapy,52.9899169,22.8835129,PL,apy
Baciuty,53.0464019,22.9824062,PL,baciuty
Białystok,53.1336211,23.1354375,PL,biaystok
Wieliczka Park,49.9891052,20.0493336,PL,wieliczka-park
Czarny Blok,53.2484326,23.2091389,PL,czarny-blok
Czarna Białostocka,53.3057028,23.2797591,PL,czarna-biaostocka
Machnacz,53.33172,23.3181155,PL,machnacz
Sokółka,53.4031218,23.5064188,PL,sokoka
Kuźnica Białostocka,53.5119984,23.6424065,PL,kuznica-biaostocka
Białośliwie Wąskotorowe,53.0966636,17.1182937,PL,biaosliwie-waskotorowe
Chorzów Batory,50.278276,18.9449635,PL,chorzow-batory
Ełk Wąskotorowy,53.8262637,22.3634618,PL,ek-waskotorowy
Sypitki,53.7869403,22.5645676,PL,sypitki
Twardogóra,51.360263,17.4677429,PL,twardogora
Łódź Żabieniec,51.7935514,19.4070192,PL,odz-zabieniec
Leńcze,49.8920749,19.7299591,PL,lencze
Głogów,51.6696063,16.0798664,PL,gogow
Rzochów,50.240007,21.4954083,PL,rzochow
Wrzosowo,54.114286,15.8378824,PL,wrzosowo
Хирів-Посада,49.5383961,22.855163,UA,
Dworzec Wileński,52.2537771,21.0357972,PL,dworzec-wilenski
Stadion Narodowy,52.2468346,21.042847,PL,stadion-narodowy
Centrum Nauki Kopernik,52.2399148,21.0317878,PL,centrum-nauki-kopernik
Nowy Świat-Uniwersytet,52.2368196,21.0168168,PL,nowy-swiat-uniwersytet
Rondo ONZ,52.2330735,20.9981024,PL,rondo-onz
Rondo Daszyńskiego,52.2300827,20.9828946,PL,rondo-daszynskiego
Kabaty,52.1320765,21.0650711,PL,kabaty
Stokłosy,52.1560759,21.0347233,PL,stokosy
Natolin,52.1411007,21.0564351,PL,natolin
Ursynów,52.1620456,21.0276283,PL,ursynow
Służew,52.1727624,21.0262866,PL,suzew
Racławicka,52.1988637,21.0122349,PL,racawicka
Wilanowska,52.1818168,21.0231452,PL,wilanowska
Pole Mokotowskie,52.2087775,21.0079298,PL,pole-mokotowskie
Politechnika,52.2186581,21.0153031,PL,politechnika
Centrum,52.2310069,21.010186,PL,centrum
Warszawa Zachodnia,52.2201572,20.9651719,PL,warszawa-zachodnia
Rzeszów Staroniwa,50.038491,21.9897333,PL,rzeszow-staroniwa
Kłodawa,52.2273817,18.8905271,PL,kodawa
Warszawa Rembertów,52.2571084,21.158478,PL,warszawa-rembertow
Warszawa Okęcie,52.1657359,20.9873566,PL,warszawa-okecie
Piaseczno,52.0665292,21.0172915,PL,piaseczno
Suchedniów,51.0465577,20.8496965,PL,suchedniow
Warszawa Gdańska,52.2590955,20.9923588,PL,warszawa-gdanska
Dworzec Gdański,52.2580586,20.9941857,PL,dworzec-gdanski
Buk,52.3434755,16.5206784,PL,buk
Legionowo Piaski,52.4126078,20.9427123,PL,legionowo-piaski
Wieliszew,52.4281967,20.9747536,PL,wieliszew
Stare Drzewce,51.7766962,16.1957047,PL,stare-drzewce
Zgierz Kontrewers,51.8648041,19.340321,PL,zgierz-kontrewers
Bydgoszcz Główna,53.1352905,17.991601,PL,bydgoszcz-gowna
Rzeszów Główny,50.0429915,22.0060864,PL,rzeszow-gowny
Skrzynki,51.6021945,19.9669659,PL,skrzynki
Jeleń,51.5020459,20.0729897,PL,jelen
Bratków,51.4553655,20.1149966,PL,bratkow
Końskie,51.1902037,20.422849,PL,konskie
Wąchock,51.0797066,21.0163501,PL,wachock
Ostrowiec Świętokrzyski,50.9329872,21.3796571,PL,ostrowiec-swietokrzyski
Dębica,50.0539304,21.4041528,PL,debica
Garbatka-Letnisko,51.4948043,21.6300605,PL,garbatka-letnisko
Pionki,51.479776,21.462028,PL,pionki
Radom Główny,51.3909217,21.1553821,PL,radom-gowny
Mostówka,52.5190722,21.4420693,PL,mostowka
Wyszków,52.601731,21.4466076,PL,wyszkow
Przetycz,52.7690624,21.5511326,PL,przetycz
Pasieki,52.8539741,21.5605238,PL,pasieki
Gierwaty,52.9926109,21.6039595,PL,gierwaty
Ostrołęka,53.0561608,21.6171129,PL,ostroeka
Łuków,51.9404823,22.3928588,PL,ukow
Parczew,51.6262047,22.8716065,PL,parczew
Siemianówka,52.8999676,23.81484,PL,siemianowka
Pruszków,52.1682227,20.7989255,PL,pruszkow
Grodzisk Mazowiecki,52.1103954,20.6234643,PL,grodzisk-mazowiecki
Żyrardów,52.0524632,20.4489804,PL,zyrardow
Skierniewice,51.9676192,20.151435,PL,skierniewice
Radomsko,51.0745339,19.4376128,PL,radomsko
Kłomnice,50.9159863,19.3414573,PL,komnice
Częstochowa,50.8084279,19.1209688,PL,czestochowa
Zawiercie,50.4806373,19.4231622,PL,zawiercie
Dąbrowa Górnicza Ząbkowice,50.3665939,19.2646845,PL,dabrowa-gornicza-zabkowice
Sosnowiec Główny,50.27895,19.1263859,PL,sosnowiec-gowny
Mińsk Mazowiecki,52.1758629,21.5522194,PL,minsk-mazowiecki
Mrozy,52.1639548,21.8005353,PL,mrozy
Dziewule,52.05541,22.3862177,PL,dziewule
Międzyrzec Podlaski,51.9760347,22.7855957,PL,miedzyrzec-podlaski
Biała Podlaska,52.0202547,23.1304101,PL,biaa-podlaska
Chotyłów,51.9968432,23.355823,PL,chotyow
Terespol,52.0743321,23.601254,PL,terespol
Błonie,52.1865234,20.6074023,PL,bonie
Kutno,52.2270939,19.348144,PL,kutno
Palędzie,52.3745525,16.7488907,PL,paledzie
Opalenica,52.3097374,16.4003069,PL,opalenica
Warszawa Wawer,52.2233538,21.1496097,PL,warszawa-wawer
Sadurki,51.2862738,22.284403,PL,sadurki
Lublin Główny,51.231292,22.5689637,PL,lublin-gowny
Chełm,51.1413165,23.4942003,PL,chem
Rożki,51.3388407,21.0540748,PL,rozki
Szydłowiec,51.2079964,20.9234453,PL,szydowiec
Skarżysko-Kamienna,51.1161949,20.8820061,PL,skarzysko-kamienna
Miąsowa,50.7194055,20.3651331,PL,miasowa
Jędrzejów,50.6445096,20.2756734,PL,jedrzejow
Legionowo,52.4019115,20.9410006,PL,legionowo
Bełchów,52.0267688,20.0329903,PL,bechow
Opatówek,51.7433692,18.2274685,PL,opatowek
Kalisz,51.742827,18.0713653,PL,kalisz
Czekanów,51.6854689,17.8605973,PL,czekanow
Lasocice,51.8158946,16.4859499,PL,lasocice
Domaniewice,52.02057,19.8210551,PL,domaniewice
Włocławek,52.6530309,19.058895,PL,wocawek
Nieszawa Waganiec,52.803028,18.8702152,PL,nieszawa-waganiec
Aleksandrów Kujawski,52.8758646,18.6963912,PL,aleksandrow-kujawski
Piła Główna,53.1430744,16.7448031,PL,pia-gowna
Grabowo,53.0726159,21.5338927,PL,grabowo
Jastrząbka,53.1319823,21.2494709,PL,jastrzabka
Chorzele,53.2818911,20.939551,PL,chorzele
Sokoły,53.0000195,22.7186468,PL,sokoy
Komorów,52.1481148,20.8113718,PL,komorow
Podkowa Leśna Główna,52.1223685,20.7251423,PL,podkowa-lesna-gowna
Dwory,50.0455012,19.2856105,PL,dwory
Werbkowice,50.7455326,23.7676522,PL,werbkowice
Kielce Herbskie,50.8859058,20.6024161,PL,kielce-herbskie
Rykoszyn,50.8681814,20.3788822,PL,rykoszyn
Małogoszcz,50.8502132,20.272798,PL,maogoszcz
Ludynia,50.8518711,20.1626707,PL,ludynia
Włoszczowa,50.8377903,20.0145481,PL,woszczowa
Żelisławice,50.8038128,19.858556,PL,zelisawice
Biłgoraj,50.5515661,22.7328489,PL,bigoraj
Włoszczowice,50.6517537,20.5865673,PL,woszczowice
Kolbuszowa,50.2454136,21.7850466,PL,kolbuszowa
Hrubieszów Miasto,50.7966686,23.9085737,PL,hrubieszow-miasto
Nida,50.7601582,20.5785811,PL,nida
Grochowiska,50.4943675,20.6418081,PL,grochowiska
Busko-Zdrój,50.4619331,20.6858176,PL,busko-zdroj
Ropczyce,50.0783583,21.5798601,PL,ropczyce
Rudna Wielka,50.0811,21.9414999,PL,rudna-wielka
Łańcut,50.0817497,22.226396,PL,ancut
Hurko,49.7851816,22.8629134,PL,hurko
Chełmek,50.0993583,19.2542117,PL,chemek
Czechowice-Dziedzice,49.9156124,19.0083766,PL,czechowice-dziedzice
Kraków Bonarka,50.0298423,19.9464698,PL,krakow-bonarka
Podbory Skawińskie,49.9665908,19.7734951,PL,podbory-skawinskie
Rogoźno Wielkopolskie,52.7552395,16.9721483,PL,rogozno-wielkopolskie
Oborniki Wielkopolskie,52.6580627,16.8306803,PL,oborniki-wielkopolskie
Stróże,49.6548458,20.9761298,PL,stroze
Stronie,49.8336147,19.6690954,PL,stronie
Stryszów,49.8255815,19.62187,PL,stryszow
Sucha Beskidzka,49.7406266,19.5807161,PL,sucha-beskidzka
Lachowice,49.7234461,19.5035978,PL,lachowice
Spytkowice,49.9951141,19.476835,PL,spytkowice
Strzyżów nad Wisłokiem,49.8692563,21.8015116,PL,strzyzow-nad-wisokiem
Wadowice,49.8853687,19.5016523,PL,wadowice
Szreniawa,52.3177702,16.8008807,PL,szreniawa
Długołęka,51.1784645,17.1944543,PL,dugoeka
Stacja górna,54.5156995,18.5439285,PL,stacja-gorna
Stacja dolna,54.5164005,18.5434812,PL,stacja-dolna
Plac Wilsona,52.2692619,20.9844973,PL,plac-wilsona
Wola Łużańska,49.6940214,21.0595573,PL,wola-uzanska
Biecz,49.7328492,21.2638564,PL,biecz
Stare Jabłonki,53.6914017,20.0939083,PL,stare-jabonki
Żabno,50.1276182,20.9003924,PL,zabno
Radzionków,50.4090415,18.9152081,PL,radzionkow
Соколики,49.0813203,22.8859244,UA,
Piotrków Kujawski,52.5377739,18.5194706,PL,piotrkow-kujawski
Parlin,53.3705998,18.2691021,PL,parlin
Terespol Pomorski,53.4095061,18.3513842,PL,terespol-pomorski
Laskowice Pomorskie,53.4910465,18.4559143,PL,laskowice-pomorskie
Warlubie,53.5890777,18.6231618,PL,warlubie
Ciechocinek,52.8811347,18.7876011,PL,ciechocinek
Twarda Góra,53.6824769,18.6715195,PL,twarda-gora
Smętowo,53.747959,18.6858934,PL,smetowo
Morzeszczyn,53.836734,18.6862241,PL,morzeszczyn
Pelplin,53.9269222,18.707277,PL,pelplin
Subkowy,53.9861304,18.7535814,PL,subkowy
Międzybórz Sycowski,51.4010511,17.6529599,PL,miedzyborz-sycowski
Sosnowiec Maczki,50.2616765,19.2697409,PL,sosnowiec-maczki
Tychy,50.1357681,18.9641781,PL,tychy
Rawa Mazowiecka,51.766738,20.2457314,PL,rawa-mazowiecka
Wieluń Dąbrowa,51.2396362,18.5502063,PL,wielun-dabrowa
Pasłęk,54.0553482,19.656533,PL,pasek
Siewierz,50.4792797,19.237436,PL,siewierz
Serock,53.3610452,18.0897326,PL,serock
Kościerzyna,54.1204547,17.9950019,PL,koscierzyna
Gdańsk Główny,54.3564345,18.6441946,PL,gdansk-gowny
Gdańsk Wrzeszcz,54.3817696,18.6055111,PL,gdansk-wrzeszcz
Luzino,54.5669472,18.1025716,PL,luzino
Bożepole Wielkie,54.5688524,17.9677613,PL,bozepole-wielkie
Ustka,54.578248,16.8621487,PL,ustka
Czarna Woda,53.8512071,18.1086364,PL,czarna-woda
Chojnice,53.6890673,17.5777493,PL,chojnice
Lipka Krajeńska,53.4972794,17.2572823,PL,lipka-krajenska
Złotów,53.3590744,17.0531046,PL,zotow
Malbork,54.0359714,19.0431501,PL,malbork
Gronowo Elbląskie,54.0900141,19.3059519,PL,gronowo-elblaskie
Braniewo,54.3809392,19.8421521,PL,braniewo
Grudziądz,53.4819767,18.7615467,PL,grudziadz
Grudziądz Owczarki,53.503199,18.8478291,PL,grudziadz-owczarki
Sadlinki,53.6669115,18.8799484,PL,sadlinki
Kwidzyn,53.7306761,18.9333904,PL,kwidzyn
Bińcze,53.6601232,17.1294385,PL,bincze
Kartuzy,54.3348902,18.2066893,PL,kartuzy
Pruszcz Gdański,54.2572262,18.6469706,PL,pruszcz-gdanski
Dęblin,51.5783347,21.8340731,PL,deblin
Gdańsk Kokoszki,54.3623346,18.4921682,PL,gdansk-kokoszki
Stare Bojanowo Wąskotorowe,51.9950626,16.5845598,PL,stare-bojanowo-waskotorowe
Taczanów,51.8409612,17.7561366,PL,taczanow
Rudna Gwizdanów,51.5290973,16.2809748,PL,rudna-gwizdanow
Zielona Góra Główna,51.947377,15.5111288,PL,zielona-gora-gowna
Вижва,51.4430096,24.4275605,UA,
Pobiedziska,52.4793001,17.2778502,PL,pobiedziska
Krośnice,51.4712011,17.3738925,PL,krosnice
Koźmin Wielkopolski,51.8319671,17.4437518,PL,kozmin-wielkopolski
Bolesławiec,51.2660812,15.5695267,PL,bolesawiec
Toruń Miasto,53.0123138,18.6197194,PL,torun-miasto
Łódź Widzew,51.7631048,19.5438051,PL,odz-widzew
Łódź Fabryczna,51.7695535,19.4696108,PL,odz-fabryczna
Babiak,52.353535,18.6701836,PL,babiak
Wrocław Swojczyce,51.1158639,17.1213443,PL,wrocaw-swojczyce
Płocka,52.2324542,20.9663847,PL,pocka
Trocka,52.2751021,21.0550586,PL,trocka
Dziembówko,53.0704877,16.8156025,PL,dziembowko
Chodzież,52.9939154,16.9095691,PL,chodziez
Budzyń,52.8936015,16.9661989,PL,budzyn
Podborsko,53.9341699,16.138825,PL,podborsko
Kobylnica,52.4458143,17.0794703,PL,kobylnica
Голя,52.4598697,23.354512,PL,
Кандзібор,52.1396443,23.6710266,BY,
Grylewo,52.8891021,17.2278722,PL,grylewo
Świętokrzyska,52.2350954,21.0078988,PL,swietokrzyska
Брэст-Паўночны,52.1113358,23.6540199,BY,
Lubin,51.3957796,16.1934358,PL,lubin
Gdańsk Osowa,54.4223889,18.4528085,PL,gdansk-osowa
Sulechów,52.0916666,15.6167904,PL,sulechow
Łęgajny,53.8211024,20.6172628,PL,egajny
Аульс,53.6742759,23.9596152,BY,
Жабінка,52.2010852,24.0170938,BY,
Брэст-Усходні,52.110226,23.7272985,BY,
Księcia Janusza,52.2391822,20.9443771,PL,ksiecia-janusza
Młynów,52.2376624,20.9601048,PL,mynow
Zaborów Błonia,49.923987,21.8197947,PL,zaborow-bonia
Мамоново,54.4641528,19.9348166,RU,
Szwedzka,52.2634709,21.0455232,PL,szwedzka
Prabuty,53.7573104,19.2108087,PL,prabuty
Trzebinia,50.1541226,19.4529565,PL,trzebinia
Рось,53.2936201,24.4239852,BY,
Лудин,50.8074966,23.9764873,PL,
Щербин,49.008069,22.8187492,UA,
Raszówka,51.3015343,16.1816401,PL,raszowka
Koźlice,51.451134,16.2330039,PL,kozlice
Darłowo,54.4169844,16.404387,PL,darowo
Targówek Mieszkaniowy,52.2692518,21.0513658,PL,targowek-mieszkaniowy
Modlin,52.4439461,20.7049949,PL,modlin
Jasionna,50.6163966,20.3864164,PL,jasionna
Umianowice,50.5825553,20.5192088,PL,umianowice
Motkowice,50.5935915,20.4789681,PL,motkowice
Rakowice,53.4781373,19.6415296,PL,rakowice
Pabianice,51.6609304,19.3249765,PL,pabianice
Bemowo,52.2392071,20.9154991,PL,bemowo
Ulrychów,52.2403314,20.9298652,PL,ulrychow
Warszawa Główna,52.2250393,20.9850425,PL,warszawa-gowna
Biskupiec Pomorski,53.4894931,19.3893071,PL,biskupiec-pomorski
Słupsk,54.4678168,17.0163242,PL,supsk
Ізов,50.8285277,24.0580241,PL,
Rozalin,51.17865,22.0072767,PL,rozalin
Zduńska Wola,51.6113628,18.9472078,PL,zdunska-wola
Olsztyn Likusy,53.7895176,20.4449467,PL,olsztyn-likusy
Pierzyska,52.5056822,17.4826237,PL,pierzyska
Narewka,52.8685162,23.7376264,PL,narewka
Дзержинская-Новая,54.6634539,20.5336753,RU,
Львів-Головний,49.8399112,23.9938644,UA,
Śmigiel,52.0061461,16.5266295,PL,smigiel
Zgierz,51.8494636,19.4257929,PL,zgierz
Bojanowo,51.7006769,16.7440004,PL,bojanowo
Warszawa Centralna,52.2288207,21.00316,PL,warszawa-centralna
Góra Kalwaria,51.9892368,21.1929475,PL,gora-kalwaria
Ostaszewo Toruńskie,53.1103586,18.6272817,PL,ostaszewo-torunskie
Żnin Licealna,52.8453063,17.7232151,PL,znin-licealna
Mleczewo,53.9137425,19.1229124,PL,mleczewo
Cierpice,52.9889214,18.4685966,PL,cierpice
Poznań Wschód,52.4182197,16.971483,PL,poznan-wschod
Bródno,52.293585,21.0289387,PL,brodno
Kondratowicza,52.2920848,21.0486889,PL,kondratowicza
Zacisze,52.2837496,21.062148,PL,zacisze
Opatówek Wąskotorowy,51.7439327,18.2251231,PL,opatowek-waskotorowy
Poznań Krzesiny,52.3416969,16.9755354,PL,poznan-krzesiny
Poznań Starołęka,52.3662312,16.9342759,PL,poznan-staroeka
Odolanów,51.574591,17.6677164,PL,odolanow
Trzebnica,51.3040435,17.0632874,PL,trzebnica
Warszawa Wileńska,52.2558006,21.0385505,PL,warszawa-wilenska
Poznań Górczyn,52.3802146,16.8814902,PL,poznan-gorczyn
Chorzów Miasto,50.2984743,18.9492704,PL,chorzow-miasto
Stęszew,52.2807927,16.7102092,PL,steszew
Polanówka,51.2330581,21.9410199,PL,polanowka
Jawornik Polski,49.8885373,22.2751843,PL,jawornik-polski
Manasterz,49.9437995,22.3657198,PL,manasterz
Kańczuga,49.979994,22.4230778,PL,kanczuga
Dynów,49.8057949,22.239641,PL,dynow
Puszczykówko,52.2729936,16.8637843,PL,puszczykowko
Zegrze Południowe,52.4519364,21.0082343,PL,zegrze-poudniowe
Парэчча,53.885872,24.1342324,LT,
Гродна,53.6862323,23.8490882,BY,
Брузгі,53.5555298,23.6666516,PL,
Barczewo,53.8447536,20.7002972,PL,barczewo
Tolkmicko,54.3217986,19.5230429,PL,tolkmicko
Dzierżążno,54.3150695,18.2661106,PL,dzierzazno
Луговое-Новое,54.6523159,20.6223278,RU,
Jasionka Lotnisko,50.1155464,22.0215407,PL,jasionka-lotnisko
Брэст-Паўднёвы,52.064378,23.7501638,BY,
Закруцін,51.9449227,23.9171666,BY,
Маларыта,51.7941899,24.0860123,BY,
Хаціслаў,51.7047768,24.1740141,BY,
Poręba,50.4839619,19.3320509,PL,poreba
Pyrzowice Lotnisko,50.4681188,19.0767191,PL,pyrzowice-lotnisko
Żurawnica,50.6422637,22.9598459,PL,zurawnica
Голубево,54.6155653,20.4086902,RU,
Калининград-Мамоновский,54.679055,20.4662848,RU,
Скідзель,53.5720512,24.2240073,BY,
Lutoryż,49.9657041,21.9226015,PL,lutoryz
Metelin,50.7588018,23.846997,PL,metelin
Czerwonak,52.4685712,16.9796184,PL,czerwonak
Kiekrz,52.4763481,16.7892323,PL,kiekrz
Szamotuły,52.6020546,16.5882595,PL,szamotuy
Zbiersk,51.9477364,18.1466398,PL,zbiersk
Rudniki Koło Częstochowy,50.8782395,19.2322384,PL,rudniki-koo-czestochowy
Podchojny,50.6639147,20.320871,PL,podchojny
Kępno,51.2919541,18.0014127,PL,kepno
Чарлёна,53.4969006,24.3133215,BY,
Ваўкавыск-Цэнтральны,53.1384751,24.4139345,BY,
Свіслач,53.0158773,24.0762256,BY,
Бераставіца,53.1160831,23.9677973,BY,
Андрэевічы,53.1114641,24.3002236,BY,
Тэўлі,52.3400721,24.2362227,BY,
Bodzechów,50.9134722,21.4343993,PL,bodzechow
Maltanka,52.408437,16.9572398,PL,maltanka
Zwierzyniec,52.3997744,16.9924779,PL,zwierzyniec
Кропивник,49.0560384,24.280574,UA,
Gniezno Wąskotorowe,52.5278367,17.596505,PL,gniezno-waskotorowe
Chitila,44.5019885,25.9845891,RO,chitila
Universitate,44.4355629,26.1024682,RO,universitate
Eforie Sud,44.0338323,28.6447539,RO,eforie-sud
Piața Sudului,44.392454,26.1228383,RO,piata-sudului
Târgșoru Nou,44.9192541,25.8575396,RO,targsoru-nou
Zalhanaua,44.9079487,25.7863576,RO,zalhanaua
Mediaș,46.1599902,24.3495516,RO,medias
Beia,46.1534591,25.1851253,RO,beia
Războieni,46.4117609,23.881645,RO,razboieni
Orăștie,45.8614155,23.2100753,RO,orastie
Cristur,46.2935195,25.0389097,RO,cristur
Gara Iași,47.1654321,27.5697322,RO,gara-iasi
Târgu Frumos,47.2095343,27.0237013,RO,targu-frumos
Buftea,44.5641025,25.9572775,RO,buftea
Balotești,44.5906021,26.0987412,RO,balotesti
Moara Vlăsiei,44.6372686,26.2146535,RO,moara-vlasiei
Nicolina,47.1488579,27.5776323,RO,nicolina
Monor-Gledin,46.9611301,24.7040725,RO,monor-gledin
Cristești Jijia,47.1696713,27.7246022,RO,cristesti-jijia
Великий Кучурів,48.2025999,25.9075766,UA,
Pipera,44.4806131,26.116635,RO,pipera
București Obor,44.448712,26.1404908,RO,bucuresti-obor
Frunzănești,44.3789901,26.3431791,RO,frunzanesti
Sărățel,47.0605058,24.4039265,RO,saratel
Târgu Mureș,46.533442,24.5490958,RO,targu-mures
Târgu Mureș Nord,46.5542854,24.5643108,RO,targu-mures-nord
Cluj Napoca,46.7846249,23.5861692,RO,cluj-napoca
Vișeu de Sus,47.7013491,24.4389063,RO,viseu-de-sus
Рипањ,44.6623345,20.5069485,RS,
Alba Iulia,46.0562545,23.5769608,RO,alba-iulia
Siculeni,46.4291236,25.7744356,RO,siculeni
Remiza T. Socola h,47.1404486,27.6462715,RO,remiza-t-socola-h
Cornești,47.3628544,28.0025621,MD,cornesti
Bahmut,47.3292113,28.0837794,MD,bahmut
Călărași,47.2443178,28.334624,MD,calarasi
Visterniceni,47.0405554,28.8418115,MD,visterniceni
Roman,46.9346624,26.9199022,RO,roman
Ungheni-Prut,47.2005691,27.783825,RO,ungheni-prut
Ungheni,47.2034975,27.7998692,MD,ungheni
Mocănița Vișeu de Sus,47.7147472,24.4430182,RO,mocanita-viseu-de-sus
Aurel Vlaicu,44.4791556,26.1002318,RO,aurel-vlaicu
Preciziei,44.4305811,25.9909684,RO,preciziei
Piatra Neamț,46.9271745,26.3602664,RO,piatra-neamt
Gara de Nord 1,44.4472354,26.0765661,RO,gara-de-nord-1
Girbovi,44.7731697,26.7845788,RO,girbovi
Izvor,44.4330576,26.0895859,RO,izvor
Piața Unirii 1,44.4275409,26.1019218,RO,piata-unirii-1
Timpuri Noi,44.4169594,26.113347,RO,timpuri-noi
Dristor 1,44.4193677,26.1404644,RO,dristor-1
Petrache Poenaru,44.4454258,26.0465519,RO,petrache-poenaru
Botiz,47.8251551,22.9372829,RO,botiz
Gara Urziceni,44.7190336,26.6451447,RO,gara-urziceni
Sagna,46.9592171,27.0007838,RO,sagna
Rebricea,46.8746629,27.5672719,RO,rebricea
Bârnova,47.0130006,27.5696032,RO,barnova
Târgu Neamț,47.1998155,26.3768654,RO,targu-neamt
Вреоци,44.4489723,20.2794586,RS,
Лазаревац,44.3848753,20.2454336,RS,
Gura Humorului,47.5524128,25.9425133,RO,gura-humorului
Ilva Mica,47.3054991,24.6377878,RO,ilva-mica
Hunedoara,45.7610995,22.9004938,RO,hunedoara
Ocna Sibiului,45.8578132,24.0672403,RO,ocna-sibiului
Săcel,47.6340384,24.4587298,RO,sacel
Nimigea,47.2474557,24.2986851,RO,nimigea
Климентове,47.8145066,29.2527618,UA,
Dondușeni,48.2354049,27.6090995,MD,donduseni
Балта,47.8743769,29.6249684,UA,
Sofia,47.9544933,27.8368274,MD,sofia
111 Km,46.4645423,28.9560355,MD,111-km
Taraclia,45.9248343,28.6501249,MD,taraclia
Copșa Mică,46.1153717,24.2364065,RO,copsa-mica
Loamneș,45.9387832,24.0876183,RO,loamnes
Fetești,44.417109,27.8217763,RO,fetesti
Cataloi,45.1053575,28.7491287,RO,cataloi
Focșani,45.7012397,27.1692659,RO,focsani
Blaj,46.1761119,23.9089733,RO,blaj
Cluj Napoca Est,46.7789859,23.670864,RO,cluj-napoca-est
Câmpulung Est,47.5175093,25.5946425,RO,campulung-est
Књажевац,43.5714176,22.2513857,RS,
Ciulnița,44.4274449,27.3509204,RO,ciulnita
Cernavodă Pod,44.3373708,28.0251468,RO,cernavoda-pod
Vaslui,46.6265431,27.7270781,RO,vaslui
Stolniceni,47.4148716,27.7177657,MD,stolniceni
Larga Jijia,47.3317514,27.383172,RO,larga-jijia
Chișinău,47.013054,28.8602002,MD,chisinau
Petrești,47.2878096,27.7450396,RO,petresti
Saline HC,46.2824415,26.607,RO,saline-hc
Costin Georgian,44.4351219,26.1691265,RO,costin-georgian
Republica,44.4344205,26.1853096,RO,republica
Nicolae Grigorescu 1,44.4135723,26.1606064,RO,nicolae-grigorescu-1
1 Decembrie 1918,44.4105518,26.1737975,RO,1-decembrie-1918
Teiș Hm,44.9406124,25.4437144,RO,teis-hm
București Basarab,44.4504051,26.0674315,RO,bucuresti-basarab
Сопот Космајски,44.5237627,20.611635,RS,
Кусадак,44.3759908,20.8289016,RS,
Велика Плана,44.325157,21.0825983,RS,
Марковац,44.2391251,21.0963972,RS,
Лапово,44.1577489,21.1022257,RS,
Бадњевац,44.1300281,20.9801588,RS,
Баточина,44.155588,21.0752592,RS,
Градац,44.1464152,21.0216575,RS,
Јовановац,44.0556424,20.9766929,RS,
Грошница,43.9949038,20.8765475,RS,
Драгобраћа,43.9732298,20.8206323,RS,
Кнић,43.9329084,20.7485551,RS,
Гружа,43.8923477,20.7678428,RS,
Губеревац,43.8387412,20.7738496,RS,
Витковац,43.7914417,20.7904669,RS,
Витановац,43.7270424,20.8016056,RS,
Краљево,43.72856,20.6934509,RS,
Матарушка Бања,43.6969848,20.6016322,RS,
Богутовачка Бања,43.6527791,20.5575185,RS,
Полумир,43.5329006,20.6099163,RS,
Нова Пазова,44.9376742,20.2100069,RS,
Câmpulung Moldovenesc,47.5336366,25.5527955,RO,campulung-moldovenesc
Turnișor,45.8006116,24.1301532,RO,turnisor
Cahul,45.9225188,28.1928887,MD,cahul
Vadu Lat,44.3431182,25.7017836,RO,vadu-lat
Văculești,47.8945329,26.4402436,RO,vaculesti
Râmnicu Vâlcea,45.1032547,24.3726801,RO,ramnicu-valcea
Piața Iancului,44.4416951,26.1323219,RO,piata-iancului
Смедеревска Паланка,44.3628409,20.959777,RS,
Tălmaciu,45.6696135,24.2676637,RO,talmaciu
Fișcălia,44.8168948,24.2465999,RO,fiscalia
Кодима,48.0912018,29.1213883,UA,
Putna Seacă,45.805083,27.1967761,RO,putna-seaca
Hanu Conachi,45.5824838,27.5942736,RO,hanu-conachi
Râșnov h.,45.5892036,25.4406077,RO,rasnov-h
Zărnești,45.5627599,25.3285212,RO,zarnesti
Bartolomeu,45.6625657,25.5745694,RO,bartolomeu
Cristian Hm.,45.6177808,25.4798603,RO,cristian-hm
Șendreni,45.4103329,27.9225504,RO,sendreni
Șerbeștii Vechi hc,45.4219909,27.8763314,RO,serbestii-vechi-hc
Vasile Alecsandri hc,45.4509971,27.7961846,RO,vasile-alecsandri-hc
Piscu hc,45.506434,27.7200628,RO,piscu-hc
Vameș,45.5348021,27.7000875,RO,vames
Tudor Vladimirescu hc,45.5677585,27.6399126,RO,tudor-vladimirescu-hc
Șerbănești hc,45.6139656,27.5525684,RO,serbanesti-hc
Liești,45.6332931,27.5384662,RO,liesti
Bucești hc,45.6605257,27.5286614,RO,bucesti-hc
Ivești,45.6879919,27.5165923,RO,ivesti
Umbrărești Hm,45.7240726,27.4922108,RO,umbraresti-hm
Barcea,45.76844,27.4751002,RO,barcea
Cosmești,45.8596876,27.3352906,RO,cosmesti
General Eremia Grigorescu,45.8501936,27.2778377,RO,general-eremia-grigorescu
General Traian Moșoiu hc.,45.5686958,25.3496532,RO,general-traian-mosoiu-hc
Sinești Hm.,44.4655,24.673124,RO,sinesti-hm
Corbu,44.4957789,24.7089903,RO,corbu
Potcoava,44.4709616,24.6033675,RO,potcoava
Bălteni Olt,44.4539712,24.521276,RO,balteni-olt
Recea Hm.,44.438112,24.457753,RO,recea-hm
Земун,44.8367127,20.3717998,RS,
Simeria,45.8464675,23.0141114,RO,simeria
Barboși,45.4020585,27.9882723,RO,barbosi
Piața Victoriei 2,44.4526258,26.086432,RO,piata-victoriei-2
Piața Victoriei 1,44.4519552,26.0870771,RO,piata-victoriei-1
Piața Romană,44.4453569,26.0976999,RO,piata-romana
Tineretului,44.4153732,26.1045107,RO,tineretului
Eroii Revoluției,44.4037845,26.0966525,RO,eroii-revolutiei
Aviatorilor,44.4660312,26.086642,RO,aviatorilor
Constantin Brâncoveanu,44.3986492,26.1091174,RO,constantin-brancoveanu
Apărătorii Patriei,44.3793895,26.1350678,RO,aparatorii-patriei
Dimitrie Leonida,44.3688223,26.1435811,RO,dimitrie-leonida
Berceni,44.3612654,26.1492822,RO,berceni
Grozăvești,44.4427354,26.0603602,RO,grozavesti
Lujerului,44.4343812,26.0325846,RO,lujerului
Gorjului,44.4342111,26.02128,RO,gorjului
Piața Muncii,44.4318261,26.1386757,RO,piata-muncii
Fălești,47.5490143,27.740621,MD,falesti
Huși,46.6753695,28.0450744,RO,husi
Котлабух,45.6269666,28.9766051,UA,
Dristor 2,44.4204778,26.139415,RO,dristor-2
Crângași,44.4519125,26.0471454,RO,crangasi
Filești,45.4439205,28.0070577,RO,filesti
Hiliuți,47.6786909,27.7497767,MD,hiliuti
Ізмаїл,45.3599802,28.8121384,UA,
Alexăndreni,47.8073485,28.0652581,MD,alexandreni
Florești,47.8854552,28.3073422,MD,floresti
Ghindești,47.8613236,28.376454,MD,ghindesti
Baldovinești,45.3254421,27.9067025,RO,baldovinesti
Urleasca,45.1683096,27.6214175,RO,urleasca
Dedulești,45.1093339,27.4004137,RO,dedulesti
Buzău Sud,45.1213348,26.8687147,RO,buzau-sud
Buzău Nord,45.1666216,26.7733006,RO,buzau-nord
Cireșu,44.9706205,27.3699658,RO,ciresu
Gara Scărlătești hc,44.9400811,27.3947677,RO,gara-scarlatesti-hc
Gara Dudești hc,44.8888504,27.4363456,RO,gara-dudesti-hc
Gara Spicu,44.8152973,27.5117792,RO,gara-spicu
Gara Murgeanca,44.742065,27.574157,RO,gara-murgeanca
Gara Țăndărei,44.647125,27.6482381,RO,gara-tandarei
Platonești,44.5979344,27.6773715,RO,platonesti
Gara Movila,44.5399529,27.7175908,RO,gara-movila
Bărăganu,44.4199803,27.6968876,RO,baraganu
Ramificația Borcea Hm,44.3857688,27.8446038,RO,ramificatia-borcea-hm
Ovidiu,44.3747246,27.8783826,RO,ovidiu
Dunărea Hm.,44.352273,27.969174,RO,dunarea-hm
Agigea Nord,44.1269038,28.6348372,RO,agigea-nord
Strășeni,47.1499755,28.6200305,MD,straseni
Șieu,47.0036333,24.6053497,RO,sieu
Drochia,48.0308608,27.8098753,MD,drochia
Rediul Mare,48.2692036,27.4925896,MD,rediul-mare
Зајечар,43.9049855,22.2728935,RS,
Toplița,46.9241308,25.3431032,RO,toplita
Буштино,48.0563607,23.4942211,UA,
Хуст,48.1616676,23.2978756,UA,
Рокосово,48.1909702,23.2090075,UA,
Plaiul Vulcănești,44.3110071,23.8536759,RO,plaiul-vulcanesti
Grădinari,44.3819512,25.824678,RO,gradinari
Miroși,44.4338347,24.945214,RO,mirosi
Costești,44.6679003,24.8774291,RO,costesti
Piatra Olt,44.3680208,24.2549132,RO,piatra-olt
Balaci Hm,44.3562024,24.9628527,RO,balaci-hm
Cernele,44.3554211,23.755597,RO,cernele
Bucureștii Noi,44.475659,26.0154496,RO,bucurestii-noi
Chiajna,44.4704456,25.9803038,RO,chiajna
Craiova,44.3288256,23.8166865,RO,craiova
Pielești,44.3189555,23.9560726,RO,pielesti
Iacobeni,47.4189392,25.3089224,RO,iacobeni
Vatra Dornei,47.3523532,25.3579572,RO,vatra-dornei
Independența,45.4781013,27.7618128,RO,independenta
Găgeni,45.0240419,25.937132,RO,gageni
Basarabeasca,46.3272086,28.9839414,MD,basarabeasca
Вадул-Сірет,48.0237301,25.9599589,RO,
Глибока-Буковинська,48.0801769,25.9335566,UA,
Luduș,46.4673689,24.0890235,RO,ludus
Карапчів,48.0940458,25.841893,UA,
Сторожинець,48.1554472,25.7258489,UA,
Вижниця,48.2492167,25.192936,UA,
Bocicoi,47.9574306,24.0233273,RO,bocicoi
Leordina,47.7853835,24.2587494,RO,leordina
Zalău Nord,47.2207387,23.040964,RO,zalau-nord
Mereni,46.9224661,29.0573417,MD,mereni
Corlătești,44.8998939,26.1195966,RO,corlatesti
Крушевац,43.5875493,21.3274127,RS,
Zloți,46.6955276,28.8962132,MD,zloti
Gura Putnei,47.9151026,25.6237736,RO,gura-putnei
Putna,47.8702438,25.6148018,RO,putna
Telciu,47.4213917,24.3951751,RO,telciu
Bender-1,46.8271414,29.4714132,MD,bender-1
Томашевац,45.2444805,20.6081098,RS,
Coșbuc,47.3736276,24.3915748,RO,cosbuc
Halta Romuli,47.540314,24.435681,RO,halta-romuli
Zaim,46.6110555,29.3183373,MD,zaim
Râmnicu Sărat,45.3794395,27.0581487,RO,ramnicu-sarat
Borla,47.2741399,22.9431144,RO,borla
Mândrești,47.9057126,26.7471131,RO,mandresti
Ploiești Vest,44.9245308,25.994584,RO,ploiesti-vest
Ploiești Est,44.9364083,26.0813529,RO,ploiesti-est
Ciadîr-Lunga,46.0758639,28.8374349,MD,ciadir-lunga
Дебељача,45.0719435,20.6130952,RS,
Abaclia,46.3589982,28.8989654,MD,abaclia
Jiului,44.4815504,26.0415378,RO,jiului
Gura Humorului Oraș,47.5508009,25.8827654,RO,gura-humorului-oras
Чудєй,48.0526424,25.63182,UA,
Iza,47.657211,24.3775214,RO,iza
Воронково,47.7146007,29.1088322,MD,
Ghidighici,47.0729278,28.7535937,MD,ghidighici
Botoșani,47.7530234,26.6443224,RO,botosani
Vălenii de Munte,45.1795094,26.0342198,RO,valenii-de-munte
Bălți Oraș,47.7610757,27.9100091,MD,balti-oras
Țîra,47.8609672,28.4394768,MD,tira
Apoldu de Sus,45.8527924,23.8042961,RO,apoldu-de-sus
Apoldu de Jos,45.8784827,23.8327445,RO,apoldu-de-jos
Cimișlia,46.5366797,28.9273661,MD,cimislia
Bulboaca,46.8892594,29.2903288,MD,bulboaca
Lunca de Sus,46.5380059,25.9639462,RO,lunca-de-sus
Câmpia Turzii,46.5471887,23.8794019,RO,campia-turzii
Bâlca,46.1568892,26.9890388,RO,balca
Criva,48.2693268,26.6735423,RO,criva
Jamu Mare,45.2553219,21.4018315,RO,jamu-mare
Уљма,45.0511059,21.1555459,RS,
Мамалига,48.2525551,26.5753542,RO,
Берегомет,48.1734142,25.3387993,UA,
Іспас,48.2984683,25.2522739,UA,
Чернівці-Південна,48.2654418,25.9576228,UA,
Bălți-Slobozia,47.7861097,27.9259845,MD,balti-slobozia
Панчево Војловица,44.8592465,20.6555222,RS,
Петрівка,47.6130599,29.6647454,UA,
Рудниця,48.2605535,28.9344659,UA,
Mizil,44.9940503,26.4376569,RO,mizil
Pătârlagele,45.3244857,26.3576114,RO,patarlagele
Crasna,46.5065123,27.8243703,RO,crasna
Târgu Secuiesc,45.9916084,26.1382099,RO,targu-secuiesc
Sebeș Alba,45.9577309,23.5797925,RO,sebes-alba
Întorsura Buzăului,45.6750938,26.0273012,RO,intorsura-buzaului
Алексинац,43.5081673,21.6934397,RS,
Сталаћ,43.6822332,21.4149603,RS,
Breaza,45.1728691,25.685596,RO,breaza
Мајданпек,44.3819166,21.8892784,RS,
Волуја,44.4836999,21.7787428,RS,
Попелюхи,48.2152324,28.9757163,UA,
Covasna,45.8581148,26.1466716,RO,covasna
Brateș,45.8425942,26.0716837,RO,brates
Țufalău,45.8337938,26.0339677,RO,tufalau
Boroșneu Mare,45.8252481,26.0106487,RO,borosneu-mare
Aiud,46.3126359,23.73503,RO,aiud
Пожаревац,44.6140312,21.1870761,RS,
Мала Крсна,44.5846832,21.0024483,RS,
Овчар Бања,43.9034825,20.1927366,RS,
Березине,46.2303525,29.2060337,UA,
Căinari,46.6757904,29.0956785,MD,cainari
Colibași,45.7190842,28.1719061,RO,colibasi
Нови Бечеј,45.6038174,20.1524238,RS,
Bârlad,46.2150343,27.6732486,RO,barlad
Găești,44.7139767,25.3038669,RO,gaesti
Someș Odorhei,47.3320636,23.2694799,RO,somes-odorhei
Benesat,47.4069081,23.2907993,RO,benesat
Mireșu Mare,47.4992852,23.3407509,RO,miresu-mare
Cuciulat,47.3201037,23.4142185,RO,cuciulat
Băbuțeni,47.2969057,23.393605,RO,babuteni
Surduc Sălaj,47.2485407,23.3391131,RO,surduc-salaj
Bicaz,46.9084995,26.0987616,RO,bicaz
Halta Măgurele Sud,45.0829468,26.033888,RO,halta-magurele-sud
Адрани,43.7654372,20.6285647,RS,
Багрдан,44.0831647,21.1801143,RS,
Уздин,45.2028977,20.6342156,RS,
Банатско Ново Село,44.9763701,20.7856585,RS,
Банатски Карловац,45.0557832,21.0162563,RS,
Mirșid,47.2312629,23.1324927,RO,mirsid
Раља,44.5680929,20.5613006,RS,
Крњево-Трновче,44.410286,21.0727624,RS,
Лозовик-Сараорци,44.4770299,21.0702398,RS,
Осипаоница,44.5347305,21.0561886,RS,
Радинац,44.6166776,20.9683807,RS,
Колари,44.5817088,20.9002178,RS,
Умчари,44.5789882,20.74493,RS,
Мали Пожаревац,44.569259,20.6656349,RS,
Мала Иванча,44.5772494,20.6148951,RS,
Бели Поток,44.7147237,20.5196936,RS,
Степојевац,44.4967343,20.3103624,RS,
Лајковац,44.367859,20.1642257,RS,
Словац,44.3471725,20.0932089,RS,
Заблаће,43.844001,20.4476684,RS,
Самаила,43.7776853,20.5594714,RS,
Мршинци,43.8184365,20.4829401,RS,
Пријевор,43.9086238,20.2822463,RS,
Драгачево,43.880676,20.1144802,RS,
Ucea,45.7922218,24.6773558,RO,ucea
Arpaș,45.784056,24.6116305,RO,arpas
Voila,45.8192514,24.8339961,RO,voila
Јагодина,43.9822908,21.2634033,RS,
Параћин,43.8648285,21.3988206,RS,
Браљина,43.6573632,21.4832712,RS,
Ђунис,43.6049095,21.5132537,RS,
Корман,43.5526839,21.6124369,RS,
Минићево,43.6865064,22.2911359,RS,
Грљан,43.8558898,22.2901492,RS,
Рготина,44.0071878,22.2796042,RS,
Мали Кривељ,44.1185951,22.0641925,RS,
Влаоле,44.2573026,22.0023087,RS,
Церово,44.1874244,22.0156168,RS,
Babadag,44.8922135,28.7061401,RO,babadag
Seini,47.7378875,23.2846991,RO,seini
Cițcău,47.2127351,23.7769187,RO,citcau
Gâlgău,47.2799983,23.697646,RO,galgau
Șercaia,45.8162852,25.1491028,RO,sercaia
Ticvanu Mic h.,45.0915368,21.6708218,RO,ticvanu-mic-h
Ghimbav,45.6697766,25.5092325,RO,ghimbav
Ozun,45.7995464,25.8397247,RO,ozun
Moinești,46.4693961,26.4883064,RO,moinesti
Comănești,46.4209655,26.4505035,RO,comanesti
Komrat,46.362691,28.6601595,MD,komrat
Codlea,45.6935223,25.4569323,RO,codlea
Floreni,47.3593304,25.2219309,RO,floreni
Apa,47.7680189,23.1876619,RO,apa
Medieșu Aurit,47.7751522,23.12045,RO,mediesu-aurit
Predeal,45.5050589,25.5749331,RO,predeal
Săliște,45.807406,23.9000931,RO,saliste
Fălticeni,47.463669,26.3098116,RO,falticeni
Stamora Moravița,45.2732773,21.2550556,RO,stamora-moravita
Врњачка Бања,43.6390228,20.9259921,RS,
Кошеви,43.585452,21.2473634,RS,
Anghel Saligny,44.405386,26.2089197,RO,anghel-saligny
Belcești,47.2977328,27.081715,RO,belcesti
Арциз,45.9970579,29.4201956,UA,
Bucecea,47.7618428,26.4417225,RO,bucecea
Тересва,47.9957291,23.7004651,RO,
Солотвино-1,47.9498658,23.877328,UA,1
Солотвино-2,47.9604449,23.8777346,UA,2
Trușești,47.7654196,27.004586,RO,trusesti
Орловат стајалиште,45.2509008,20.5829413,RS,
Budila,45.682005,25.8135526,RO,budila
Hărman,45.6980871,25.6871262,RO,harman
Aghireș hc,46.8733153,23.2471325,RO,aghires-hc
Berheci,45.9750384,27.43917,RO,berheci
Golești,44.8365343,24.9664719,RO,golesti
Pogoanele,44.8848269,26.9989859,RO,pogoanele
Salva,47.3021809,24.3400746,RO,salva
Tulucești,45.5625194,28.0495246,RO,tulucesti
Udresti hc,45.1829956,27.2296537,RO,udresti-hc
Dragalina Hm,46.1605426,27.5991518,RO,dragalina-hm
Gălbinași Hm,44.3130516,26.4132946,RO,galbinasi-hm
Tutova,46.1094449,27.5533125,RO,tutova
Canta hc,46.4635207,24.5482599,RO,canta-hc
Cipău hm,46.434207,24.272922,RO,cipau-hm
Gârbovu,44.7322485,23.3573578,RO,garbovu
Pârscov,45.278685,26.5512843,RO,parscov
Rădești Halta,45.0743303,25.0012114,RO,radesti-halta
Stâlpeni,45.047109,24.9823136,RO,stalpeni
Argeșel,45.2762275,25.1155893,RO,argesel
Pajura,44.4793641,26.0233283,RO,pajura
Târgu Ocna,46.2793447,26.6261188,RO,targu-ocna
Titan,44.4257917,26.162722,RO,titan
Aluniș Mureș,46.9001592,24.8236752,RO,alunis-mures
Bistra Mureșului,46.9606246,24.9085142,RO,bistra-muresului
Deda,46.9414407,24.8660387,RO,deda
Gligorești,46.4417795,23.9953155,RO,gligoresti
Socola,47.1388769,27.6064381,RO,socola
Călărași Turda,46.4875101,23.8852135,RO,calarasi-turda
Лесково,44.3168155,21.9419113,RS,
Cornuțel Banat,45.4297236,22.0938425,RO,cornutel-banat
Brăișoru,46.8805127,22.9198324,RO,braisoru
Ocna Mureș,46.3910065,23.8580015,RO,ocna-mures
Reșița Sud,45.2915375,21.8867876,RO,resita-sud
Agigea Ecluză Hm.,44.0895208,28.6243926,RO,agigea-ecluza-hm
Bâldana,44.6205991,25.7815972,RO,baldana
Dej Călători,47.1415273,23.8943143,RO,dej-calatori
Beclean pe Someș,47.1767061,24.1821379,RO,beclean-pe-somes
Anina,45.0895259,21.8522623,RO,anina
Vlădeni,47.4062343,27.3241639,RO,vladeni
Apahida,46.7915298,23.7426461,RO,apahida
Podu Iloaei,47.2090706,27.2837668,RO,podu-iloaei
Gara Sârca,47.2156742,27.1513251,RO,gara-sarca
Ciurea,47.0967872,27.5671839,RO,ciurea
Lețcani,47.1945067,27.3921238,RO,letcani
Coșlariu Nou,46.1727447,23.6769562,RO,coslariu-nou
Pitești Nord,44.869893,24.8612331,RO,pitesti-nord
Sighetu Marmației,47.9357987,23.8853623,RO,sighetu-marmatiei
Berchișești,47.5156693,26.0205191,RO,berchisesti
Ploiești Est Post 1,44.9394726,26.0585082,RO,ploiesti-est-post-1
Ditrău,46.7977406,25.4761531,RO,ditrau
Lipcani,48.2902515,26.7859993,RO,lipcani
Cărbunești,44.955076,23.5084759,RO,carbunesti
Cobîlnea,47.8578227,28.6061663,MD,cobilnea
Unchitești,47.9075112,28.4899157,MD,unchitesti
Rogojeni,47.8326055,28.4425656,MD,rogojeni
Sipoteni,47.2794081,28.2061947,MD,sipoteni
Bucovăț,47.1873901,28.4569995,MD,bucovat
Calfa,46.9086361,29.3675151,MD,calfa
Bălțați,46.838771,28.9511261,MD,baltati
Iargara,46.4235598,28.4318522,MD,iargara
Prut-2,46.2731391,28.1885866,MD,prut-2
Prut,46.2831351,28.2333876,MD,prut
Chiriutnea (Corten),46.0056143,28.769385,MD,chiriutnea-corten
208 Km,45.833152,28.6001886,UA,208-km
Greceni,45.7592077,28.5322045,UA,greceni
Etulia,45.545864,28.4294748,MD,etulia
Рені-Наливна,45.4385643,28.3007737,UA,
Cuci Hm,46.4602902,24.1635969,RO,cuci-hm
Valea Sadului,45.1828301,23.3848823,RO,valea-sadului
Ohaba de Sub Piatră,45.5487124,22.9898526,RO,ohaba-de-sub-piatra
Gara Pui,45.5193461,23.0838972,RO,gara-pui
Subcetate,45.5950051,22.992571,RO,subcetate
Berbești,44.990226,23.873526,RO,berbesti
Călan Băi,45.7591573,23.0006209,RO,calan-bai
Pietrele Albe,45.306842,23.3838254,RO,pietrele-albe
Gara Râpa de Jos,46.9226799,24.7810019,RO,gara-rapa-de-jos
Gara Reteag,47.1875874,24.0229906,RO,gara-reteag
Gara Albeni,45.0135073,23.5690636,RO,gara-albeni
Стиг,44.6726299,21.314769,RS,
Чешљева Бара,44.6241346,21.4899203,RS,
Раброво-Клење,44.5960231,21.5135511,RS,
Звижд,44.5315581,21.5945748,RS,
Каона,44.4891322,21.6351939,RS,
Кучево,44.4722513,21.6752875,RS,
Бродица,44.4840807,21.821628,RS,
Теково (Гудя),48.1234626,23.1102816,UA,
Чорнотисів,48.0709243,23.0561245,UA,
Goioasa,46.4496003,26.2922941,RO,goioasa
Lehliu,44.4380255,26.8578391,RO,lehliu
Ghimeș,46.5682877,26.0891994,RO,ghimes
Palanca,46.5346772,26.1296725,RO,palanca
Costinești,43.9592432,28.6361868,RO,costinesti
Главані,45.8606494,29.2213689,UA,
Давлет-Агач,45.9457287,29.2729191,UA,
Ґнаденталь,45.9890426,29.5362396,UA,
Сарата,46.0156557,29.679012,UA,
Ташбунар,45.5186186,28.9222687,UA,
Дзинілор,45.6510486,29.1146039,UA,
Аліяга,45.7903593,29.1879977,UA,
Curtea de Argeș,45.1361252,24.672349,RO,curtea-de-arges
Pădureni Timiș,45.5982838,21.192536,RO,padureni-timis
Oravița,45.037197,21.6871295,RO,oravita
Mărișelu,47.0187274,24.5012646,RO,mariselu
Capu Midia,44.3501253,28.6604643,RO,capu-midia
Dor Mărunt,44.4348074,26.9574372,RO,dor-marunt
Dragoș Vodă,44.4309164,27.1866091,RO,dragos-voda
Dâlga,44.4334457,27.0461333,RO,dalga
Jegălia,44.4226594,27.5841762,RO,jegalia
Năvodari,44.312154,28.5967102,RO,navodari
Perișoru,44.4243929,27.5058313,RO,perisoru
Saligny Grupa Est,44.3009933,28.0664043,RO,saligny-grupa-est
Ștefan Vodă,44.3238922,27.3279618,RO,stefan-voda
Borlești-Argeș,44.9412194,24.772474,RO,borlesti-arges
Bucșenești,45.0152662,24.9661447,RO,bucsenesti
Băiculești,45.0552246,24.6944299,RO,baiculesti
Ciumești,44.9263481,24.8848263,RO,ciumesti
Câmpulung,45.2594329,25.0375141,RO,campulung
Gropeni,44.8820557,24.8836925,RO,gropeni
Lăzărești,45.1479267,24.9910881,RO,lazaresti
Mioveni,44.9521582,24.9108796,RO,mioveni
Ion C. Brătianu,44.8628447,24.9198851,RO,ion-c-bratianu
Verești,47.6078087,26.4389556,RO,veresti
Vlădeni Ardeal,45.7635043,25.3743151,RO,vladeni-ardeal
Perșani,45.7867375,25.1985352,RO,persani
Ратина,43.7131688,20.7524483,RS,
Почековина,43.5919323,21.0759143,RS,
Porumbacu,45.7660922,24.4559964,RO,porumbacu
Avrig,45.732093,24.3742321,RO,avrig
Racovița,45.6855947,24.3365585,RO,racovita
Cristian Sibiu,45.7763281,24.0250924,RO,cristian-sibiu
Orlat,45.761365,23.9716371,RO,orlat
Cunța,45.9282573,23.7190955,RO,cunta
Blandiana,45.9666667,23.4402561,RO,blandiana
Șibot,45.9292148,23.3306097,RO,sibot
Turdaș,45.8366299,23.1141569,RO,turdas
Sântimbru,46.1267194,23.6321754,RO,santimbru
Bărăbanț,46.0907953,23.5992156,RO,barabant
Arcești,44.453766,24.2571073,RO,arcesti
Drăgășani,44.6629934,24.2574504,RO,dragasani
Zăvideni,44.7543878,24.2480414,RO,zavideni
Ionești,44.8731803,24.2312231,RO,ionesti
Băbeni,44.9593304,24.2387289,RO,babeni
Govora,45.0240276,24.2832415,RO,govora
Râureni,45.0608548,24.3300346,RO,raureni
Călimănești,45.2357801,24.354876,RO,calimanesti
Lotru,45.3471276,24.2745529,RO,lotru
Cornet,45.401117,24.300348,RO,cornet
Câineni,45.4911554,24.3023007,RO,caineni
Valea Mărului,45.601147,24.2641183,RO,valea-marului
Simeria Triaj,45.8280952,23.0132346,RO,simeria-triaj
Bretea Streiului,45.6529215,22.9963271,RO,bretea-streiului
Baru Mare,45.474956,23.1449281,RO,baru-mare
Merișor,45.4557289,23.2317824,RO,merisor
Crivadia,45.4636024,23.197047,RO,crivadia
Țânțăreni,44.5979301,23.5047175,RO,tantareni
Gilort,44.6563311,23.5238283,RO,gilort
Turburea,44.7145394,23.511224,RO,turburea
Bărbătești,44.8718036,23.5114259,RO,barbatesti
Jupânești,44.9092868,23.5189787,RO,jupanesti
Pojogeni,44.9921498,23.4853951,RO,pojogeni
Copăcioasa,45.0245827,23.4312589,RO,copacioasa
Lunca Budieni,45.0201907,23.3590256,RO,lunca-budieni
Parangu,45.1105544,23.3428211,RO,parangu
Popești Vâlcea,44.9862068,24.0854347,RO,popesti-valcea
Copăceni,44.9888498,23.9724863,RO,copaceni
Alunu,44.9870442,23.8254883,RO,alunu
Bârcea Mică,45.8314293,22.9486265,RO,barcea-mica
Zlatna Technica,46.0870625,23.2723698,RO,zlatna-technica
Lupeni,45.3429841,23.1850419,RO,lupeni
Eroilor,44.4350477,26.0756528,RO,eroilor
Nicolae Grigorescu 2,44.4133084,26.160902,RO,nicolae-grigorescu-2
Basarab 2 - M4,44.4508289,26.0684779,RO,basarab-2-m4
Basarab 1 - M1,44.4507456,26.068372,RO,basarab-1-m1
Gara de Nord 2,44.4473488,26.0738048,RO,gara-de-nord-2
Feldioara,45.8252249,25.5867842,RO,feldioara
Apața,45.9524742,25.5360275,RO,apata
Gara Racoș,46.0217515,25.4216291,RO,gara-racos
Rupea,46.017855,25.2782599,RO,rupea
Daneș,46.2250083,24.7033572,RO,danes
Ațel,46.1966956,24.4746304,RO,atel
Micăsasa,46.089436,24.1119706,RO,micasasa
Valea Lungă,46.118771,24.035346,RO,valea-lunga
Mănărade,46.1448915,23.9769604,RO,manarade
Câmpu Libertății,46.1723393,23.9400997,RO,campu-libertatii
Crăciunel,46.1726909,23.8433926,RO,craciunel
București Sud Gr. Călători,44.4247938,26.2250865,RO,bucuresti-sud-gr-calatori
Titu,44.6617532,25.5694886,RO,titu
Slănic,45.2317521,25.9387561,RO,slanic
Preasna,44.4450503,26.7523154,RO,preasna
Roșu,47.3538412,25.3033145,RO,rosu
Surduc Banat,45.2647053,21.5859201,RO,surduc-banat
Berzovia,45.4185016,21.6326934,RO,berzovia
Moniom,45.3529391,21.8292464,RO,moniom
Gradinari Caras,45.1174801,21.5957316,RO,gradinari-caras
Agadici h.,45.076552,21.7027504,RO,agadici-h
Dealu Ștefăniței,47.5812606,24.4219937,RO,dealu-stefanitei
Câmpina,45.1321872,25.7116461,RO,campina
Florești Prahova,45.0298603,25.8101181,RO,floresti-prahova
Breaza Nord,45.2149552,25.6482366,RO,breaza-nord
Nistorești,45.1944782,25.6724006,RO,nistoresti
Valea Călugărească,44.9516431,26.1660749,RO,valea-calugareasca
Brazi,44.8629401,26.0270088,RO,brazi
Crivina,44.7594603,26.0261025,RO,crivina
Periș,44.6780851,25.9970797,RO,peris
Cricov,44.9439333,26.2363013,RO,cricov
Săhăteni,45.0296238,26.5181817,RO,sahateni
Cotești,45.6316198,27.1494924,RO,cotesti
Boboc Hm.,45.2094997,26.9287514,RO,boboc-hm
Sihlea,45.5035801,27.1134516,RO,sihlea
Băile Sărata Monteoru,45.1006777,26.7020332,RO,baile-sarata-monteoru
Ulmeni,45.0813409,26.6516177,RO,ulmeni
Gugești,45.5670434,27.1311846,RO,gugesti
Pădureni Putna,45.9320367,27.2159546,RO,padureni-putna
Pufești,46.005358,27.2006881,RO,pufesti
Adjud,46.0983775,27.1921939,RO,adjud
Orbeni,46.2777049,27.0579584,RO,orbeni
Sascut,46.2073323,27.1095925,RO,sascut
Răcăciuni,46.3321208,27.0116895,RO,racaciuni
Valea Seacă,46.4765538,26.9350382,RO,valea-seaca
Itești,46.6675123,26.897157,RO,itesti
Galbeni,46.7474752,26.8820801,RO,galbeni
Secuieni Roman,46.8466073,26.8798769,RO,secuieni-roman
Mircești,47.0612475,26.8420053,RO,mircesti
Hălăucești,47.0939593,26.8181626,RO,halaucesti
Muncel,47.1661567,26.747512,RO,muncel
Pașcani,47.2569078,26.7245378,RO,pascani
Ruginoasa,47.241113,26.8435472,RO,ruginoasa
Aghireș,46.8656327,23.2781727,RO,aghires
Gârbău,46.831019,23.3589115,RO,garbau
Coldău,47.1810988,24.1188777,RO,coldau
Bonțida,46.9251591,23.7851207,RO,bontida
Iclod,46.9782385,23.8164046,RO,iclod
Fundătura,46.959009,23.800885,RO,fundatura
Măgheruș Șieu,47.1016231,24.3527782,RO,magherus-sieu
Borzia,46.9702357,24.9326986,RO,borzia
Voșlăbeni,46.6458426,25.6177867,RO,voslabeni
Stinceni,46.954751,25.2405746,RO,stinceni
Subcetate Mureș,46.8624569,25.440163,RO,subcetate-mures
Lăzarea hc,46.7425182,25.5289384,RO,lazarea-hc
Izvoru Mureșului,46.6267789,25.7159872,RO,izvoru-muresului
Izvoru Oltului,46.5677547,25.7953484,RO,izvoru-oltului
Asău,46.4343341,26.3878084,RO,asau
Simbrea,46.4892596,26.2170971,RO,simbrea
Valea Uzului,46.3806995,26.4936602,RO,valea-uzului
Dofteana Bacău,46.3313062,26.5340326,RO,dofteana-bacau
Cireșoaia,46.2956687,26.5619475,RO,ciresoaia
Borzești Bacău,46.2216667,26.8552172,RO,borzesti-bacau
Căiuți,46.1864511,26.9299232,RO,caiuti
Urechești,46.1320576,27.0909696,RO,urechesti
Tușnad Sat,46.1902771,25.8931601,RO,tusnad-sat
Bodoc,45.9445161,25.8430306,RO,bodoc
Jena,45.590266,22.0817246,RO,jena
Tapia,45.6504942,21.9673083,RO,tapia
Balta Sărată,45.3825951,22.2338002,RO,balta-sarata
Găvojdia,45.6225447,22.0245036,RO,gavojdia
Căvăran,45.5486051,22.1387387,RO,cavaran
Valea Timișului,45.3541184,22.2526748,RO,valea-timisului
Armeniș,45.1967272,22.3093545,RO,armenis
Vălișoara,45.3049282,22.2822592,RO,valisoara
Slatina-Timiș,45.2495968,22.3029699,RO,slatina-timis
Teregova,45.1547148,22.3045686,RO,teregova
Poarta,45.1110832,22.2959685,RO,poarta
Mehadia Nouă,44.8788528,22.3834507,RO,mehadia-noua
Domașnea Cornea,45.0595722,22.308327,RO,domasnea-cornea
Crușovăț,44.9958362,22.3284119,RO,crusovat
Drobeta Turnu Severin Mf.,44.6084665,22.7322036,RO,drobeta-turnu-severin-mf
Iablanița,44.9423183,22.3265964,RO,iablanita
Valea Cernei,44.7684311,22.3911536,RO,valea-cernei
Topleț,44.8065541,22.3855638,RO,toplet
Gura Văii,44.6600605,22.5603357,RO,gura-vaii
Drobeta Turnu Severin Est,44.6223426,22.685024,RO,drobeta-turnu-severin-est
Valea Albă,44.6008708,22.7948133,RO,valea-alba
Balota,44.6182165,22.8012161,RO,balota
Prunișor,44.6065086,22.9218657,RO,prunisor
Tâmna,44.5910546,23.0386559,RO,tamna
Ciochiuța,44.6031394,23.1255126,RO,ciochiuta
Girnita,44.6135827,22.8489765,RO,girnita
Igiroasa,44.5888697,22.975199,RO,igiroasa
Strehaia,44.6113512,23.2197059,RO,strehaia
Butoiești,44.5861387,23.3545169,RO,butoiesti
Gura Motrului,44.5734479,23.4322195,RO,gura-motrului
Răcari,44.5151924,23.574056,RO,racari
Coțofeni,44.460952,23.6669111,RO,cotofeni
Ișalnița,44.4045292,23.7158048,RO,isalnita
Craiova Triaj,44.3417022,23.7819162,RO,craiova-triaj
Bumbești,45.1560628,23.376692,RO,bumbesti
Ecaterina Teodoroiu,45.0666479,23.3012511,RO,ecaterina-teodoroiu
Cârbești,44.9486194,23.1898123,RO,carbesti
Rogojelu,44.9260169,23.1350675,RO,rogojelu
Rovinari,44.9048167,23.1478586,RO,rovinari
Plopșoru,44.8014775,23.3344676,RO,plopsoru
Turceni,44.6770119,23.388511,RO,turceni
Mogoșeni,47.2083194,24.251479,RO,mogoseni
Năsăud,47.2811884,24.4105044,RO,nasaud
Rebrișoara,47.2877783,24.4717027,RO,rebrisoara
Leșu Ilvei,47.3159814,24.6925182,RO,lesu-ilvei
Poiana Ilvei,47.3690649,24.7414461,RO,poiana-ilvei
Măgura Ilvei,47.3792962,24.7931575,RO,magura-ilvei
Ilva Mare,47.363593,24.8719183,RO,ilva-mare
Lunca Ilvei,47.366648,24.9635671,RO,lunca-ilvei
Silhoasa,47.3480006,25.0117183,RO,silhoasa
Larion,47.3316332,25.0154183,RO,larion
Grădinița,47.3417766,25.0647805,RO,gradinita
Coșna,47.3710349,25.1510767,RO,cosna
Argestru,47.3818297,25.3207074,RO,argestru
Pojorâta,47.525439,25.4755305,RO,pojorata
Frasin,47.5418683,25.7917346,RO,frasin
Cacica,47.6386752,25.9299564,RO,cacica
Sadova,47.5371696,25.5110599,RO,sadova
Molid,47.5661915,25.7334432,RO,molid
Prisaca Dornei,47.5377904,25.6574224,RO,prisaca-dornei
Vama,47.5649471,25.6945165,RO,vama
Virfu Dealului,47.5993076,25.9382935,RO,virfu-dealului
Dărmănești,47.7129082,26.1409622,RO,darmanesti
Lucăcești,47.5053277,26.1016747,RO,lucacesti
Ciprian Porumbescu,47.5578591,26.1078292,RO,ciprian-porumbescu
Stroiești,47.6162863,26.1140715,RO,stroiesti
Suceava Vest,47.6480099,26.2230578,RO,suceava-vest
Liteni,47.5176518,26.5335286,RO,liteni
Văratec,47.6313936,26.3590828,RO,varatec
Dolhasca,47.4267902,26.608518,RO,dolhasca
Lunca Siretului,47.3064721,26.6948441,RO,lunca-siretului
Timișești,47.2412531,26.5241634,RO,timisesti
Iscroni,45.379544,23.3343218,RO,iscroni
Vulcan,45.3789865,23.2858585,RO,vulcan
Lupeni Gr. T,45.3599759,23.2323188,RO,lupeni-gr-t
Ezeriș,45.3998828,21.9070891,RO,ezeris
Brebu,45.428004,21.9786379,RO,brebu
Pasărea,44.4680596,26.265526,RO,pasarea
Fundulea,44.4510898,26.5113129,RO,fundulea
Dor Mărunt Sat,44.4355317,26.9264171,RO,dor-marunt-sat
Brănești,44.4580764,26.3578921,RO,branesti
Sărulești,44.4448664,26.6547082,RO,sarulesti
Făurei,45.0827017,27.2748099,RO,faurei
Ghizdita,48.1041271,27.7324529,MD,ghizdita
Răuțel,47.718496,27.8191584,MD,rautel
Ionel,45.5705403,20.8556921,RO,ionel
Giera,45.3997062,20.9917811,RO,giera
Peciu Nou,45.5980011,21.0537187,RO,peciu-nou
Cruceni,45.4712741,20.8710535,RO,cruceni
Liebling,45.5798448,21.3079774,RO,liebling
Sacoșu Mic,45.6645188,21.4261249,RO,sacosu-mic
Sinia,45.6847456,21.7179749,RO,sinia
Răcășdia,44.9837241,21.6059394,RO,racasdia
Iam,45.0064027,21.4008365,RS,iam
Târgușor Dobrogea,44.4641666,28.438723,RO,targusor-dobrogea
Nicolae Bălcescu,44.3766402,28.3803857,RO,nicolae-balcescu
Baia Dobrogea,44.7283456,28.6836683,RO,baia-dobrogea
Cogealac,44.5706766,28.5661239,RO,cogealac
Mihai Viteazu,44.6505682,28.6789843,RO,mihai-viteazu
Zebil,44.9640013,28.7187665,RO,zebil
Tulcea Mărfuri,45.1619177,28.7690392,RO,tulcea-marfuri
Foltești,45.7386602,28.0696108,RO,foltesti
Târgu Bujor,45.866796,27.9226128,RO,targu-bujor
Banca,46.3355246,27.7913595,RO,banca
Frunzeasca,45.9016338,27.4198553,RO,frunzeasca
Ghidigeni,46.0752612,27.4789133,RO,ghidigeni
Zorleni,46.2668893,27.7263361,RO,zorleni
Roșiești,46.4300976,27.8340494,RO,rosiesti
Bălteni,46.6902333,27.6428807,RO,balteni
Munteni,46.591213,27.7575042,RO,munteni
Buhăiești,46.7969372,27.5600303,RO,buhaiesti
Scinteia,46.9235249,27.5680254,RO,scinteia
Picioru Lupului,47.0554274,27.5728055,RO,picioru-lupului
Dagâța,46.917319,27.2044233,RO,dagata
Marseal C-tin Prezan,46.8295734,27.2600181,RO,marseal-c-tin-prezan
Cotnari,47.3492678,26.9717614,RO,cotnari
Hârlău,47.4184991,26.9214388,RO,harlau
Rediu,47.5416046,27.2459913,RO,rediu
Todireni,47.598157,27.1528571,RO,todireni
Dângeni,47.8518878,26.9600266,RO,dangeni
Ungureni,47.8855297,26.7956444,RO,ungureni
Dornești,47.8723312,25.9998678,RO,dornesti
Milișăuți,47.7730482,26.0516485,RO,milisauti
Vicșani,47.9416355,25.9670904,RO,vicsani
Fiad,47.4949341,24.3903991,RO,fiad
Cămara Sighet,47.9433419,23.9093609,RO,camara-sighet
Cășeiu,47.1886995,23.8514502,RO,caseiu
Glodu Someșului,47.2815602,23.6455136,RO,glodu-somesului
Ileanda,47.3263184,23.6092178,RO,ileanda
Răstoci,47.3545541,23.541072,RO,rastoci
Letca,47.3381249,23.4658346,RO,letca
Satulung pe Someș,47.5774827,23.4169573,RO,satulung-pe-somes
Ulmeni Sălaj,47.4618899,23.2986295,RO,ulmeni-salaj
Bușag,47.6647195,23.4282446,RO,busag
Micula,47.9006353,22.9612438,RO,micula
Porumbești,47.9510994,22.9855709,RO,porumbesti
Halmeu,47.9845258,22.9978055,RO,halmeu
Strejești,44.5582485,24.2591503,RO,strejesti
Zlătărei,44.6064251,24.259915,RO,zlatarei
Slătioara,44.3818323,24.3333699,RO,slatioara
Stolnici,44.5491106,24.7813603,RO,stolnici
Hârșești,44.5170586,24.7558205,RO,harsesti
Fâlfani Hm.,44.6093971,24.8239312,RO,falfani-hm
Pârvu Hc.,44.771142,24.9051665,RO,parvu-hc
Bascov,44.8954427,24.8211767,RO,bascov
Clucereasa,44.9799564,24.9443996,RO,clucereasa
Călinești,44.8103158,25.0629243,RO,calinesti
Leordeni Argeș,44.7837681,25.1241506,RO,leordeni-arges
Pătroaia,44.7438434,25.2085821,RO,patroaia
Fusea,44.6740562,25.5029121,RO,fusea
Mătăsaru,44.6859233,25.4431447,RO,matasaru
Ghergani,44.6424532,25.7166526,RO,ghergani
Ciocănești,44.5805562,25.8507381,RO,ciocanesti
Săbăreni,44.5316744,25.9336718,RO,sabareni
Văcărești,44.8594178,25.4967408,RO,vacaresti
Bănești,44.7374516,25.5692664,RO,banesti
Nucet,44.7887389,25.5535066,RO,nucet
Mogoșoaia,44.5353112,26.0234625,RO,mogosoaia
Căciulați,44.6102285,26.1575514,RO,caciulati
Fierbinți,44.666269,26.3682779,RO,fierbinti
Greci,44.6523976,26.2934377,RO,greci
Moldoveni,44.717813,26.509012,RO,moldoveni
Armășești,44.728861,26.5632544,RO,armasesti
Manasia,44.7325024,26.7068427,RO,manasia
Cotorca,44.8142215,26.8633783,RO,cotorca
Scutelnici,44.851811,26.9351299,RO,scutelnici
Slobozia Sud,44.5251128,27.3705479,RO,slobozia-sud
Dâmbu,44.9226741,26.0722961,RO,dambu
Ialomița,44.7486505,26.5064455,RO,ialomita
Ciorani,44.7890991,26.3851275,RO,ciorani
Andrășești,44.5802389,27.1480385,RO,andrasesti
Drăgănești Prahova,44.8276711,26.3010203,RO,draganesti-prahova
Saratuica,44.6388671,26.9018228,RO,saratuica
Alexeni,44.6861658,26.701337,RO,alexeni
Broșteni,44.6683976,26.7690254,RO,brosteni
Căzănești,44.6344147,27.0044499,RO,cazanesti
Perieți,44.5812787,27.2542243,RO,perieti
Bucu,44.6056124,27.4828964,RO,bucu
Ograda,44.6311719,27.5906647,RO,ograda
Vernești,45.2043835,26.7318382,RO,vernesti
Berca,45.2782773,26.6748697,RO,berca
Mărunțișu,45.2917474,26.3623519,RO,maruntisu
Plopeni Sat,45.060467,25.96922,RO,plopeni-sat
Coțofenești,45.1303304,25.9998309,RO,cotofenesti
Brețcu,46.0455599,26.2958639,RO,bretcu
Buhuși,46.7090774,26.7046696,RO,buhusi
Gărleni,46.6570721,26.813549,RO,garleni
Costișa Hm,46.7532214,26.6542694,RO,costisa-hm
Podoleni,46.7964462,26.6154922,RO,podoleni
Roznov,46.8385027,26.5092092,RO,roznov
Dumbrava Hm,46.9005675,26.4187864,RO,dumbrava-hm
Pângărați,46.9302059,26.2041531,RO,pangarati
Tarcău Neamț Hm,46.8935318,26.1477613,RO,tarcau-neamt-hm
Susenii Bârgăului,47.2177745,24.7150987,RO,susenii-bargaului
Bistrița Bârgăului,47.1828834,24.8055786,RO,bistrita-bargaului
Șona,46.2220082,24.0095473,RO,sona
Jidvei,46.229982,24.1080349,RO,jidvei
Târnăveni Vest,46.3237942,24.2682603,RO,tarnaveni-vest
Târnăveni,46.3281604,24.2982988,RO,tarnaveni
Bahnea,46.3827273,24.4889986,RO,bahnea
Coroiu,46.4021547,24.6127638,RO,coroiu
Bălăușeri,46.4068466,24.6997699,RO,balauseri
Fântânele,46.4165515,24.7609414,RO,fantanele
Praid,46.5514565,25.1141706,RO,praid
Sovata,46.5794909,25.0496132,RO,sovata
Sinpaul,46.4475449,24.3398987,RO,sinpaul
Târgu Mureș Sud,46.5052404,24.4958665,RO,targu-mures-sud
Dumbrăvioara,46.6418208,24.6398848,RO,dumbravioara
Lechința,47.0178128,24.334444,RO,lechinta
Acățari,46.4732327,24.633461,RO,acatari
Колбасная,47.7591863,29.2173375,UA,
Виноградів-Закарпатський,48.1341052,23.0264704,UA,
Хмільник,48.2521065,22.9065507,UA,
Слобідка,47.8851028,29.3442442,UA,
Абамелікове,47.9795002,29.2622685,UA,
Борщі,47.8662785,29.4934934,UA,
Побережжя,47.8095692,29.5140672,UA,
Подільськ-Північний,47.7609066,29.5242173,UA,
Обхідна,47.8556002,29.5246889,UA,
Чубівка,47.652153,29.5830025,UA,
Poiana Stampei,47.3124815,25.1313636,RO,poiana-stampei
Виноградів-Малий,48.1345639,23.0257714,UA,
Панчево варош,44.8790337,20.6605465,RS,
Панчево главна,44.8874942,20.6374145,RS,
Alțâna,45.9270265,24.4667333,RO,altana
Benești,45.9592195,24.4937735,RO,benesti
Cornățel,45.8026344,24.3527013,RO,cornatel
Nocrich,45.894071,24.4601229,RO,nocrich
Câmpulung la Tisa,47.9835102,23.7657685,RO,campulung-la-tisa
Postul de călătorie 1501 Km,46.8923777,29.4493227,MD,postul-de-calatorie-1501-km
Abrud,46.2799431,23.0594544,RO,abrud
Câmpeni,46.358745,23.0731411,RO,campeni
Болград,45.7366431,28.602092,UA,
Берлебаш,47.9986944,24.1972841,UA,
Качарево,44.9650552,20.6890428,RS,
Ceamurlia de Jos Hm,44.7658045,28.7220515,RO,ceamurlia-de-jos-hm
Овча,44.8755249,20.5445353,RS,
Râșnov,45.594848,25.4581653,RO,rasnov
Стопања,43.5771498,21.153334,RS,
Королево,48.1535346,23.140906,UA,
Gheorgheni,46.7193148,25.5737057,RO,gheorgheni
Бор теретна,44.0599177,22.1251978,RS,
Odorhei,46.3106544,25.3013918,RO,odorhei
Tîrnova,48.1646439,27.6481339,MD,tirnova
Rădăuți,47.8395728,25.9093297,RO,radauti
Cisnădie,45.71654,24.1606343,RO,cisnadie
Новоселиця,48.2242325,26.2807001,UA,
Ghighiu,44.9084154,26.0585363,RO,ghighiu
Тирасполь,46.8476247,29.629596,MD,
Laminorului,44.4943376,26.0319543,RO,laminorului
Străulești,44.5016554,26.0262412,RO,straulesti
Mestecăniș,47.4506882,25.3395139,RO,mestecanis
Дедина,43.5925772,21.3534533,RS,
Sângeorz - Băi,47.3711941,24.6735492,RO,sangeorz-bai
Borșa,47.6556914,24.6132169,RO,borsa
Politehnica,44.4352756,26.0553995,RO,politehnica
Slobozia Veche,44.5646943,27.3499512,RO,slobozia-veche
Lișava,45.121804,21.7867788,RO,lisava
Grivița,44.4617617,26.0574956,RO,grivita
1 Mai,44.4705337,26.0506266,RO,1-mai
Nicolae Teclu,44.4072916,26.194405,RO,nicolae-teclu
Ворохта,48.2932489,24.5648397,UA,
Тячів,48.0149849,23.5760004,UA,
Greoni h.,45.1000931,21.6299514,RO,greoni-h
Parc Divertisment Chiajna,44.4331213,25.9418465,RO,parc-divertisment-chiajna
Imeci,45.9398992,26.1577291,RO,imeci
Голубинци,45.0162234,20.051528,RS,
Obor,44.449412,26.1246099,RO,obor
Piața Unirii 2,44.4277587,26.1040826,RO,piata-unirii-2
Zănoaga,44.8630435,26.2033807,RO,zanoaga
Београд центар,44.7936304,20.4531284,RS,
Inotești,44.9715214,26.3492558,RO,inotesti
Triaj Pascani,47.2383436,26.7356465,RO,triaj-pascani
Рудниця (вузьк),48.2605216,28.935077,UA,
Făget Teleajen,45.1388462,26.0277767,RO,faget-teleajen
Vârteju,44.3687998,26.0149289,RO,varteju
București Titan Sud,44.4345881,26.1847252,RO,bucuresti-titan-sud
Culma,46.2612052,28.9311649,MD,culma
Vlădești,45.1727546,25.9761846,RO,vladesti
P.O. Podu Pitarului,44.3426284,26.3786035,RO,p-o-podu-pitarului
Vulcănești,45.6847652,28.4829653,MD,vulcanesti
Ћићевац,43.7204266,21.4381152,RS,
Ізмаїл – Порт Новий,45.3257787,28.8497034,UA,
Лукићево,45.3329692,20.4951029,RS,
Нересница,44.4670292,21.7396917,RS,
Борска Слатина,44.0505306,22.1511148,RS,
Păcii,44.4339141,26.0041269,RO,pacii
Dăești,45.1864909,24.3826966,RO,daesti
Владимировац,45.0314395,20.8927449,RS,
Dridu,44.6810325,26.448483,RO,dridu
Dumbrăveni,46.2159157,24.5633427,RO,dumbraveni
Feldru,47.2757954,24.5936758,RO,feldru
Gârliște Hm,45.1435328,21.8302051,RO,garliste-hm
Grajduri,46.9787027,27.5517396,RO,grajduri
Baia Mare,47.6470613,23.5521231,RO,baia-mare
Lacu Sărat,45.2267292,27.8671008,RO,lacu-sarat
Carasa h.,47.9274569,26.5185398,RO,carasa-h
Ploiești Nord,44.95368,26.0271744,RO,ploiesti-nord
Ploiești Sud,44.925059,26.0298085,RO,ploiesti-sud
Caransebeș,45.4200172,22.195224,RO,caransebes
Plopeni,45.0455721,25.951396,RO,plopeni
Prejmer,45.7385523,25.7778111,RO,prejmer
Pucioasa,45.075341,25.4308277,RO,pucioasa
Brătușeni,48.1390586,27.38907,MD,bratuseni
Revaca,46.9494623,28.9326095,MD,revaca
Rușețu,44.9888959,27.2019714,RO,rusetu
Sărmașel,46.7803612,24.2036443,RO,sarmasel
Braniștea,45.4380655,27.8340391,RO,branistea
Батајница,44.8990744,20.2718514,RS,
Нови Београд,44.8069189,20.4178455,RS,
Glodeni,47.8026379,27.5213165,MD,glodeni
Meri,45.2203723,23.381905,RO,meri
Măneciu Pământeni,45.2930158,25.9965621,RO,maneciu-pamanteni
Homorâciu,45.2676474,26.0163236,RO,homoraciu
Măneciu,45.3154441,25.9971498,RO,maneciu
Смедерево,44.6678003,20.926878,RS,
Cehu Silvaniei,47.409341,23.1602412,RO,cehu-silvaniei
Jibou,47.2513007,23.2630008,RO,jibou
Sinaia,45.3523703,25.5531051,RO,sinaia
Rodna Veche,47.4168841,24.8013198,RO,rodna-veche
Moldovița,47.6887281,25.5366084,RO,moldovita
Socoleni,46.9033648,29.1883265,MD,socoleni
Leorda,47.8166934,26.4822346,RO,leorda
Izvoarele,45.2809348,26.0025423,RO,izvoarele
Teișani,45.2367865,26.0244537,RO,teisani
Stupini Hm,45.6998278,25.5954859,RO,stupini-hm
Crețeștii,46.640775,27.9664048,RO,cretestii
Fălciu Nord,46.2822837,28.1308532,RO,falciu-nord
Fălciu,46.2476308,28.1014136,RO,falciu
Murgeni,46.2099015,28.013353,RO,murgeni
Traian Sat,45.1873835,27.7309756,RO,traian-sat
Turnu Roșu,45.6431955,24.2958128,RO,turnu-rosu
Tulcea Oraș,45.1828503,28.7896117,RO,tulcea-oras
Vasiova,45.3803881,21.7591536,RO,vasiova
Eforie Nord,44.0578424,28.6318423,RO,eforie-nord
Parc Revaca,46.9080999,29.011884,MD,parc-revaca
Valea Voivozilor hc,44.9380401,25.4931303,RO,valea-voivozilor-hc
Vădeni,45.3638677,27.9201277,RO,vadeni
Orizont,44.4258741,26.0558903,RO,orizont
Favorit,44.4246395,26.048364,RO,favorit
Eroilor 2,44.4348399,26.0738437,RO,eroilor-2
Academia Militară,44.4289299,26.062876,RO,academia-militara
Tudor Vladimirescu,44.423064,26.0413031,RO,tudor-vladimirescu
Parc Drumul Taberei,44.4222249,26.0330875,RO,parc-drumul-taberei
Romancierilor,44.4229883,26.0246158,RO,romancierilor
Râul Doamnei,44.4152401,26.024204,RO,raul-doamnei
Constantin Brâncuși,44.4191176,26.0202867,RO,constantin-brancusi
Valea Ialomiței,44.4211119,26.0144421,RO,valea-ialomitei
C.A. Rosetti,45.058868,27.1507246,RO,c-a-rosetti
Vicovu de Sus,47.9100925,25.6936477,RO,vicovu-de-sus
Вороненко,48.2794592,24.5081492,UA,
Podu Olt,45.6617877,24.2986426,RO,podu-olt
Вршац,45.1057392,21.2831718,RS,
Mărculești,47.8732572,28.2301165,MD,marculesti
Vulcana Pandele,45.0159753,25.4084877,RO,vulcana-pandele
Șoldănești,47.8176283,28.7912174,MD,soldanesti
Mateuți,47.7985578,28.9489313,MD,mateuti
General Nicolae Dăscălescu,46.490932,24.4623827,RO,general-nicolae-dascalescu
Reghin,46.7803866,24.7194267,RO,reghin
Bender-2,46.8428982,29.4759273,MD,bender-2
Moacșa,45.8575581,25.9392816,RO,moacsa
Onești,46.2590365,26.7792549,RO,onesti
Ion Luca Caragiale,44.9079909,25.723732,RO,ion-luca-caragiale
Crângu lui Bot,44.9238579,25.9169007,RO,crangu-lui-bot
Gălănești,47.9058988,25.8013632,RO,galanesti
Căuşeni,46.6755681,29.448384,MD,causeni
Hagimus,46.7413235,29.5189746,MD,hagimus
Voiteni,45.4758166,21.2235433,RO,voiteni
Buziaș,45.6577,21.5813154,RO,buzias
Lugoj,45.6798652,21.8966684,RO,lugoj
Post 8 km,46.2662136,28.1504187,RO,post-8-km
Рені-Основна,45.4585496,28.2645557,UA,
Galați Largă Frontieră,45.4495974,28.1178866,RO,galati-larga-frontiera
Galați Transbordare,45.4512811,28.0857559,RO,galati-transbordare
Galați,45.4448687,28.0610374,RO,galati
Stație tehnică de pasageri,45.4524115,28.0579655,RO,statie-tehnica-de-pasageri
Barboși Triaj,45.4045683,27.9581573,RO,barbosi-triaj
Galați Brateș,45.4532385,28.0706023,RO,galati-brates
Galați Bazin,45.4484588,28.0905434,RO,galati-bazin
Galați Mărfuri,45.4434064,28.0713427,RO,galati-marfuri
Galați Largă,45.4493079,28.1001894,RO,galati-larga
Barboşi Port,45.3852155,28.0184574,RO,barbosi-port
Cătuşa,45.4349637,27.9957551,RO,catusa
Argel,47.7612241,25.4692697,RO,argel
Plopu,45.1405777,27.5219363,RO,plopu
Buzău,45.1426922,26.8259311,RO,buzau
Ploiești Triaj,44.9031966,26.0143658,RO,ploiesti-triaj
Nehoiașu,45.4313726,26.3061392,RO,nehoiasu
Măgurele Prahova,45.0977678,26.0444572,RO,magurele-prahova
Voluntari,44.4872332,26.2164071,RO,voluntari
Pitești,44.8475888,24.8876076,RO,pitesti
Ploieşti Crâng,44.9446966,25.9876523,RO,ploiesti-crang
Depoul Drezinei,46.9155475,24.4953152,RO,depoul-drezinei
Teaca,46.9152762,24.4957694,RO,teaca
P. Mac. R1 Buciumeni,44.5344683,25.9649133,RO,p-mac-r1-buciumeni
București Triaj,44.4804591,26.0145577,RO,bucuresti-triaj
Stolniceni HC,47.2002264,26.749901,RO,stolniceni-hc
Dagâţa,46.9179875,27.2040948,RO,dagata
Brăila,45.281414,27.9556459,RO,braila
Tomșani,45.1261707,24.0465865,RO,tomsani
Brașov,45.6612146,25.6135846,RO,brasov
Reșița Nord,45.3224326,21.8704173,RO,resita-nord
Deva,45.8844049,22.9105592,RO,deva
Suceava,47.6703615,26.2660705,RO,suceava
Suceava Nord,47.6763862,26.2358502,RO,suceava-nord
Aeroport Henri Coandă,44.5690332,26.0753005,RO,aeroport-henri-coanda
Constanța,44.1687351,28.6315707,RO,constanta
Младеновац,44.4401959,20.6912696,RS,
Jebel,45.5565458,21.1980674,RO,jebel
Земунско поље,44.8577732,20.3346914,RS,
Blejoi,44.9865134,26.0160183,RO,blejoi
Scăieni,45.0157051,26.0256002,RO,scaieni
Bistrița Nord,47.1326534,24.4838731,RO,bistrita-nord
Târgoviște,44.9158357,25.4546489,RO,targoviste
Раковица,44.7466503,20.4429542,RS,
Mărășești,45.8757125,27.2144026,RO,marasesti
Tecuci,45.8351637,27.4231038,RO,tecuci
Giurgiuleşti,45.4717762,28.2026721,MD,giurgiulesti
Bușteni,45.4157885,25.5375796,RO,busteni
Инђија,45.0484566,20.0923406,RS,
Ясіня,48.2563482,24.3539368,UA,
Valea Vișeului,47.9146302,24.1555694,RO,valea-viseului
Jucu,46.8627791,23.7638446,RO,jucu
Dârste,45.6188373,25.6536036,RO,darste
Timișeni,45.6516772,21.1801166,RO,timiseni
Pîrlița,47.3227722,27.89209,MD,pirlita
Târgoviște Nord,44.9477538,25.4626442,RO,targoviste-nord
Adânca Hm,44.9212815,25.5964668,RO,adanca-hm
Mija,44.9125378,25.6587962,RO,mija
Brașov Triaj,45.6680973,25.6495738,RO,brasov-triaj
Iernut,46.4407475,24.2233622,RO,iernut
Bacău,46.5655599,26.8945568,RO,bacau
Huedin,46.867222,23.0313874,RO,huedin
Зрењанин,45.3780363,20.3789828,RS,
Стара Пазова,44.9866097,20.1374427,RS,
Јајинци,44.7217287,20.4571091,RS,
Ћуприја,43.9162921,21.3653629,RS,
Крњача,44.8479666,20.5054794,RS,
Azuga,45.4449952,25.5526378,RO,azuga
Барајево,44.5939358,20.4252123,RS,
Пожега,43.840408,20.028872,RS,
Меленци,45.5085728,20.2976662,RS,
Кумане,45.5482413,20.2320742,RS,
Банат. Милошево Поље,45.6927896,20.2958293,RS,
Sibiu,45.8001554,24.1617237,RO,sibiu
Făgăraș,45.8300991,24.976099,RO,fagaras
Băile Herculane,44.862663,22.387972,RO,baile-herculane
Deta,45.396588,21.2306862,RO,deta
Halta Geoagiu,45.8840652,23.2487235,RO,halta-geoagiu
Чачак,43.8899798,20.356164,RS,
Врба,43.6904882,20.7844903,RS,
Трстеник,43.6150143,20.9976271,RS,
Teiuș,46.2038602,23.6908667,RO,teius
Ковачица,45.1118912,20.6107713,RS,
Baciu Triaj,46.7870796,23.5272936,RO,baciu-triaj
Aninoasa Hm,44.9587606,25.442192,RO,aninoasa-hm
Doicești,44.9873927,25.4111194,RO,doicesti
Doicești hc.,44.9981331,25.401505,RO,doicesti-hc
Зрењанин фабрика,45.3712412,20.4261241,RS,
Bujoreni Vâlcea,45.1461566,24.3758465,RO,bujoreni-valcea
Елемир,45.4372886,20.311206,RS,
Tudor Arghezi,44.3480408,26.1592557,RO,tudor-arghezi
Крагујевац,44.0101302,20.9284269,RS,
Алибунар,45.0731108,20.9568643,RS,
Вранеши,43.6840301,20.8054852,RS,
Заграђе,44.0337677,22.213839,RS,
Бор,44.0731421,22.1028256,RS,
Mănăstirea Moldovița,47.6563016,25.5693198,RO,manastirea-moldovita
Vișeu de Jos,47.7207048,24.3672284,RO,viseu-de-jos
Дивци,44.3003413,20.0279609,RS,
Cozia,45.3247258,24.2831932,RO,cozia
Holboca,47.1480115,27.6940951,RO,holboca
Câmpinița,45.1317411,25.7367151,RO,campinita
Telega,45.141353,25.7714389,RO,telega
Bradu de Sus,44.8134486,24.9156969,RO,bradu-de-sus
Jilava,44.341889,26.1065551,RO,jilava
Constanța Mărfuri,44.1781885,28.6075498,RO,constanta-marfuri
Подільськ,47.7500012,29.5289332,UA,
Dacic Horse Train,45.7783477,23.1859184,RO,dacic-horse-train
Лужнице,44.1201692,20.8402672,RS,
Нови Милановац,44.0770169,20.9332309,RS,
Цветојевац,44.0730182,20.9766481,RS,
Miercurea Ciuc,46.3595588,25.7934453,RO,miercurea-ciuc
Bicsadu Oltului Hm.,46.1003266,25.8470807,RO,bicsadu-oltului-hm
Petroşani,45.4232283,23.3661654,RO,petrosani
Constanța Ferry-Boat,44.0859981,28.6479102,RO,constanta-ferry-boat
București Progresu,44.3654582,26.0912782,RO,bucuresti-progresu
Gara de Nord,44.4467388,26.0738428,RO,gara-de-nord
Băcia hm,45.7952571,23.0008329,RO,bacia-hm
Lunca Arieșului,46.4358145,23.4544045,RO,lunca-ariesului
Gherla,47.0275541,23.9124167,RO,gherla
Parc Bazilescu,44.4866494,26.0375677,RO,parc-bazilescu
Рыбница,47.7662345,28.9914031,MD,
București Băneasa,44.4850976,26.0740739,RO,bucuresti-baneasa
București Vest,44.4272229,25.9678046,RO,bucuresti-vest
Drobeta Turnu Severin,44.622101,22.6441714,RO,drobeta-turnu-severin
Gara Pietroșița,45.1836492,25.4395817,RO,gara-pietrosita
Sfântu Gheorghe,45.8632588,25.8105053,RO,sfantu-gheorghe
Љубиње,44.6270862,21.4269299,RS,
Catranic,47.6193013,27.7723137,MD,catranic
Fieni,45.1256652,25.4213202,RO,fieni
Țepeș Vodă,45.1500835,25.4473242,RO,tepes-voda
Văleni Nord,45.2092659,26.0394829,RO,valeni-nord
Bod,45.7589502,25.6043779,RO,bod
Călan,45.7296114,22.9891183,RO,calan
Livezeni,45.3777225,23.3669014,RO,livezeni
Filiași,44.552332,23.5109211,RO,filiasi
Târgu Jiu,45.0318999,23.2811601,RO,targu-jiu
Strâmbuța,45.35456,23.3812838,RO,strambuta
Lainici,45.2699539,23.3846603,RO,lainici
Amaradia,44.9866128,23.2462866,RO,amaradia
Bibești,44.7787357,23.5006196,RO,bibesti
Gătaia,45.422537,21.4280095,RO,gataia
Malmö C,55.6091374,13.0006612,SE,malmo-c
Tule,57.5234932,18.5068775,SE,tule
Växjö,56.8765384,14.8050364,SE,vaxjo
Hillerstorp,57.3134942,13.8839044,SE,hillerstorp
Bromölla,56.0672219,14.4807748,SE,bromolla
Bergåsa,56.1827562,15.6012025,SE,bergasa
Vissefjärda,56.5395651,15.5811879,SE,vissefjarda
Hörle,57.2590751,14.0538124,SE,horle
Hjältevad,57.628943,15.3437741,SE,hjaltevad
Mariannelund,57.6161721,15.584993,SE,mariannelund
Hultsfred,57.4867627,15.8466075,SE,hultsfred
Berga,57.2165238,16.0329739,SE,berga
Högsby,57.1660751,16.0272359,SE,hogsby
Kalmar C,56.6614977,16.3597197,SE,kalmar-c
Tågarp,55.9267042,12.952089,SE,tagarp
Vena,57.5244675,15.969689,SE,vena
Totebo,57.6280316,16.1810533,SE,totebo
Ankarsrum,57.6998767,16.3344144,SE,ankarsrum
Fårhult,57.7377479,16.420278,SE,farhult
Verkebäck,57.7288177,16.5153978,SE,verkeback
Vimmerby,57.6631756,15.8581141,SE,vimmerby
Tuna,57.5768197,16.1037568,SE,tuna
Oskarshamn,57.2627265,16.4576517,SE,oskarshamn
Nässjö C,57.6520466,14.6941834,SE,nassjo-c
Sankt Olof,55.6353958,14.1334269,SE,sankt-olof
Vitaby,55.6845787,14.1556197,SE,vitaby
Östra Vemmerlöv,55.5853825,14.2280395,SE,ostra-vemmerlov
Strömsnäsbruk,56.5503991,13.7327119,SE,stromsnasbruk
Floda,57.8100267,12.3617812,SE,floda
Gimarp,57.1741576,14.2711655,SE,gimarp
Nödinge,57.893155,12.043306,SE,nodinge
Båstad,56.4311641,12.9057866,SE,bastad
Önnestad,56.060647,14.0289053,SE,onnestad
Billesholm,56.056564,12.9768165,SE,billesholm
Västra Ingelstad,55.4902567,13.1079497,SE,vastra-ingelstad
Hästveda,56.287738,13.9343053,SE,hastveda
Bodafors,57.5060923,14.6947396,SE,bodafors
Virserum,57.3209782,15.5774362,SE,virserum
Gårdveda,57.3821739,15.7550005,SE,gardveda
Rosenfors,57.3619833,15.8385782,SE,rosenfors
Moheda,57.0024512,14.5764443,SE,moheda
Lammhult,57.1715815,14.5855115,SE,lammhult
Triabo,57.2370251,15.5354484,SE,triabo
Hultarp,57.343426,15.6110623,SE,hultarp
Main Street,57.2625054,13.8309372,SE,main-street
Old Mexico,57.2631984,13.8389615,SE,old-mexico
Hultanäs,57.2149094,15.4375728,SE,hultanas
Brösarp,55.7349855,14.1254413,SE,brosarp
Landskrona,55.8790784,12.8575136,SE,landskrona
Roma,57.5079362,18.4568963,SE,roma
Traryd,56.579613,13.7532133,SE,traryd
Bohus,57.8524661,12.0137416,SE,bohus
Surte,57.8252103,12.0132735,SE,surte
Västra bodarna,57.8877224,12.4743025,SE,vastra-bodarna
Norsesund,57.8617106,12.4392742,SE,norsesund
Aneby,57.837696,14.8120627,SE,aneby
Sävsjö,57.4027796,14.6654815,SE,savsjo
Vislanda,56.7868213,14.4546073,SE,vislanda
Osby,56.3811469,13.9955344,SE,osby
Örtofta,55.7788139,13.2439448,SE,ortofta
Laholm,56.5022529,12.9990604,SE,laholm
Förslöv,56.3551433,12.8011805,SE,forslov
Kävlinge,55.7948786,13.111328,SE,kavlinge
Ramlösa,56.0236621,12.7277133,SE,ramlosa
Teckomatorp,55.8705218,13.0857829,SE,teckomatorp
Billeberga,55.883817,12.9957337,SE,billeberga
Blomstermåla,56.9809637,16.3310443,SE,blomstermala
Vaggeryd,57.4982451,14.1455697,SE,vaggeryd
Åseda,57.1675815,15.3481056,SE,aseda
Östra Grevie,55.4676727,13.13268,SE,ostra-grevie
Ravlundabro,55.7091855,14.1490546,SE,ravlundabro
Fjälkinge,56.0436769,14.2805557,SE,fjalkinge
Barkåkra,56.2878714,12.8273072,SE,barkakra
Bor Norra,57.1161455,14.1700665,SE,bor-norra
Lund centralstation,55.7067251,13.1863839,SE,lund-centralstation
Ronneby,56.2069878,15.2829889,SE,ronneby
Ohs bruk,57.1928416,14.3308168,SE,ohs-bruk
Hösjömo,57.150901,14.2283255,SE,hosjomo
Borås C,57.7208362,12.9318529,SE,boras-c
Ystad,55.4273931,13.8251994,SE,ystad
Malmö Syd Svågertorp,55.5472428,12.99265,SE,malmo-syd-svagertorp
Persborg,55.58062,13.0293366,SE,persborg
Rosengård,55.5888929,13.0307937,SE,rosengard
Östervärn,55.6078691,13.0315018,SE,ostervarn
Oxie,55.541757,13.0956763,SE,oxie
Stockaryd,57.316422,14.5915917,SE,stockaryd
Alvesta,56.8989924,14.5572298,SE,alvesta
Diö,56.6332902,14.214415,SE,dio
Älmhult,56.5509334,14.1369001,SE,almhult
Västervik,57.7555764,16.6428857,SE,vastervik
Gamleby,57.8967859,16.4100649,SE,gamleby
Karlskrona C,56.1664941,15.5853658,SE,karlskrona-c
Värnamo,57.1862915,14.0358477,SE,varnamo
Lomma,55.6739319,13.0749433,SE,lomma
Furulund,55.7752126,13.0972959,SE,furulund
Halmstad C,56.6692971,12.8642537,SE,halmstad-c
Triangeln,55.5932928,13.0010364,SE,triangeln
Svalöv,55.9122782,13.1103829,SE,svalov
Kågeröd,55.9983179,13.0833252,SE,kagerod
Ängelholm,56.245615,12.8539592,SE,angelholm
Fristad,57.8271083,13.0085528,SE,fristad
Limmared,57.5357744,13.3530048,SE,limmared
Sandared,57.7098647,12.7915218,SE,sandared
Månsarp,57.6541103,14.0708214,SE,mansarp
Taberg,57.6788374,14.087231,SE,taberg
Norrahammar,57.7045636,14.1160597,SE,norrahammar
Hovslätt,57.7347726,14.1237396,SE,hovslatt
Jönköping Centralstation,57.7845795,14.1629895,SE,jonkoping-centralstation
Vetlanda,57.4258681,15.0818494,SE,vetlanda
Tenhult,57.705151,14.3266492,SE,tenhult
Huskvarna,57.7821026,14.2657703,SE,huskvarna
Eksjö,57.6639084,14.9768047,SE,eksjo
Skillingaryd,57.4282579,14.0908805,SE,skillingaryd
Hestra,57.4431654,13.5956427,SE,hestra
Malmbäck,57.5777851,14.4597258,SE,malmback
Tyringe,56.1595791,13.5982659,SE,tyringe
Perstorp,56.1364456,13.3973631,SE,perstorp
Åstorp,56.1338858,12.9490952,SE,astorp
Kvidinge,56.1372931,13.0444635,SE,kvidinge
Klippan,56.1306866,13.1303747,SE,klippan
Smålandsstenar,57.1613655,13.4146258,SE,smalandsstenar
Reftele,57.176037,13.5930222,SE,reftele
Ödåkra,56.1056107,12.746041,SE,odakra
Nybro,56.7423174,15.9084794,SE,nybro
Gemla,56.870599,14.6451429,SE,gemla
Rydaholm,56.9855502,14.3126053,SE,rydaholm
Maria,56.0759194,12.7105152,SE,maria
Kattarp,56.1445095,12.7781376,SE,kattarp
Påarp,56.0293512,12.8174977,SE,paarp
Bjuv,56.0831811,12.9122776,SE,bjuv
Mörarp,56.0556765,12.8734486,SE,morarp
Vittsjö,56.3423447,13.6632854,SE,vittsjo
Markaryd,56.4591858,13.5938162,SE,markaryd
Vallåkra,55.963795,12.861848,SE,vallakra
Gantofta,55.990426,12.8056142,SE,gantofta
Svedala,55.5068213,13.2328901,SE,svedala
Eslöv,55.8377321,13.3051287,SE,eslov
Burlöv,55.640545,13.0794128,SE,burlov
Skurup,55.4801987,13.4980318,SE,skurup
Rydsgård,55.4742703,13.5877302,SE,rydsgard
Köpingebro,55.4562091,13.9333087,SE,kopingebro
Tomelilla,55.5464401,13.9493617,SE,tomelilla
Simrishamn,55.5541501,14.3528649,SE,simrishamn
Gärsnäs,55.5465007,14.1813479,SE,garsnas
Vinslöv,56.1048359,13.9169151,SE,vinslov
Sösdala,56.0364321,13.6806661,SE,sosdala
Tjörnarp,56.0004223,13.629967,SE,tjornarp
Stehag,55.9002719,13.3930474,SE,stehag
Kristianstad C,56.0317161,14.1513026,SE,kristianstad-c
Fritsla,57.5578142,12.7897135,SE,fritsla
Ytterby,57.8623394,11.9176152,SE,ytterby
Torup,56.9576624,13.0796372,SE,torup
Klostergården,55.6953605,13.1727051,SE,klostergarden
Hjärup,55.6732634,13.1350489,SE,hjarup
Åkarp,55.6551397,13.1045517,SE,akarp
Karlshamn,56.1768457,14.8675877,SE,karlshamn
Sölvesborg,56.0498463,14.5835995,SE,solvesborg
Oskarström,56.8064792,12.9719126,SE,oskarstrom
Forserum,57.6975768,14.4753173,SE,forserum
Emmaboda,56.6297834,15.534735,SE,emmaboda
Jenny,57.7617088,16.5795393,SE,jenny
Hyllie,55.5627474,12.9758659,SE,hyllie
Viskafors,57.6292458,12.8451143,SE,viskafors
Höör,55.9369184,13.5415967,SE,hoor
Trelleborg C,55.3717134,13.1593929,SE,trelleborg-c
Trebišov,48.6326185,21.711088,SK,trebisov
Kostoľany nad Hornádom,48.7955652,21.2461392,SK,kostolany-nad-hornadom
Radvaň,48.7165187,19.1407762,SK,radvan
Tisovec,48.6907657,19.9356709,SK,tisovec
Pohronská Polhora,48.7583518,19.7936492,SK,pohronska-polhora
Michalová,48.7655164,19.7770377,SK,michalova
Sliač kúpele,48.6143659,19.149548,SK,sliac-kupele
Vlkanová,48.6694282,19.1494044,SK,vlkanova
Slovenská Ľupča,48.7629445,19.2765132,SK,slovenska-lupca
Medzibrod,48.7912796,19.3572754,SK,medzibrod
Dubová,48.8137106,19.4395434,SK,dubova
Polomka,48.8464144,19.854664,SK,polomka
Heľpa,48.8563167,19.9593545,SK,helpa
Červená Skala,48.8231853,20.1315193,SK,cervena-skala
Dobšinská Ľadová Jaskyňa,48.8762976,20.2964076,SK,dobsinska-ladova-jaskyna
Hnilec,48.8303815,20.5009515,SK,hnilec
Доманинці,48.6373104,22.3363204,UA,
Snina,48.9837806,22.1732016,SK,snina
Margecany,48.8951496,21.0117868,SK,margecany
Kysak,48.8524023,21.2239371,SK,kysak
Nižný Hrabovec,48.8570393,21.7518607,SK,nizny-hrabovec
Stakčín,48.9961821,22.2179798,SK,stakcin
Čaňa,48.6096892,21.3096114,SK,cana
Kostiviarska,48.7574165,19.1450677,SK,kostiviarska
Čierne nad Topľou,48.9897807,21.5694307,SK,cierne-nad-toplou
Prešov,48.9831761,21.2489842,SK,presov
Rožňava,48.6352218,20.514134,SK,roznava
Kremnické Bane,48.7428962,18.9027705,SK,kremnicke-bane
Slanec,48.6445556,21.488091,SK,slanec
Nižná Myšľa,48.6298505,21.3714851,SK,nizna-mysla
Ruskov,48.672272,21.4277648,SK,ruskov
Krompachy,48.9216397,20.8860124,SK,krompachy
Kremnica,48.6975055,18.9241007,SK,kremnica
Ličartovce,48.8751455,21.240887,SK,licartovce
Humenné,48.9300234,21.9008924,SK,humenne
Podbrezová,48.8102638,19.5231712,SK,podbrezova
Nálepkovo,48.838363,20.6301322,SK,nalepkovo
Švedlár,48.8055052,20.7232229,SK,svedlar
Mníšek nad Hnilcom,48.8116267,20.814975,SK,mnisek-nad-hnilcom
Prakovce,48.8201491,20.8858064,SK,prakovce
Gelnica,48.8583844,20.9474851,SK,gelnica
Mlynky,48.8544812,20.4072888,SK,mlynky
Gašparovo,48.8269157,19.7457045,SK,gasparovo
Čremošné,48.8399422,18.9510642,SK,cremosne
Uľanka,48.8015827,19.0995754,SK,ulanka
Harmanec jaskyňa,48.8227434,19.0341282,SK,harmanec-jaskyna
Čierny Balog,48.7462318,19.6571059,SK,cierny-balog
Vydrovo - Koliba,48.7338184,19.644165,SK,vydrovo-koliba
Hronec zlievareň,48.7988723,19.5790894,SK,hronec-zlievaren
Chvatimech ČHZ,48.8044345,19.5588036,SK,chvatimech-chz
Великий Березний,48.8982566,22.457896,UA,
Čermeľ,48.7498615,21.2281075,SK,cermel
Vpred,48.7517927,21.2035169,SK,vpred
Alpinka,48.7598432,21.1834042,SK,alpinka
Spišské Podhradie,48.9957985,20.7560635,SK,spisske-podhradie
Spišské Vlachy,48.9354963,20.8038032,SK,spisske-vlachy
Krásna nad Hornádom,48.6702996,21.2953602,SK,krasna-nad-hornadom
Haniska pri Košiciach,48.6314707,21.2486134,SK,haniska-pri-kosiciach
Telgárt,48.8398686,20.1865352,SK,telgart
Ochtiná,48.6858343,20.3302742,SK,ochtina
Drienovská Nová Ves,48.9114818,21.2452436,SK,drienovska-nova-ves
Moldava nad Bodvou,48.6008169,21.0031455,SK,moldava-nad-bodvou
Malá Lodina,48.8739235,21.1340207,SK,mala-lodina
Brezno-Halny,48.817717,19.6652076,SK,brezno-halny
Bartošova Lehôtka,48.6373134,18.9119232,SK,bartosova-lehotka
Zbojská,48.7466267,19.8409898,SK,zbojska
Vranov nad Topľou,48.8900674,21.6740199,SK,vranov-nad-toplou
Kamenica nad Cirochou,48.9340274,21.9912538,SK,kamenica-nad-cirochou
Dlhé nad Cirochou,48.9549012,22.0551829,SK,dlhe-nad-cirochou
Markušovce,48.9102128,20.6345428,SK,markusovce
Počkaj,48.6939867,20.9387007,SK,pockaj
Medzev,48.6981274,20.9039199,SK,medzev
Kunova Teplica,48.6083763,20.3847198,SK,kunova-teplica
Slavošovce,48.7192938,20.2698752,SK,slavosovce
Udavské,48.9655174,21.9470944,SK,udavske
Strážske,48.8675378,21.8248364,SK,strazske
Barca,48.6792613,21.2763381,SK,barca
Slančík ŠRT,48.6666773,21.4755011,SK,slancik-srt
Budkovce ŠRT,48.6282904,21.9286235,SK,budkovce-srt
Budkovce,48.6320158,21.9238577,SK,budkovce
Hatalov,48.6517848,21.8700453,SK,hatalov
Trebišov ŠRT,48.643538,21.7411311,SK,trebisov-srt
Bánovce nad Ondavou,48.6792981,21.8347849,SK,banovce-nad-ondavou
Hrinište,48.6522876,21.7758249,SK,hriniste
Petrovce nad Laborcom,48.7978546,21.86012,SK,petrovce-nad-laborcom
Čeľovce,48.6133181,21.6285948,SK,celovce
Hrhov,48.6067937,20.7692012,SK,hrhov
Lipovník,48.6322751,20.6028865,SK,lipovnik
Betliar,48.6999784,20.4996412,SK,betliar
Dobšiná,48.8133564,20.3842114,SK,dobsina
Nižná Slaná,48.7363551,20.4185624,SK,nizna-slana
Vlachovo,48.7948069,20.3912533,SK,vlachovo
Štítnik,48.668722,20.3628051,SK,stitnik
Sečovce,48.7041238,21.666049,SK,secovce
Soľ,48.9319739,21.6005105,SK,sol
Jelšava,48.6232102,20.2424407,SK,jelsava
Muráň,48.7403658,20.052008,SK,muran
Lubeník,48.6527643,20.1950323,SK,lubenik
Дубриничі,48.8096332,22.4875356,UA,
Сіль,48.9509948,22.5380004,UA,
Vydrník,48.9947418,20.4076383,SK,vydrnik
Spišská Nová Ves,48.9504283,20.560538,SK,spisska-nova-ves
Кам'яниця,48.6922472,22.4142504,UA,'
Moldava nad Bodvou mesto,48.608116,21.0031676,SK,moldava-nad-bodvou-mesto
Revúca,48.677424,20.1147262,SK,revuca
Košice,48.7220196,21.2692121,SK,kosice
Michalovce,48.7507346,21.8985414,SK,michalovce
Banská Bystrica,48.734955,19.1638759,SK,banska-bystrica
Парк,48.6192069,22.3108082,UA,
Молодіжна,48.6212181,22.3006421,UA,
"Valaská, Obec",48.8052676,19.5690626,SK,"valaska,-obec"
Brezno,48.8015539,19.6288877,SK,brezno
Hronec,48.8004225,19.5751023,SK,hronec
Ужгород,48.6094923,22.3011219,UA,
Swindon,51.5657001,-1.7852844,UK,swindon
Royston,52.0532089,-0.0269749,UK,royston
Canley,52.3993806,-1.5475333,UK,canley
Rhyl,53.3181979,-3.4887917,UK,rhyl
Sandal and Agbrigg,53.6628109,-1.480623,UK,sandal-and-agbrigg
Wellingborough,52.3037832,-0.6762814,UK,wellingborough
Ulleskelf,53.853331,-1.2143782,UK,ulleskelf
Adwick,53.5719324,-1.1798897,UK,adwick
Elsecar,53.4986826,-1.427499,UK,elsecar
Dodworth,53.5442059,-1.5320346,UK,dodworth
Erdington,52.5283826,-1.8394444,UK,erdington
Chester Road,52.5359496,-1.8324115,UK,chester-road
Sutton Coldfield,52.564801,-1.8251772,UK,sutton-coldfield
Gravelly Hill,52.5153884,-1.8527437,UK,gravelly-hill
Ardwick,53.4711613,-2.2132093,UK,ardwick
Shepherd's Bush Market,51.50607,-0.2263134,UK,shepherd's-bush-market
Maidenhead,51.5183532,-0.722846,UK,maidenhead
West Drayton,51.5097364,-0.4718293,UK,west-drayton
Finchley Central,51.6008355,-0.192318,UK,finchley-central
Butlers Lane,52.5926207,-1.8383926,UK,butlers-lane
Kettering,52.3934872,-0.7320452,UK,kettering
Lydney,51.7142815,-2.5304821,UK,lydney
Culham,51.6538921,-1.2365761,UK,culham
Appleford,51.6394882,-1.2424741,UK,appleford
Llandudno Junction,53.2838623,-3.8086287,UK,llandudno-junction
Flint,53.2496833,-3.1324867,UK,flint
Shotton,53.2136891,-3.0371817,UK,shotton
Acton Bridge,53.2662973,-2.602769,UK,acton-bridge
Carlisle,54.8902575,-2.9330473,UK,carlisle
Carluke,55.7311168,-3.8489342,UK,carluke
Newton,55.8188409,-4.1335767,UK,newton
Combe,51.8326251,-1.3939977,UK,combe
Shipton,51.8659832,-1.5926475,UK,shipton
Finstock,51.8528179,-1.4696045,UK,finstock
Pickering,54.2472695,-0.7784454,UK,pickering
Levisham,54.3082776,-0.7443884,UK,levisham
Newton Dale Halt,54.3424692,-0.7175713,UK,newton-dale-halt
Goathland,54.4005905,-0.7120943,UK,goathland
Settle,54.0669551,-2.2808342,UK,settle
Water Orton,52.5185309,-1.743655,UK,water-orton
Mill Hill Broadway,51.6126689,-0.2488001,UK,mill-hill-broadway
Ellesmere Port,53.2821114,-2.8960456,UK,ellesmere-port
Islip,51.826163,-1.2376466,UK,islip
Bicester Village,51.8924126,-1.1493759,UK,bicester-village
Ascott-under-Wychwood,51.8674576,-1.5639687,UK,ascott-under-wychwood
Cheltenham Racecourse,51.9244805,-2.0675337,UK,cheltenham-racecourse
Helsby,53.2752889,-2.7711482,UK,helsby
Patchway,51.5258271,-2.5623447,UK,patchway
Yate,51.5413993,-2.4321734,UK,yate
Bicester North,51.9032906,-1.149781,UK,bicester-north
Cyprus,51.5084776,0.0639692,UK,cyprus
Caldicot,51.5845063,-2.7597685,UK,caldicot
Stamford,52.647832,-0.4800873,UK,stamford
Mansion House,51.5118924,-0.0952228,UK,mansion-house
Narborough,52.571375,-1.2028089,UK,narborough
Oxenhope,53.8149232,-1.9524846,UK,oxenhope
Northolt Park,51.5575208,-0.3592754,UK,northolt-park
North Harrow,51.5851618,-0.3631762,UK,north-harrow
Milford Haven,51.7157699,-5.0414474,UK,milford-haven
Johnston,51.7562757,-4.9967193,UK,johnston
Haverfordwest,51.8026795,-4.960232,UK,haverfordwest
Fishguard Harbour,52.0106917,-4.986173,UK,fishguard-harbour
Styal,53.3482461,-2.2402077,UK,styal
Chirk,52.9332472,-3.06615,UK,chirk
Ruabon,52.98724,-3.0433414,UK,ruabon
Bourne End,51.5769144,-0.710798,UK,bourne-end
Clarbeston Road,51.851741,-4.8821559,UK,clarbeston-road
Harrow & Wealdstone,51.5922178,-0.3348748,UK,harrow-&-wealdstone
Kings Langley,51.7064134,-0.4378216,UK,kings-langley
Clunderwen,51.8401054,-4.7310195,UK,clunderwen
Whitland,51.818025,-4.6149893,UK,whitland
Skegness,53.1431867,0.3345214,UK,skegness
Havenhouse,53.1146157,0.2729912,UK,havenhouse
Wainfleet,53.105157,0.2345795,UK,wainfleet
Boston,52.978108,-0.0313195,UK,boston
Kilgetty,51.7323317,-4.7145215,UK,kilgetty
Tenby,51.6729708,-4.7067395,UK,tenby
Penally,51.6589419,-4.7219994,UK,penally
Manorbier,51.6602508,-4.7927577,UK,manorbier
Lamphey,51.6671229,-4.8728813,UK,lamphey
Pembroke,51.673007,-4.9064413,UK,pembroke
Wallyford,55.9404591,-3.0147883,UK,wallyford
Longniddry,55.9762365,-2.8886468,UK,longniddry
Drem,56.0051337,-2.7853021,UK,drem
Dunbar,55.9982113,-2.5136844,UK,dunbar
North Ealing,51.5174885,-0.2887523,UK,north-ealing
St Albans Abbey,51.7446585,-0.342528,UK,st-albans-abbey
Park Street,51.7256643,-0.3400687,UK,park-street
Bricket Wood,51.7055662,-0.3591176,UK,bricket-wood
Garston,51.6865229,-0.3818122,UK,garston
Watford North,51.6750417,-0.3902879,UK,watford-north
How Wood,51.7176358,-0.3446753,UK,how-wood
Carmarthen,51.8533058,-4.3057649,UK,carmarthen
Alnmouth,55.392793,-1.6367716,UK,alnmouth
Berwick-upon-Tweed,55.7745555,-2.0105423,UK,berwick-upon-tweed
Chathill,55.5367261,-1.7066521,UK,chathill
Loughborough Central,52.7690651,-1.1959184,UK,loughborough-central
Pembrey and Burry Port,51.6840593,-4.2489624,UK,pembrey-and-burry-port
Kidwelly,51.7343994,-4.3176545,UK,kidwelly
Llanelli,51.6737797,-4.1610727,UK,llanelli
Ferryside,51.7682462,-4.3695963,UK,ferryside
Port Talbot Parkway,51.5924394,-3.7817162,UK,port-talbot-parkway
Briton Ferry,51.6381644,-3.8199507,UK,briton-ferry
Bridgend,51.5071098,-3.5752586,UK,bridgend
Pyle,51.5253321,-3.6976297,UK,pyle
Llanharan,51.5376296,-3.4416549,UK,llanharan
Pontyclun,51.5238395,-3.3920553,UK,pontyclun
Aberystwyth,52.4138938,-4.0815468,UK,aberystwyth
Borth,52.4909831,-4.0496662,UK,borth
Dovey Junction,52.564764,-3.9237919,UK,dovey-junction
Machynlleth,52.5951801,-3.8548131,UK,machynlleth
Caersws,52.5161395,-3.4325953,UK,caersws
Newtown,52.5122378,-3.3114829,UK,newtown
Welshpool,52.6580323,-3.1394424,UK,welshpool
Dullingham,52.2015139,0.3658792,UK,dullingham
MetroCentre,54.9588888,-1.664932,UK,metrocentre
Armathwaite,54.809435,-2.7720801,UK,armathwaite
Lazonby and Kirkoswald,54.7508153,-2.7036908,UK,lazonby-and-kirkoswald
Langwathby,54.6943632,-2.6635574,UK,langwathby
Garsdale,54.3214617,-2.3263682,UK,garsdale
Dent,54.2825661,-2.3636343,UK,dent
Ribblehead,54.2056394,-2.3607303,UK,ribblehead
Horton-in-Ribblesdale,54.149217,-2.3020982,UK,horton-in-ribblesdale
Baldock,51.9929714,-0.1875624,UK,baldock
Hatton,52.2952126,-1.6729068,UK,hatton
Lapworth,52.3418029,-1.7258138,UK,lapworth
Dorridge,52.371854,-1.7528556,UK,dorridge
Widney Manor,52.3960285,-1.7742431,UK,widney-manor
Solihull,52.4146286,-1.7888672,UK,solihull
Bordesley,52.4722127,-1.877661,UK,bordesley
Birmingham Snow Hill,52.4837984,-1.8996588,UK,birmingham-snow-hill
Rugby,52.3790353,-1.2502743,UK,rugby
Watford High Street,51.6522296,-0.3924982,UK,watford-high-street
Fenny Stratford,51.9999805,-0.7179834,UK,fenny-stratford
Staveley,54.3756184,-2.8190719,UK,staveley
Monks Risborough,51.7358193,-0.8293176,UK,monks-risborough
Haddenham and Thame Parkway,51.7709259,-0.9420743,UK,haddenham-and-thame-parkway
Saunderton,51.6758974,-0.8253668,UK,saunderton
Gerrards Cross,51.5887853,-0.5549256,UK,gerrards-cross
Denham Golf Club,51.5806166,-0.5181943,UK,denham-golf-club
Denham,51.5787242,-0.4975242,UK,denham
Ruislip Gardens,51.5606573,-0.4104614,UK,ruislip-gardens
Tipton,52.530527,-2.0657314,UK,tipton
Wendover,51.7618168,-0.7476905,UK,wendover
Great Missenden,51.7033896,-0.7092458,UK,great-missenden
Smethwick Rolfe Street,52.4962726,-1.9693703,UK,smethwick-rolfe-street
South Kenton,51.5703076,-0.3085107,UK,south-kenton
North Wembley,51.5624017,-0.3038698,UK,north-wembley
Lichfield City,52.6802201,-1.8251247,UK,lichfield-city
Rugeley Town,52.7546597,-1.9369103,UK,rugeley-town
Talsarnau,52.9044005,-4.068266,UK,talsarnau
Pensarn,52.830309,-4.1111125,UK,pensarn
Dyffryn Ardudwy,52.7883162,-4.1046518,UK,dyffryn-ardudwy
Morfa Mawddach,52.7077447,-4.0316284,UK,morfa-mawddach
Fairbourne,52.6959804,-4.0490344,UK,fairbourne
Llwyngwril,52.6668265,-4.0877711,UK,llwyngwril
Aberdyfi,52.5443486,-4.0563163,UK,aberdyfi
Penhelyg,52.5456566,-4.0352142,UK,penhelyg
Alsager,53.0930252,-2.2988432,UK,alsager
Barnt Green,52.3609702,-1.9924997,UK,barnt-green
Droitwich Spa,52.2683805,-2.1583391,UK,droitwich-spa
Penkridge,52.7236965,-2.1193938,UK,penkridge
Bescot Stadium,52.5630317,-1.9910802,UK,bescot-stadium
Tame Bridge Parkway,52.5522851,-1.976025,UK,tame-bridge-parkway
Perry Barr,52.516406,-1.9023511,UK,perry-barr
Arlesey,52.0258212,-0.266464,UK,arlesey
Malvern Link,52.1258094,-2.3195676,UK,malvern-link
Blakedown,52.4067914,-2.1763936,UK,blakedown
Hagley,52.4224267,-2.1465358,UK,hagley
Stourbridge Junction,52.4476157,-2.1340314,UK,stourbridge-junction
Stourbridge Town,52.4555918,-2.1418921,UK,stourbridge-town
Lye,52.4599417,-2.1160497,UK,lye
Cradley Heath,52.4694427,-2.0907047,UK,cradley-heath
Rowley Regis,52.4774198,-2.0308221,UK,rowley-regis
Langley Green,52.4934857,-2.0054314,UK,langley-green
Meldreth,52.0908316,0.0091415,UK,meldreth
Bewdley,52.3757574,-2.3066603,UK,bewdley
Northwood Halt,52.3947134,-2.3275672,UK,northwood-halt
Arley,52.4172341,-2.3489579,UK,arley
Hampton Loade,52.4738852,-2.3771557,UK,hampton-loade
Highley,52.444908,-2.3705819,UK,highley
Leagrave,51.9054737,-0.4585987,UK,leagrave
Inverness,57.4802331,-4.2227142,UK,inverness
Beauly,57.478302,-4.4699354,UK,beauly
Kemble,51.6767954,-2.0230749,UK,kemble
Sudbury Hill Harrow,51.558533,-0.3361942,UK,sudbury-hill-harrow
Stroud,51.7445273,-2.2192353,UK,stroud
Stonehouse,51.7459341,-2.2794209,UK,stonehouse
Church Fenton,53.8270101,-1.2272134,UK,church-fenton
Llandaf,51.5084984,-3.2292469,UK,llandaf
Burley Park,53.8120604,-1.577847,UK,burley-park
Marske,54.5873806,-1.0195165,UK,marske
Dyce,57.2057069,-2.1926918,UK,dyce
Leuchars,56.374796,-2.8938545,UK,leuchars
Cupar,56.3172023,-3.0089641,UK,cupar
Springfield,56.2949363,-3.0528873,UK,springfield
Ladybank,56.2742464,-3.1215949,UK,ladybank
Inverurie,57.2864073,-2.3734847,UK,inverurie
Insch,57.3373738,-2.6169182,UK,insch
Huntly,57.4445079,-2.7757306,UK,huntly
Keith,57.5513812,-2.9540057,UK,keith
East Didsbury,53.4093155,-2.2219984,UK,east-didsbury
Edinburgh Park,55.9275816,-3.3075679,UK,edinburgh-park
Newcraighall,55.9329747,-3.0906705,UK,newcraighall
Deganwy,53.2945847,-3.8331941,UK,deganwy
Llandudno,53.3202833,-3.8278226,UK,llandudno
Dalston Junction,51.5452841,-0.074968,UK,dalston-junction
Hinckley,52.5351729,-1.3711055,UK,hinckley
Radley,51.6856231,-1.2402569,UK,radley
Lockwood,53.6348046,-1.8007875,UK,lockwood
Berry Brow,53.6210566,-1.7935694,UK,berry-brow
Honley,53.6082408,-1.7808523,UK,honley
Brockholes,53.5970261,-1.7698266,UK,brockholes
Denby Dale,53.5728721,-1.663204,UK,denby-dale
Penistone,53.525632,-1.6226761,UK,penistone
Silkstone Common,53.5353509,-1.5630289,UK,silkstone-common
Crowle,53.5898215,-0.8173514,UK,crowle
Althorpe,53.5855457,-0.732955,UK,althorpe
Barnetby,53.5750127,-0.4097613,UK,barnetby
Brigg,53.5490517,-0.4857584,UK,brigg
Kirton Lindsey,53.4852618,-0.5935507,UK,kirton-lindsey
Haworth,53.8313183,-1.9488416,UK,haworth
Oakworth,53.8413266,-1.9419575,UK,oakworth
Damems,53.8459194,-1.9244358,UK,damems
Ingrow (West),53.8536646,-1.9151443,UK,ingrow-west
Baildon,53.8502025,-1.7537033,UK,baildon
Long Preston,54.0166575,-2.2551519,UK,long-preston
Langho,53.8048112,-2.4488239,UK,langho
Darwen,53.6979355,-2.4642693,UK,darwen
Entwistle,53.6559805,-2.414053,UK,entwistle
Kearsley,53.5445245,-2.3754896,UK,kearsley
Clifton,53.5223155,-2.3141164,UK,clifton
Port Glasgow,55.9335317,-4.6904781,UK,port-glasgow
Branchton,55.9405482,-4.8036446,UK,branchton
Paisley Gilmour Street,55.8473867,-4.4242818,UK,paisley-gilmour-street
Cardonald,55.8527558,-4.3403698,UK,cardonald
Bishopton,55.9023584,-4.5008001,UK,bishopton
Blackrod,53.5912146,-2.5698672,UK,blackrod
Wavertree Technology Park,53.4052171,-2.9228151,UK,wavertree-technology-park
Lea Green,53.4267142,-2.7251202,UK,lea-green
Thatto Heath,53.4366896,-2.7594696,UK,thatto-heath
Garswood,53.4880481,-2.6719929,UK,garswood
Wick,58.4417398,-3.098527,UK,wick
Georgemas Junction,58.5135504,-3.4513992,UK,georgemas-junction
Thurso,58.5897358,-3.5278692,UK,thurso
Gatley,53.3932392,-2.2306618,UK,gatley
Walthamstow Queen's Road,51.5815237,-0.0237594,UK,walthamstow-queen's-road
Warrington Bank Quay,53.3859367,-2.6031782,UK,warrington-bank-quay
Eccles,53.4855266,-2.3340515,UK,eccles
Criccieth,52.9183691,-4.2370677,UK,criccieth
Stechford,52.4851563,-1.8110345,UK,stechford
Lea Hall,52.4805217,-1.786031,UK,lea-hall
Hampton-in-Arden,52.4286358,-1.6997231,UK,hampton-in-arden
Iver,51.5086086,-0.5068108,UK,iver
Westminster,51.5013562,-0.1249302,UK,westminster
Derby Road,52.0505184,1.1826954,UK,derby-road
Felixstowe,51.9670171,1.3498136,UK,felixstowe
Westerfield,52.0810968,1.1662429,UK,westerfield
Brundall Gardens,52.6233987,1.4185238,UK,brundall-gardens
Bedford St Johns,52.1293364,-0.4676146,UK,bedford-st-johns
Dalgety Bay,56.0422731,-3.367249,UK,dalgety-bay
Aberdour,56.0547554,-3.3009757,UK,aberdour
Burntisland,56.0573493,-3.2338286,UK,burntisland
Kinghorn,56.069094,-3.1744897,UK,kinghorn
Glenrothes with Thornton,56.162291,-3.1429347,UK,glenrothes-with-thornton
Cardenden,56.141062,-3.2609812,UK,cardenden
Lochgelly,56.1348998,-3.3134751,UK,lochgelly
Cowdenbeath,56.1116531,-3.3432863,UK,cowdenbeath
Dunfermline Queen Margaret,56.0801657,-3.4217706,UK,dunfermline-queen-margaret
Dunfermline City,56.0681116,-3.4523618,UK,dunfermline-city
Rosyth,56.0453763,-3.4263289,UK,rosyth
Muir of Ord,57.5176683,-4.4602186,UK,muir-of-ord
Dingwall,57.5941965,-4.422199,UK,dingwall
Alness,57.6944251,-4.2499451,UK,alness
Invergordon,57.6890832,-4.1742602,UK,invergordon
Fearn,57.7780916,-3.9939337,UK,fearn
Tain,57.8144887,-4.0521292,UK,tain
Ardgay,57.8815701,-4.362216,UK,ardgay
Lairg,58.0018896,-4.3998683,UK,lairg
Golspie,57.9714657,-3.9870732,UK,golspie
Dunrobin Castle,57.9857817,-3.9473688,UK,dunrobin-castle
Brora,58.0131432,-3.8523419,UK,brora
Helmsdale,58.1177286,-3.6591456,UK,helmsdale
Garve,57.6131055,-4.6883753,UK,garve
Achnasheen,57.5793199,-5.0721994,UK,achnasheen
Stromeferry,57.3522003,-5.5507696,UK,stromeferry
Plockton,57.3335912,-5.6658916,UK,plockton
Kyle of Lochalsh,57.2802066,-5.7138678,UK,kyle-of-lochalsh
Boat of Garten,57.2481303,-3.7524586,UK,boat-of-garten
Broomhill,57.2833838,-3.6670708,UK,broomhill
Carrbridge,57.279486,-3.8282176,UK,carrbridge
Dufftown,57.4580974,-3.1310294,UK,dufftown
Towiemore,57.49636,-3.0114699,UK,towiemore
Keith Town,57.5435539,-2.9557534,UK,keith-town
Elgin,57.6427907,-3.3111359,UK,elgin
Polmont,55.9844795,-3.7144735,UK,polmont
Linlithgow,55.9763936,-3.5957872,UK,linlithgow
Brundall,52.6195374,1.4389568,UK,brundall
Fort William,56.8205581,-5.1053126,UK,fort-william
Banavie,56.8438445,-5.0958983,UK,banavie
Lochailort,56.8814375,-5.6632962,UK,lochailort
Locheilside,56.8559844,-5.2903522,UK,locheilside
Loch Eil Outward Bound,56.8554042,-5.1929207,UK,loch-eil-outward-bound
Colchester Town,51.8865086,0.9054279,UK,colchester-town
Milngavie,55.9413182,-4.3143365,UK,milngavie
Hillfoot,55.9203329,-4.319724,UK,hillfoot
Bearsden,55.9169433,-4.3326044,UK,bearsden
Cardross,55.9602378,-4.652967,UK,cardross
Craigendoran,55.9948435,-4.7119204,UK,craigendoran
Morley,53.7505897,-1.589163,UK,morley
Hope (Flintshire),53.1168595,-3.0372474,UK,hope-flintshire
Caergwrle,53.1080896,-3.0332375,UK,caergwrle
Cefn-y-Bedd,53.0988378,-3.0308499,UK,cefn-y-bedd
Gwersyllt,53.0727884,-3.0176175,UK,gwersyllt
Gretna Green,55.0007365,-3.066695,UK,gretna-green
Annan,54.9835121,-3.2628103,UK,annan
Dumfries,55.0727039,-3.6044458,UK,dumfries
Kelvinhall,55.8710725,-4.2997826,UK,kelvinhall
Sanquhar,55.3709645,-3.9246994,UK,sanquhar
Kirkconnel,55.3875092,-3.9988105,UK,kirkconnel
New Cumnock,55.4022358,-4.1833546,UK,new-cumnock
Auchinleck,55.4698739,-4.2959612,UK,auchinleck
Troon,55.5427424,-4.6555229,UK,troon
Kilmarnock,55.6125595,-4.4994085,UK,kilmarnock
Yarwell Junction (NVR),52.5610781,-0.4094509,UK,yarwell-junction-nvr
Cressington,53.3586932,-2.912095,UK,cressington
Rothley,52.7042808,-1.1598113,UK,rothley
Bowling,55.9310545,-4.4929182,UK,bowling
Helensburgh Central,56.0038456,-4.7315696,UK,helensburgh-central
Kelvinbridge,55.8742774,-4.2797284,UK,kelvinbridge
Hillhead,55.8752484,-4.2933927,UK,hillhead
Forsinard,58.3568564,-3.8969589,UK,forsinard
Lochwinnoch,55.7871745,-4.6157219,UK,lochwinnoch
Irwell Vale,53.6768699,-2.3157744,UK,irwell-vale
Rawtenstall,53.698586,-2.2918033,UK,rawtenstall
Summerseat,53.6279534,-2.3134126,UK,summerseat
Burrs Country Park Halt,53.6113055,-2.3032556,UK,burrs-country-park-halt
"Bury, Bolton Street",53.5929094,-2.3003018,UK,"bury,-bolton-street"
Spean Bridge,56.8898718,-4.9216232,UK,spean-bridge
Ramsbottom,53.6473535,-2.3146606,UK,ramsbottom
Neston,53.2917321,-3.062958,UK,neston
Wylde Green,52.5456367,-1.8314515,UK,wylde-green
Aigburth,53.3645118,-2.9266096,UK,aigburth
Penmaenmawr,53.2705474,-3.9235064,UK,penmaenmawr
Llanfairfechan,53.2569753,-3.983123,UK,llanfairfechan
Llanfairpwll,53.2208651,-4.2093569,UK,llanfairpwll
Bodorgan,53.2041893,-4.4162913,UK,bodorgan
Ty Croes,53.2225426,-4.4739623,UK,ty-croes
Rhosneigr,53.2346794,-4.5058449,UK,rhosneigr
Valley,53.2815404,-4.5634307,UK,valley
Heckington,52.9772075,-0.2938084,UK,heckington
Sleaford,52.9955161,-0.4101594,UK,sleaford
Rauceby,52.9852782,-0.4559695,UK,rauceby
Elton and Orston,52.9521534,-0.8554051,UK,elton-and-orston
Cartsdyke,55.9422124,-4.7323622,UK,cartsdyke
Bogston,55.9371847,-4.7122765,UK,bogston
Woodhall,55.9314376,-4.6566353,UK,woodhall
Langbank,55.9245747,-4.5861277,UK,langbank
Paisley St James,55.85212,-4.4424606,UK,paisley-st-james
Hillington West,55.8558618,-4.3710945,UK,hillington-west
Hillington East,55.8542302,-4.3549043,UK,hillington-east
Bellgrove,55.8567027,-4.2243365,UK,bellgrove
Duke Street,55.8586614,-4.2125984,UK,duke-street
Shenton,52.5996554,-1.415295,UK,shenton
Shackerstone,52.6556653,-1.4412337,UK,shackerstone
South Gyle,55.936508,-3.2993662,UK,south-gyle
Aspley Guise,52.0212048,-0.6326933,UK,aspley-guise
Ridgmont,52.026389,-0.5948488,UK,ridgmont
Stewartby,52.0690354,-0.5207575,UK,stewartby
Paisley Canal,55.840182,-4.4227595,UK,paisley-canal
Severn Beach,51.5596758,-2.6645392,UK,severn-beach
Battersby,54.4575551,-1.0933566,UK,battersby
Burnham,51.5233926,-0.6470844,UK,burnham
Brunswick,53.3832177,-2.9760156,UK,brunswick
Greenock Central,55.9452099,-4.7518756,UK,greenock-central
Whinhill,55.9383768,-4.7466858,UK,whinhill
Embsay,53.9753663,-1.9911832,UK,embsay
Holywell Halt,53.9759635,-1.9604287,UK,holywell-halt
Argyle Street,55.8576248,-4.2505836,UK,argyle-street
Anderston,55.8597738,-4.2702586,UK,anderston
Crossmyloof,55.8337247,-4.284793,UK,crossmyloof
Shawlands,55.8293953,-4.2924269,UK,shawlands
Thorntonhall,55.7683101,-4.2505925,UK,thorntonhall
Giffnock,55.8039361,-4.2929605,UK,giffnock
Thornliebank,55.8110927,-4.3117061,UK,thornliebank
Bolton Abbey,53.9761584,-1.9087365,UK,bolton-abbey
Hawarden Bridge,53.2181055,-3.0323456,UK,hawarden-bridge
Williamwood,55.7940114,-4.2899228,UK,williamwood
Cathcart,55.8177954,-4.2603903,UK,cathcart
Patterton,55.7905841,-4.3352786,UK,patterton
Neilston,55.7828151,-4.4272019,UK,neilston
Maxwell Park,55.8376638,-4.288521,UK,maxwell-park
Pollokshields West,55.8376405,-4.2761545,UK,pollokshields-west
Llanwrtyd,52.1046083,-3.6322246,UK,llanwrtyd
Crookston,55.8422333,-4.3651014,UK,crookston
Ravensthorpe,53.6755716,-1.6557662,UK,ravensthorpe
Penrhyndeudraeth,52.9287529,-4.0644936,UK,penrhyndeudraeth
Harlech,52.861755,-4.1092654,UK,harlech
Hawkhead,55.8421016,-4.3995361,UK,hawkhead
Mount Florida,55.8268033,-4.2611049,UK,mount-florida
Walsall,52.5841365,-1.9852679,UK,walsall
Croston,53.6674573,-2.7779892,UK,croston
Burscough Junction,53.5975512,-2.8405323,UK,burscough-junction
Salwick,53.7817543,-2.8182384,UK,salwick
Kirkham and Wesham,53.7869046,-2.8833796,UK,kirkham-and-wesham
Moss Side,53.7647531,-2.9429624,UK,moss-side
Carnforth,54.1296244,-2.7714886,UK,carnforth
Layton,53.8353457,-3.0299186,UK,layton
Pembroke Dock,51.6938827,-4.9375963,UK,pembroke-dock
Euxton Balshaw Lane,53.6598241,-2.6716808,UK,euxton-balshaw-lane
Ibrox,55.854705,-4.3048819,UK,ibrox
Govan,55.8622526,-4.3106046,UK,govan
Bramhall,53.3601721,-2.1623117,UK,bramhall
Hockley,51.6036509,0.6591006,UK,hockley
St Enoch,55.8575378,-4.2551909,UK,st-enoch
Buchanan Street,55.862413,-4.253398,UK,buchanan-street
Bridge Street,55.8519813,-4.2582198,UK,bridge-street
St George's Cross,55.8712226,-4.2691792,UK,st-george's-cross
Burnley Central,53.7935522,-2.2447896,UK,burnley-central
Burnley Barracks,53.790928,-2.2579533,UK,burnley-barracks
Nelson,53.8347164,-2.2142644,UK,nelson
Brierfield,53.8243669,-2.236243,UK,brierfield
Kinning Park,55.8503817,-4.2878813,UK,kinning-park
Redcar East,54.609055,-1.0519248,UK,redcar-east
Blackhorse Road,51.5867174,-0.0416453,UK,blackhorse-road
Denton,53.4574018,-2.1309424,UK,denton
Reddish South,53.4359636,-2.1586843,UK,reddish-south
Middlewood,53.3600557,-2.0835284,UK,middlewood
Southport,53.6468651,-3.0028279,UK,southport
West Street,55.8495393,-4.265835,UK,west-street
Shields Road,55.8499812,-4.2753727,UK,shields-road
Mosspark,55.8406701,-4.3471881,UK,mosspark
Corkerhill,55.8374699,-4.3343276,UK,corkerhill
Tygwyn,52.8937477,-4.0785559,UK,tygwyn
Taplow,51.5233325,-0.6818864,UK,taplow
Trimley,51.9766523,1.3194153,UK,trimley
St Andrews Road,51.5124477,-2.6964411,UK,st-andrews-road
Pemberton,53.530526,-2.6695158,UK,pemberton
Wigan Wallgate,53.5450582,-2.6342351,UK,wigan-wallgate
Wishaw,55.772201,-3.926309,UK,wishaw
Uddingston,55.8235614,-4.0870218,UK,uddingston
Cambuslang,55.8194533,-4.1730177,UK,cambuslang
Airbles,55.7820658,-3.9946997,UK,airbles
Hamilton West,55.7793567,-4.055493,UK,hamilton-west
Blantyre,55.7972986,-4.0868786,UK,blantyre
Burnside,55.8169392,-4.2031241,UK,burnside
Croftfoot,55.8182468,-4.2282424,UK,croftfoot
Kings Park,55.8195122,-4.2462819,UK,kings-park
Johnstone,55.8342806,-4.5030863,UK,johnstone
Howwood,55.8105718,-4.5625091,UK,howwood
Glengarnock,55.7389842,-4.6748972,UK,glengarnock
Dalry,55.70599,-4.7111352,UK,dalry
Rainhill,53.4172066,-2.7662934,UK,rainhill
Orrell,53.53016,-2.7091136,UK,orrell
Upholland,53.5284097,-2.7410475,UK,upholland
Rainford,53.5171092,-2.7885785,UK,rainford
Irvine,55.6111945,-4.6747819,UK,irvine
Stevenston,55.6342495,-4.7501074,UK,stevenston
Ardrossan South Beach,55.6411104,-4.8005345,UK,ardrossan-south-beach
Ardrossan Town,55.640213,-4.8120759,UK,ardrossan-town
Ardrossan Harbour,55.6395086,-4.8202505,UK,ardrossan-harbour
West Kilbride,55.6964342,-4.8513782,UK,west-kilbride
Fairlie,55.7518932,-4.8531864,UK,fairlie
Largs,55.7924967,-4.8670329,UK,largs
Maryhill,55.8975029,-4.3011492,UK,maryhill
Kennishead,55.8134577,-4.324607,UK,kennishead
Nitshill,55.8118935,-4.3604363,UK,nitshill
Kirkby,53.4863899,-2.9028054,UK,kirkby
Aintree,53.4738148,-2.9563311,UK,aintree
Formby,53.5543155,-3.0709185,UK,formby
Ainsdale,53.6018568,-3.04264,UK,ainsdale
Seaforth & Litherland,53.4655761,-3.0047956,UK,seaforth-&-litherland
Bootle New Strand,53.4527853,-2.9946156,UK,bootle-new-strand
Bootle Oriel Road,53.4467,-2.9956678,UK,bootle-oriel-road
Pollokshaws East,55.8248032,-4.2871464,UK,pollokshaws-east
Langside,55.8209593,-4.2763033,UK,langside
Crosshill,55.833259,-4.2566597,UK,crosshill
Queens Park,55.8353494,-4.2669649,UK,queens-park
Dunlop,55.7119142,-4.5323997,UK,dunlop
Stewarton,55.68208,-4.518166,UK,stewarton
Kilmaurs,55.6371026,-4.5305498,UK,kilmaurs
Maybole,55.3546492,-4.6853779,UK,maybole
Girvan,55.2462778,-4.8480843,UK,girvan
Barrhill,55.0975281,-4.7821386,UK,barrhill
Stranraer,54.9092782,-5.0246884,UK,stranraer
Dumbreck,55.8449511,-4.3007989,UK,dumbreck
Bare Lane,54.0746566,-2.8349663,UK,bare-lane
Morecambe,54.0703282,-2.8685482,UK,morecambe
Heysham Port,54.0333273,-2.912999,UK,heysham-port
Greenock West,55.9472002,-4.767762,UK,greenock-west
Inverkip,55.9060729,-4.8723695,UK,inverkip
Wemyss Bay,55.8762565,-4.8893143,UK,wemyss-bay
Mount Vernon,55.8404655,-4.1326839,UK,mount-vernon
Bargeddie,55.8512996,-4.0737519,UK,bargeddie
Baillieston,55.8445129,-4.1137169,UK,baillieston
Holytown,55.812564,-3.9734878,UK,holytown
Shotts,55.8185654,-3.7990785,UK,shotts
Addiewell,55.8434492,-3.6063049,UK,addiewell
Fauldhouse,55.8224448,-3.7192484,UK,fauldhouse
Breich,55.8275461,-3.6672602,UK,breich
Warcop,54.5354896,-2.3825907,UK,warcop
Kirkby Stephen East,54.4625907,-2.357978,UK,kirkby-stephen-east
Leasowe,53.4080707,-3.0999836,UK,leasowe
Upton,53.3864448,-3.084131,UK,upton
Romford,51.5747271,0.1826107,UK,romford
Taffs Well,51.5412435,-3.2638929,UK,taffs-well
Treforest Estate,51.5681608,-3.2902376,UK,treforest-estate
Trefforest,51.5918935,-3.3249855,UK,trefforest
Fort Matilda,55.9589194,-4.7952091,UK,fort-matilda
Wood End,52.3442757,-1.844423,UK,wood-end
Stratford-upon-Avon,52.1949449,-1.7163038,UK,stratford-upon-avon
Whitlocks End,52.3919065,-1.8514355,UK,whitlocks-end
Wythall,52.3801248,-1.8654559,UK,wythall
Henley-in-Arden,52.2914546,-1.7839992,UK,henley-in-arden
Stratford-upon-Avon Parkway,52.2065538,-1.7304498,UK,stratford-upon-avon-parkway
Radyr,51.5165903,-3.2490261,UK,radyr
Maesteg,51.609681,-3.6549668,UK,maesteg
Garth (Bridgend),51.5966785,-3.6426832,UK,garth-bridgend
Rushcliffe Halt,52.8438171,-1.1822374,UK,rushcliffe-halt
Wansford (NVR),52.5681509,-0.3898649,UK,wansford-nvr
Orton Mere (NVR),52.5600241,-0.2800883,UK,orton-mere-nvr
Stanhope,54.7433099,-2.0032455,UK,stanhope
Devil's Bridge / Pontarfynach,52.376061,-3.8545939,UK,devil's-bridge-/-pontarfynach
Rhiwfron,52.38375,-3.8695391,UK,rhiwfron
Aberffrwd,52.3907764,-3.9311239,UK,aberffrwd
Capel Bangor,52.3993745,-3.9889123,UK,capel-bangor
Llanbadarn,52.4059929,-4.0618245,UK,llanbadarn
Hunmanby,54.1739878,-0.3145738,UK,hunmanby
Glossop,53.4448108,-1.950017,UK,glossop
Dinting,53.4493243,-1.9705971,UK,dinting
Broadbottom,53.4407902,-2.0160042,UK,broadbottom
Hattersley,53.4449376,-2.039436,UK,hattersley
Godley,53.4522488,-2.0556364,UK,godley
Woodley,53.4291998,-2.0928676,UK,woodley
Rose Hill Marple,53.3960432,-2.0765086,UK,rose-hill-marple
Hyde Central,53.4513383,-2.0850769,UK,hyde-central
Ptarmigan Station,57.1240153,-3.6453886,UK,ptarmigan-station
Worstead,52.7773534,1.4040725,UK,worstead
Llanrwst,53.1390542,-3.7946636,UK,llanrwst
Gogledd Llanrwst / North Llanrwst,53.1440071,-3.8026402,UK,gogledd-llanrwst-/-north-llanrwst
Dolgarrog,53.1859355,-3.8231367,UK,dolgarrog
Tal-y-Cafn,53.2284216,-3.8183737,UK,tal-y-cafn
Dudley Port,52.524461,-2.0492538,UK,dudley-port
Pilning,51.556377,-2.6267285,UK,pilning
Woburn Sands,52.0181089,-0.654557,UK,woburn-sands
Bow Brickhill,52.0042693,-0.6962178,UK,bow-brickhill
Manea,52.4978134,0.1778063,UK,manea
Hendon,51.5802174,-0.2388805,UK,hendon
Furze Platt,51.5331544,-0.7284148,UK,furze-platt
Radlett,51.6853254,-0.3170888,UK,radlett
Plas-y-nant,53.0829482,-4.1697854,UK,plas-y-nant
Waunfawr,53.1063472,-4.2016482,UK,waunfawr
Widdrington,55.2411444,-1.6162192,UK,widdrington
Cark and Cartmel,54.1779678,-2.9740018,UK,cark-and-cartmel
Dalton,54.1542369,-3.1788418,UK,dalton
Foxfield,54.2585965,-3.2159351,UK,foxfield
Silecroft,54.2260891,-3.3346818,UK,silecroft
Seascale,54.3962884,-3.4851711,UK,seascale
Nethertown,54.4562273,-3.5656239,UK,nethertown
Harrington,54.6135197,-3.5655496,UK,harrington
Flimby,54.6899875,-3.5205306,UK,flimby
Dalston,54.846165,-2.9885758,UK,dalston
Newstead,53.069977,-1.2218222,UK,newstead
Lakenheath,52.4474326,0.5344379,UK,lakenheath
Abererch,52.8983791,-4.3749053,UK,abererch
Penychain,52.9028961,-4.338351,UK,penychain
Maghull,53.5064699,-2.9310252,UK,maghull
Llanaber,52.7413979,-4.0771655,UK,llanaber
Talybont,52.7729002,-4.0970877,UK,talybont
Llanbedr,52.8203328,-4.109581,UK,llanbedr
North Fambridge,51.6486316,0.6817622,UK,north-fambridge
Lytham,53.7393224,-2.9641884,UK,lytham
Ansdell and Fairhaven,53.741637,-2.993513,UK,ansdell-and-fairhaven
Squires Gate,53.7769901,-3.0501715,UK,squires-gate
Newby Bridge Halt,54.2696333,-2.9739215,UK,newby-bridge-halt
Haverthwaite,54.2497682,-3.0000168,UK,haverthwaite
Hadfield,53.4608456,-1.9653832,UK,hadfield
White Notley,51.8392682,0.595265,UK,white-notley
Cressing,51.8519489,0.578324,UK,cressing
Braintree Freeport,51.8692939,0.5681965,UK,braintree-freeport
Rayleigh,51.5894866,0.6002479,UK,rayleigh
Rochford,51.5816749,0.7021425,UK,rochford
Uttoxeter,52.89681,-1.856515,UK,uttoxeter
Blythe Bridge,52.9678303,-2.066925,UK,blythe-bridge
Longton,52.9900417,-2.1372966,UK,longton
Bearley,52.2449168,-1.7498157,UK,bearley
Claverdon,52.2772189,-1.6963369,UK,claverdon
Dunblane,56.1858372,-3.9657077,UK,dunblane
Penyffordd,53.1427065,-3.0548121,UK,penyffordd
Cwmbran,51.6570903,-3.0159856,UK,cwmbran
Pontypool and New Inn,51.6973269,-3.0135499,UK,pontypool-and-new-inn
Old Street,51.5256284,-0.0876094,UK,old-street
Snowdon Ranger,53.073789,-4.1434263,UK,snowdon-ranger
Downham Market,52.6041596,0.3656086,UK,downham-market
Scarborough,54.2791479,-0.4062351,UK,scarborough
Kempston Hardwick,52.0919553,-0.5039944,UK,kempston-hardwick
Heswall,53.3296666,-3.0733539,UK,heswall
Sheringham,52.9413671,1.2107897,UK,sheringham
West Runton,52.9355494,1.2457949,UK,west-runton
Cromer,52.9300536,1.2916476,UK,cromer
Sherburn-in-Elmet,53.7975092,-1.2329024,UK,sherburn-in-elmet
Kenton,51.5815255,-0.3166378,UK,kenton
Heath High Level,51.5168194,-3.181568,UK,heath-high-level
Aber,51.5748662,-3.2298096,UK,aber
Llanbradach,51.6041104,-3.2330809,UK,llanbradach
Burnage,53.4221262,-2.2151579,UK,burnage
Redmire,54.3191529,-1.9284688,UK,redmire
Whittlesea,52.5495767,-0.1180869,UK,whittlesea
Shenstone,52.6392328,-1.844343,UK,shenstone
Tutbury and Hatton,52.8641203,-1.6821183,UK,tutbury-and-hatton
Bishop Auckland,54.6572212,-1.6779534,UK,bishop-auckland
Shildon,54.6261932,-1.6367101,UK,shildon
Dinsdale,54.5149956,-1.4671224,UK,dinsdale
Wymondham Abbey,52.5703772,1.1039071,UK,wymondham-abbey
Kimberley Park,52.5910486,1.0518284,UK,kimberley-park
Hardingham,52.610697,1.0246114,UK,hardingham
Thuxton,52.6249388,1.0007009,UK,thuxton
Yaxham,52.6523738,0.9597314,UK,yaxham
Dereham,52.6789805,0.9476376,UK,dereham
Prestatyn,53.3362293,-3.4073552,UK,prestatyn
Glanyrafon,52.4045316,-4.0377786,UK,glanyrafon
Birkenhead Central,53.3881969,-3.020883,UK,birkenhead-central
Green Lane,53.3833042,-3.0162757,UK,green-lane
Ruskington,53.0413872,-0.3804741,UK,ruskington
Baglan,51.6143157,-3.8093646,UK,baglan
Trehafod,51.6100966,-3.3807003,UK,trehafod
Porth,51.6124563,-3.4076599,UK,porth
Dinas Rhondda,51.6173914,-3.4371,UK,dinas-rhondda
Tonypandy,51.6198264,-3.4490565,UK,tonypandy
Llwynypia,51.6340794,-3.4533291,UK,llwynypia
Ystrad Rhondda,51.6434881,-3.4665885,UK,ystrad-rhondda
Ton Pentre,51.647702,-3.4861594,UK,ton-pentre
Treorchy,51.6574072,-3.5060614,UK,treorchy
Treherbert,51.671619,-3.5350926,UK,treherbert
North Walsham,52.8168645,1.3845702,UK,north-walsham
King's Cross St Pancras,51.530609,-0.1239491,UK,king's-cross-st-pancras
Pentre-bach,51.7248294,-3.3623399,UK,pentre-bach
Troed-y-rhiw,51.7120426,-3.3463983,UK,troed-y-rhiw
Merthyr Vale,51.6869084,-3.3371036,UK,merthyr-vale
Quakers Yard,51.6603466,-3.3228105,UK,quakers-yard
Abercynon,51.6430833,-3.3296312,UK,abercynon
Penrhiwceiber,51.6699873,-3.3597793,UK,penrhiwceiber
Fernhill,51.6866141,-3.3958825,UK,fernhill
Cwmbach,51.701481,-3.4147941,UK,cwmbach
Aberdare,51.7137509,-3.4395026,UK,aberdare
Rogerstone,51.5954576,-3.0662702,UK,rogerstone
Birkhill,55.9932981,-3.6606053,UK,birkhill
Hucknall,53.0384983,-1.1959496,UK,hucknall
Caerphilly,51.5715441,-3.2188217,UK,caerphilly
Mansfield Woodhouse,53.1634635,-1.2017516,UK,mansfield-woodhouse
Kirkwood,55.8541741,-4.0482987,UK,kirkwood
Fisherground Halt,54.3923259,-3.3034231,UK,fisherground-halt
Eskdale Green,54.386818,-3.3177092,UK,eskdale-green
Irton Road,54.3879142,-3.3300669,UK,irton-road
Ravenglass (R&ER),54.3558349,-3.4081846,UK,ravenglass-r&er
Broad Green,53.4065083,-2.8933889,UK,broad-green
Metheringham,53.1389295,-0.3910625,UK,metheringham
Bottesford,52.9446871,-0.794966,UK,bottesford
Hubberts Bridge,52.975325,-0.1098555,UK,hubberts-bridge
Hensall,53.6984869,-1.1146617,UK,hensall
Rawcliffe,53.6889426,-0.9612713,UK,rawcliffe
Pontefract Tanshelf,53.6940034,-1.3189035,UK,pontefract-tanshelf
South Elmsall,53.5948464,-1.2853506,UK,south-elmsall
Dovercourt,51.9388053,1.2805132,UK,dovercourt
Priesthill & Darnley,55.8120349,-4.3429643,UK,priesthill-&-darnley
Summerston,55.8988407,-4.2921881,UK,summerston
Ebbw Vale Parkway,51.7565058,-3.1960549,UK,ebbw-vale-parkway
Whitecraigs,55.7902824,-4.3103086,UK,whitecraigs
Ynyswen,51.6649577,-3.521481,UK,ynyswen
Ystrad Mynach,51.6405449,-3.2418174,UK,ystrad-mynach
Hengoed,51.6469338,-3.2256551,UK,hengoed
Pengam,51.67009,-3.2301201,UK,pengam
Gilfach Fargoed,51.6841393,-3.2274233,UK,gilfach-fargoed
Bargoed,51.6927479,-3.229824,UK,bargoed
Brithdir,51.7102735,-3.2282669,UK,brithdir
Tir-Phil,51.7210308,-3.245999,UK,tir-phil
Pontlottyn,51.7465332,-3.2793246,UK,pontlottyn
Rhymney,51.7588286,-3.2895642,UK,rhymney
Chappel and Wakes Colne,51.9258987,0.7586045,UK,chappel-and-wakes-colne
Bures,51.9712007,0.7691188,UK,bures
Sudbury,52.0362647,0.7355732,UK,sudbury
Arsenal,51.5583839,-0.1074866,UK,arsenal
Newcastle,54.9683364,-1.616046,UK,newcastle
Thorpe Culvert,53.1230326,0.1995165,UK,thorpe-culvert
Salhouse,52.6755817,1.3913667,UK,salhouse
Hoveton and Wroxham,52.7155355,1.4080786,UK,hoveton-and-wroxham
Abergele and Pensarn,53.2945866,-3.5826531,UK,abergele-and-pensarn
Conwy,53.280096,-3.8306652,UK,conwy
Buckley,53.1625354,-3.0551852,UK,buckley
Cottingley,53.7680337,-1.5877727,UK,cottingley
Park Lane,54.902301,-1.3846154,UK,park-lane
Seaton Delaval,55.0747281,-1.5383775,UK,seaton-delaval
Glan Conwy,53.268621,-3.7976377,UK,glan-conwy
Chatelherault,55.7651179,-4.0044368,UK,chatelherault
Larkhall,55.7386095,-3.9750115,UK,larkhall
Newmarket,52.238341,0.4073491,UK,newmarket
Llanishen,51.5329957,-3.181843,UK,llanishen
Livingston South,55.8716042,-3.5014895,UK,livingston-south
Chapeltown,53.4625006,-1.4664375,UK,chapeltown
Clayton West,53.5971192,-1.6112886,UK,clayton-west
Skelmanthorpe,53.5954353,-1.6527683,UK,skelmanthorpe
Shelley,53.5872715,-1.6854558,UK,shelley
Idridgehay,53.0356487,-1.5691356,UK,idridgehay
Gunton,52.866075,1.349369,UK,gunton
Roughton Road,52.91792,1.2997853,UK,roughton-road
Jewellery Quarter,52.4896794,-1.913704,UK,jewellery-quarter
Sheringham (NNR),52.9417043,1.2080719,UK,sheringham-nnr
Shottle,53.0182899,-1.547398,UK,shottle
Wirksworth,53.0827559,-1.5687991,UK,wirksworth
St Michaels,53.3759381,-2.9535298,UK,st-michaels
Blackpool Pleasure Beach,53.787882,-3.0538832,UK,blackpool-pleasure-beach
Oulton Broad North,52.4777293,1.7161761,UK,oulton-broad-north
Beccles,52.4588262,1.5696314,UK,beccles
Lowestoft,52.47424,1.7499873,UK,lowestoft
Darsham,52.2732073,1.5235994,UK,darsham
Mirfield,53.6713909,-1.6922471,UK,mirfield
Peartree,52.8976023,-1.4722913,UK,peartree
Tonfanau,52.6136247,-4.1234912,UK,tonfanau
Coryton,51.5204441,-3.2314774,UK,coryton
Rhiwbina,51.521084,-3.2144829,UK,rhiwbina
Birchgrove,51.5215153,-3.2024702,UK,birchgrove
Heath Low Level,51.5157601,-3.1822414,UK,heath-low-level
Ludlow,52.3711007,-2.71598,UK,ludlow
Wilnecote,52.6106234,-1.6797007,UK,wilnecote
Acle,52.6346757,1.5439772,UK,acle
Berney Arms,52.5902585,1.6310707,UK,berney-arms
Buckenham,52.597696,1.4702099,UK,buckenham
Haddiscoe,52.5290248,1.6229897,UK,haddiscoe
Lingwood,52.6220505,1.4896908,UK,lingwood
Hatfield Peverel,51.7803142,0.5927716,UK,hatfield-peverel
Mistley,51.9435862,1.081649,UK,mistley
Stockton,54.5698829,-1.3182234,UK,stockton
Danescourt,51.5004014,-3.2339459,UK,danescourt
Lisvane and Thornhill,51.5444152,-3.1855685,UK,lisvane-and-thornhill
Cam and Dursley,51.7176405,-2.3591702,UK,cam-and-dursley
Hyde North,53.4644638,-2.0850338,UK,hyde-north
Exhibition Centre,55.8613947,-4.2831967,UK,exhibition-centre
Gleneagles,56.2749096,-3.7309616,UK,gleneagles
Invergowrie,56.4562504,-3.0578286,UK,invergowrie
Rutherglen,55.8313413,-4.213671,UK,rutherglen
Deighton,53.668458,-1.7523869,UK,deighton
Base Station,57.1337091,-3.6700967,UK,base-station
Sheiling / Middle,57.1276775,-3.6609169,UK,sheiling-/-middle
Hatfield & Stainforth,53.5888703,-1.0232631,UK,hatfield-&-stainforth
Kirk Sandall,53.5636066,-1.0745371,UK,kirk-sandall
Thorne South,53.6033448,-0.9552556,UK,thorne-south
Barnsley Interchange,53.55441,-1.4772756,UK,barnsley-interchange
Fitzwilliam,53.6326086,-1.374636,UK,fitzwilliam
Roman Bridge,53.0444116,-3.9214861,UK,roman-bridge
Dolwyddelan,53.0515703,-3.8845507,UK,dolwyddelan
Pont-y-Pant,53.0651056,-3.8628141,UK,pont-y-pant
Huyton,53.409627,-2.8432195,UK,huyton
Whiston,53.413914,-2.7965205,UK,whiston
Kirkdale,53.4407853,-2.9811665,UK,kirkdale
Bank Hall,53.4378965,-2.9878045,UK,bank-hall
Brechin,56.7316163,-2.6520711,UK,brechin
Bridge of Dun,56.7185174,-2.5507472,UK,bridge-of-dun
Bromley Cross,53.6139542,-2.4108352,UK,bromley-cross
Hall i' th' Wood,53.5974456,-2.4130759,UK,hall-i'-th'-wood
Plas Halt,52.9481537,-4.0030837,UK,plas-halt
Campbell's Platform,52.9578739,-3.976517,UK,campbell's-platform
Sarn,51.5385274,-3.5895171,UK,sarn
Maesteg (Ewenny Road),51.6052667,-3.6482526,UK,maesteg-ewenny-road
Risca and Pontymister,51.6058043,-3.0920412,UK,risca-and-pontymister
Tŷ Glas,51.5217075,-3.1972083,UK,ty-glas
Melton,52.1043512,1.3381527,UK,melton
Porthmadog (WHHR),52.9309118,-4.131979,UK,porthmadog-whhr
Pen-y-Mount,52.9341596,-4.1239372,UK,pen-y-mount
Chinnor,51.6981184,-0.9060291,UK,chinnor
Audley End Miniature Railway,52.0192173,0.217517,UK,audley-end-miniature-railway
Tywyn Wharf,52.583617,-4.0888228,UK,tywyn-wharf
Pendre,52.5872348,-4.081217,UK,pendre
Rhydyronen,52.5998319,-4.0463751,UK,rhydyronen
Brynglas,52.6083911,-4.0271075,UK,brynglas
Abergynolwyn,52.6386287,-3.9659472,UK,abergynolwyn
Fairbourne (FR),52.695685,-4.050288,UK,fairbourne-fr
Pont Croesor Halt,52.9501133,-4.0980002,UK,pont-croesor-halt
Welshpool Raven Square,52.6597471,-3.1601795,UK,welshpool-raven-square
Sylfaen,52.6497276,-3.2194162,UK,sylfaen
Castle Caereinion,52.6445941,-3.2411329,UK,castle-caereinion
Cyfronydd,52.6604776,-3.2754268,UK,cyfronydd
Heniarth,52.6636715,-3.2978325,UK,heniarth
Pant,51.77786,-3.3644454,UK,pant
Pontsticill,51.7999527,-3.3606768,UK,pontsticill
Dol-y-gaer,51.8209203,-3.3682696,UK,dol-y-gaer
Chasewater Heaths,52.6761237,-1.9469824,UK,chasewater-heaths
Thorpe-le-Soken,51.8478614,1.1604018,UK,thorpe-le-soken
Kirby Cross,51.8415069,1.2137971,UK,kirby-cross
Frinton-on-Sea,51.8377612,1.2433218,UK,frinton-on-sea
Norchard,51.7357697,-2.5395674,UK,norchard
Lydney Town,51.725442,-2.5319837,UK,lydney-town
Lydney Junction,51.7156961,-2.5311242,UK,lydney-junction
Llangollen,52.9713051,-3.1714237,UK,llangollen
Somerleyton,52.5101525,1.6522512,UK,somerleyton
Oulton Broad South,52.4695869,1.7074886,UK,oulton-broad-south
Tondu,51.5474663,-3.5951442,UK,tondu
Bala (Penybont),52.9014233,-3.5932353,UK,bala-penybont
Llanuwchllyn,52.8560106,-3.6640137,UK,llanuwchllyn
Pentrepiod Halt,52.8671011,-3.6434549,UK,pentrepiod-halt
Llangower,52.87501,-3.6322971,UK,llangower
Walton-on-the-Naze,51.8462158,1.2678629,UK,walton-on-the-naze
Bentley (South Yorkshire),53.5437098,-1.1507181,UK,bentley-south-yorkshire
Wolsingham,54.7262615,-1.8843395,UK,wolsingham
Frosterley,54.7269224,-1.9640609,UK,frosterley
Prestwick International Airport,55.5090231,-4.61414,UK,prestwick-international-airport
Filton Abbey Wood,51.503393,-2.563826,UK,filton-abbey-wood
Page's Park,51.9088183,-0.6509031,UK,page's-park
Cantley,52.5787207,1.5136275,UK,cantley
Sandwell and Dudley,52.508635,-2.0117688,UK,sandwell-and-dudley
Holt,52.9141885,1.1135059,UK,holt
Beckton Park,51.5087601,0.0549426,UK,beckton-park
Navigation Road,53.3957446,-2.3432686,UK,navigation-road
The Hawthorns,52.5056717,-1.9650419,UK,the-hawthorns
Knucklas,52.3597573,-3.0965228,UK,knucklas
The Midden,52.9471474,0.8683605,UK,the-midden
Warham,52.9363888,0.8777375,UK,warham
Wighton Halt,52.918577,0.8790464,UK,wighton-halt
Wroxham BVR,52.7168488,1.4085335,UK,wroxham-bvr
Coltishall,52.7345418,1.3587013,UK,coltishall
Aylsham,52.7910589,1.2554227,UK,aylsham
Wells-on-Sea,52.9494943,0.8650852,UK,wells-on-sea
Walsingham,52.8961239,0.8719869,UK,walsingham
Overton for Ferry Meadows,52.5589076,-0.3025918,UK,overton-for-ferry-meadows
Peterborough (NVR),52.5677599,-0.2479461,UK,peterborough-nvr
Castle Hedingham,51.9957579,0.5817712,UK,castle-hedingham
Colwyn Bay,53.2968237,-3.7258927,UK,colwyn-bay
Saxmundham,52.2152245,1.4902723,UK,saxmundham
Prittlewell,51.5505931,0.7106494,UK,prittlewell
Shore,51.5326972,0.7158518,UK,shore
Beckfoot,54.392606,-3.2824194,UK,beckfoot
Ruddington Fields,52.8845732,-1.1479442,UK,ruddington-fields
Nottingham,52.9473037,-1.1449555,UK,nottingham
Redditch,52.306318,-1.9455671,UK,redditch
Bloxwich North,52.6253229,-2.0175382,UK,bloxwich-north
St Neots,52.2316268,-0.2470646,UK,st-neots
Market Bosworth,52.624726,-1.420975,UK,market-bosworth
Lintley Halt,54.8522284,-2.4859345,UK,lintley-halt
Pontgoch,52.0415523,-4.4299734,UK,pontgoch
Causey Arch,54.8973288,-1.686687,UK,causey-arch
Andrews House,54.90848,-1.6757001,UK,andrews-house
Horsehay & Dawley,52.6629789,-2.4816699,UK,horsehay-&-dawley
Dronfield,53.3014,-1.4692529,UK,dronfield
Park Halt,53.7614562,-1.5363956,UK,park-halt
Grosvenor Park Miniature Railway,53.1908811,-2.8810028,UK,grosvenor-park-miniature-railway
Whitecroft,51.7532645,-2.5520737,UK,whitecroft
Dolgoch,52.622034,-3.9939962,UK,dolgoch
Nant Gwernol,52.6418784,-3.9508519,UK,nant-gwernol
Sunniside,54.920206,-1.6753699,UK,sunniside
Country Park Halt,52.4549663,-2.3759192,UK,country-park-halt
Upminster,51.5589708,0.2516815,UK,upminster
Streethouse,53.6761886,-1.3994742,UK,streethouse
Wilmslow,53.3270993,-2.2260089,UK,wilmslow
Cheadle Hulme,53.3760261,-2.1883499,UK,cheadle-hulme
Pitsford and Brampton,52.2937192,-0.9238379,UK,pitsford-and-brampton
Rudyard,53.1180013,-2.0676425,UK,rudyard
The Dam,53.1222913,-2.0723755,UK,the-dam
Hunthouse Wood,53.1348078,-2.0820086,UK,hunthouse-wood
Swinton (Manchester),53.5148082,-2.336998,UK,swinton-manchester
Wembley Park,51.5636297,-0.2800532,UK,wembley-park
Beddgelert,53.0117659,-4.1078052,UK,beddgelert
Cheddleton,53.0654433,-2.0272814,UK,cheddleton
Alton Towers Car Park,52.9856818,-1.877458,UK,alton-towers-car-park
Willow Lawn,51.5930135,-0.4318151,UK,willow-lawn
Wigton,54.8291227,-3.1642894,UK,wigton
Dunston,54.9499976,-1.6414408,UK,dunston
Norton Lakeside Halt,52.674837,-1.9568099,UK,norton-lakeside-halt
Gelert's Farm,52.9312725,-4.128303,UK,gelert's-farm
Pollokshields East,55.8407278,-4.2689803,UK,pollokshields-east
Frodsham,53.2957797,-2.7237343,UK,frodsham
Palace Station,51.8429869,-1.3581865,UK,palace-station
Walled Garden Station,51.8388678,-1.3505501,UK,walled-garden-station
Drumfrochar,55.9412926,-4.7715063,UK,drumfrochar
Mountain Ash,51.6817619,-3.376667,UK,mountain-ash
Shipley,53.8335128,-1.7736115,UK,shipley
Whifflet,55.8538301,-4.0185953,UK,whifflet
Garforth,53.7965742,-1.382282,UK,garforth
Finsbury Park,51.5648345,-0.1064144,UK,finsbury-park
Bedale,54.2891975,-1.5880507,UK,bedale
Cambridge,52.1941089,0.1377154,UK,cambridge
Kinneil Halt,56.0148224,-3.6256241,UK,kinneil-halt
Bo'ness,56.0179562,-3.6004981,UK,bo'ness
East Tanfield,54.8885497,-1.6992903,UK,east-tanfield
Scruton,54.3195817,-1.5338604,UK,scruton
Whistle Inn halt,51.7840036,-3.1185638,UK,whistle-inn-halt
Furnace Sidings,51.7785502,-3.1113576,UK,furnace-sidings
Blaenavon High Level,51.7684836,-3.0852529,UK,blaenavon-high-level
Big Pit halt,51.7739838,-3.1049045,UK,big-pit-halt
Prestwick Town,55.501773,-4.6143185,UK,prestwick-town
Kingsley & Froghall,53.0215657,-1.9644668,UK,kingsley-&-froghall
Nantmor Halt,52.9935536,-4.0891687,UK,nantmor-halt
Bontnewydd,53.1167689,-4.2759103,UK,bontnewydd
Lidlington,52.0415839,-0.5589965,UK,lidlington
Clacton-on-Sea,51.7945324,1.1543273,UK,clacton-on-sea
Newton Aycliffe,54.613739,-1.5897097,UK,newton-aycliffe
Estuary Halt,52.7122942,-4.0518658,UK,estuary-halt
Barmouth Ferry,52.7151503,-4.0485009,UK,barmouth-ferry
Golf Halt,52.7016742,-4.0575144,UK,golf-halt
Danycoed,51.9072359,-4.3304149,UK,danycoed
Llwyfan Cerrig,51.9081128,-4.318223,UK,llwyfan-cerrig
Bronwydd Arms,51.8921567,-4.3007353,UK,bronwydd-arms
Newton-on-Ayr,55.4739658,-4.625979,UK,newton-on-ayr
Museum Halt,55.1897525,-1.5495933,UK,museum-halt
Lakeside Halt,55.1960868,-1.5513922,UK,lakeside-halt
Drummuir,57.4842312,-3.0390252,UK,drummuir
Meillionen,53.019413,-4.1235377,UK,meillionen
Dinas,53.1035053,-4.2769864,UK,dinas
Tryfan Junction,53.1079727,-4.2398315,UK,tryfan-junction
Penrhyn,52.9351708,-4.064842,UK,penrhyn
Rheidol Falls,52.3911035,-3.8996918,UK,rheidol-falls
Nantyronen,52.38533,-3.948752,UK,nantyronen
Bridgnorth Cliff Railway Bottom Station,52.5341676,-2.4176529,UK,bridgnorth-cliff-railway-bottom-station
Llanfair Caereinion,52.6519213,-3.3222845,UK,llanfair-caereinion
Eaglescliffe,54.5300894,-1.3497203,UK,eaglescliffe
Featherstone,53.6790992,-1.358285,UK,featherstone
Blunsdon,51.6073804,-1.843859,UK,blunsdon
Hayes Knoll,51.61365,-1.8471715,UK,hayes-knoll
Rocky Valley Halt,53.0893021,-4.0841392,UK,rocky-valley-halt
Spring Village,52.6628632,-2.4825389,UK,spring-village
Tees Small Gauge Railway,54.5379232,-1.3383531,UK,tees-small-gauge-railway
Oakwood Park Station,51.7789542,-4.8028585,UK,oakwood-park-station
East Links Family Park,55.9995089,-2.5640811,UK,east-links-family-park
Delph,53.7013043,-2.8382042,UK,delph
Willow Tree Halt,53.7006551,-2.8386748,UK,willow-tree-halt
Becconsall Station,53.6995958,-2.8381166,UK,becconsall-station
Ashton-under-Lyne,53.4912163,-2.0937021,UK,ashton-under-lyne
Bridgnorth Cliff Railway Top Station,52.5344063,-2.4182678,UK,bridgnorth-cliff-railway-top-station
Southend Cliff Lift (Bottom),51.5335104,0.7109239,UK,southend-cliff-lift-bottom
Southend Cliff Lift (Top),51.5339911,0.7110163,UK,southend-cliff-lift-top
Kelling Heath Park,52.9320084,1.1377639,UK,kelling-heath-park
Bishop Auckland West,54.6571184,-1.6816425,UK,bishop-auckland-west
Biggleswade,52.0850343,-0.260819,UK,biggleswade
Cassiobury Park Station,51.6622838,-0.423798,UK,cassiobury-park-station
Haste Hill,51.5970382,-0.4274432,UK,haste-hill
Blackridge,55.8843825,-3.7502801,UK,blackridge
Severn Tunnel Junction,51.584253,-2.7772968,UK,severn-tunnel-junction
Ham Lane (FMR),52.5627863,-0.3073283,UK,ham-lane-fmr
Gunwade (FMR),52.5667473,-0.3125963,UK,gunwade-fmr
Consall,53.0379504,-2.0011895,UK,consall
Wem,52.8561108,-2.7182651,UK,wem
Nantwich,53.0635485,-2.5187309,UK,nantwich
Prees,52.8994613,-2.6895572,UK,prees
Wrenbury,53.0195948,-2.5956111,UK,wrenbury
Halesworth,52.3469592,1.5057452,UK,halesworth
Longport,53.0419934,-2.216635,UK,longport
Bushey,51.6454831,-0.3849194,UK,bushey
Penllyn,53.1370988,-4.149559,UK,penllyn
Stone,52.9084696,-2.1554718,UK,stone
Buxton Miniature Railway,53.2566395,-1.9185882,UK,buxton-miniature-railway
Chasetown (Church Street),52.6733743,-1.943121,UK,chasetown-church-street
Corris,52.6533675,-3.8415802,UK,corris
Leicester North,52.6678271,-1.1331984,UK,leicester-north
Maespoeth,52.6446445,-3.8444972,UK,maespoeth
Glaisdale,54.4395064,-0.793929,UK,glaisdale
Commondale,54.4812297,-0.9749222,UK,commondale
Gorebridge,55.8399603,-3.0461111,UK,gorebridge
Egton,54.4375309,-0.7617497,UK,egton
Sleights,54.4611128,-0.6627591,UK,sleights
Castleton Moor,54.4671478,-0.9467256,UK,castleton-moor
Coalyard Miniature Railway,52.3839758,-2.2401282,UK,coalyard-miniature-railway
Hillers Halt,52.1834767,-1.9035605,UK,hillers-halt
Silloth Miniature Railway,54.8811186,-3.3768816,UK,silloth-miniature-railway
Brockford,52.250367,1.1172861,UK,brockford
Harringay,51.5775578,-0.1052701,UK,harringay
Baker Street,51.5225853,-0.1567431,UK,baker-street
Llanberis (LLR),53.1177297,-4.119049,UK,llanberis-llr
Gilfach Ddu,53.1226641,-4.1154697,UK,gilfach-ddu
Cei Llydan,53.1307266,-4.1320984,UK,cei-llydan
Abergwili Junction,51.8686673,-4.2807205,UK,abergwili-junction
Gourock,55.9616159,-4.8156676,UK,gourock
Wigan North Western,53.5433996,-2.632996,UK,wigan-north-western
Billingham,54.6057149,-1.2795366,UK,billingham
Leadhills,55.4113187,-3.7608117,UK,leadhills
Wicksteed Park,52.3846758,-0.7076312,UK,wicksteed-park
Archway,51.5653116,-0.1348189,UK,archway
Hendy,52.5908171,-4.0710941,UK,hendy
Cynfal,52.5982271,-4.0528875,UK,cynfal
Fach Goch,52.5947526,-4.0609213,UK,fach-goch
Danby,54.4661746,-0.910998,UK,danby
Lealholm,54.4604593,-0.8255112,UK,lealholm
Kildale,54.4777507,-1.0683268,UK,kildale
Cameron Bridge,56.190029,-3.0457235,UK,cameron-bridge
Caverswall Road,52.9756579,-2.0645127,UK,caverswall-road
Dilhorne Park,53.000399,-2.0466557,UK,dilhorne-park
Rockingham,53.4937958,-1.4192072,UK,rockingham
Heyford,51.9185846,-1.2994468,UK,heyford
Rhyd Ddu,53.05109,-4.1330404,UK,rhyd-ddu
Tynllwyn Hen,52.6029088,-4.0411374,UK,tynllwyn-hen
Bromsgrove,52.3201581,-2.0499793,UK,bromsgrove
East Acton,51.5173451,-0.248137,UK,east-acton
Winchcombe,51.9663467,-1.9630872,UK,winchcombe
Great Ayton,54.4894968,-1.1152354,UK,great-ayton
Giggleswick,54.0617706,-2.3028455,UK,giggleswick
Saltburn,54.5834185,-0.9752233,UK,saltburn
Longbeck,54.5893375,-1.0309929,UK,longbeck
Snaresbrook,51.5808033,0.0215864,UK,snaresbrook
Long Eaton,52.8849696,-1.2872821,UK,long-eaton
Main Entrance Station,51.7775924,-4.8001387,UK,main-entrance-station
Gotherington,51.967182,-2.0380987,UK,gotherington
Littleport,52.4623343,0.3163815,UK,littleport
Recreation Ground Halt,53.0967515,-1.5779955,UK,recreation-ground-halt
Steeple Grange,53.0957073,-1.5707391,UK,steeple-grange
Bedworth,52.4794836,-1.4675162,UK,bedworth
Bank,51.5131048,-0.0893749,UK,bank
Watton-at-Stone,51.8564601,-0.1194117,UK,watton-at-stone
Hatfield,51.7651554,-0.2158,UK,hatfield
Hythe (Colchester),51.8858134,0.9275278,UK,hythe-colchester
Huntingdon,52.3288086,-0.1924714,UK,huntingdon
Arnos Grove,51.6164256,-0.1330981,UK,arnos-grove
Dalmarnock,55.8421847,-4.2174709,UK,dalmarnock
Boughton,52.2815415,-0.9213052,UK,boughton
New Brighton,53.4373879,-3.0480464,UK,new-brighton
Angel,51.5324874,-0.1060356,UK,angel
Camden Town,51.5394397,-0.1426957,UK,camden-town
East Finchley,51.5871881,-0.1648137,UK,east-finchley
Highgate,51.5776825,-0.1458316,UK,highgate
Tufnell Park,51.5568005,-0.138457,UK,tufnell-park
Hendon Central,51.5834006,-0.2265541,UK,hendon-central
High Barnet,51.650399,-0.1938826,UK,high-barnet
Brent Cross,51.5768177,-0.2139731,UK,brent-cross
Town Station,54.5857074,-0.9710382,UK,town-station
Great Yarmouth,52.6119213,1.7206879,UK,great-yarmouth
Alton Towers Main Entrance,52.9915807,-1.8920424,UK,alton-towers-main-entrance
Roundhouse Halt,53.2746594,-1.3813376,UK,roundhouse-halt
Goring & Streatley,51.5211885,-1.1331195,UK,goring-&-streatley
Greenford,51.5421177,-0.3447996,UK,greenford
Wanstead Park,51.5517605,0.0260733,UK,wanstead-park
Leytonstone High Road,51.5635285,0.0085412,UK,leytonstone-high-road
Barshaw Central,55.8487724,-4.3963559,UK,barshaw-central
Fishguard and Goodwick,52.0039692,-4.9950733,UK,fishguard-and-goodwick
Alston,54.8146005,-2.4420114,UK,alston
Heywood,53.589009,-2.2070104,UK,heywood
King's Sutton,52.0210915,-1.2809729,UK,king's-sutton
Saltcoats,55.6339122,-4.7845685,UK,saltcoats
Fellgate,54.957505,-1.4852346,UK,fellgate
Mill Hill East,51.6082746,-0.2101451,UK,mill-hill-east
West Finchley,51.6094298,-0.1883313,UK,west-finchley
Woodside Park,51.617938,-0.185523,UK,woodside-park
Tanygrisiau,52.9857047,-3.9627332,UK,tanygrisiau
Tan y Bwlch,52.9544727,-4.0112267,UK,tan-y-bwlch
Porthmadog Harbour,52.9240121,-4.1266708,UK,porthmadog-harbour
Dduallt,52.9602369,-3.9686999,UK,dduallt
Boston Lodge Halt,52.9208722,-4.10461,UK,boston-lodge-halt
Porthmadog,52.930988,-4.1353065,UK,porthmadog
Mills Hill,53.5508557,-2.1714727,UK,mills-hill
Llandecwyn,52.9210189,-4.0565564,UK,llandecwyn
Beach Halt,52.6977163,-4.056555,UK,beach-halt
Loop Halt,52.704433,-4.0580132,UK,loop-halt
Oswestry,52.8613742,-3.0498562,UK,oswestry
Epping,51.6936318,0.1139888,UK,epping
Pencoed,51.5239041,-3.501372,UK,pencoed
Shawfair,55.9176966,-3.0902235,UK,shawfair
Eskbank,55.8812053,-3.0827946,UK,eskbank
Shenfield,51.6306401,0.3300193,UK,shenfield
Ilford,51.5589375,0.0689113,UK,ilford
Seven Kings,51.56394,0.0968706,UK,seven-kings
Llanberis (SMR),53.1162854,-4.1196771,UK,llanberis-smr
Newtongrange,55.8646684,-3.068882,UK,newtongrange
Stow,55.6918571,-2.8668207,UK,stow
Cambridge North,52.2246512,0.1587703,UK,cambridge-north
Etal,55.6464192,-2.1226524,UK,etal
Braintree,51.8753105,0.5567303,UK,braintree
Soham,52.3349535,0.3280963,UK,soham
Coventry Arena,52.4469559,-1.4947986,UK,coventry-arena
Somersham,51.5668569,-0.9114962,UK,somersham
Bourne Again Junction,51.5679824,-0.907229,UK,bourne-again-junction
Manningtree,51.9491435,1.0449277,UK,manningtree
Basildon,51.5681417,0.4567961,UK,basildon
West Horndon,51.5678537,0.3406801,UK,west-horndon
Marks Tey,51.8808094,0.782551,UK,marks-tey
Conon Bridge,57.5616288,-4.4403838,UK,conon-bridge
Nunckley Hill,52.7223746,-1.157396,UK,nunckley-hill
Letchworth Garden City,51.9803536,-0.2289056,UK,letchworth-garden-city
Maryport,54.7112989,-3.4940868,UK,maryport
Ambergate,53.0604187,-1.4808654,UK,ambergate
Spondon,52.9120948,-1.4108169,UK,spondon
East Midlands Parkway,52.862275,-1.262883,UK,east-midlands-parkway
South Wigston,52.5823924,-1.13403,UK,south-wigston
Welwyn Garden City,51.8008507,-0.2038429,UK,welwyn-garden-city
South Harrow,51.5646517,-0.3522211,UK,south-harrow
Sudbury Town,51.550751,-0.3156202,UK,sudbury-town
Ramsgreave and Wilpshire,53.7799943,-2.4780606,UK,ramsgreave-and-wilpshire
Energlyn & Churchill Park,51.584548,-3.2290773,UK,energlyn-&-churchill-park
Acton Central,51.5087164,-0.2628073,UK,acton-central
Leeming Bar,54.3051216,-1.5612476,UK,leeming-bar
Sudbury Hill,51.5568815,-0.3362525,UK,sudbury-hill
Taw Valley Halt,51.5925125,-1.8291313,UK,taw-valley-halt
Parkend,51.7680631,-2.5560852,UK,parkend
Penygarreg Lane Halt,52.7987314,-3.069585,UK,penygarreg-lane-halt
Ipswich,52.0504188,1.1447878,UK,ipswich
Ongar,51.708733,0.2436146,UK,ongar
North Weald,51.7114262,0.1641554,UK,north-weald
Wrabness,51.9395281,1.1716892,UK,wrabness
Harwich International,51.9472249,1.2560388,UK,harwich-international
Llynclys South,52.807809,-3.063948,UK,llynclys-south
Ravenstor,53.0901924,-1.57288,UK,ravenstor
Bolton,53.5735158,-2.4251259,UK,bolton
Llandanwg,52.8362492,-4.123585,UK,llandanwg
Whitechapel,51.5197615,-0.0600874,UK,whitechapel
Haggerston,51.5386574,-0.0755835,UK,haggerston
Rotherhithe,51.5008237,-0.0519666,UK,rotherhithe
Wapping,51.5044344,-0.0560206,UK,wapping
Southport Princes Park,53.6485824,-3.014695,UK,southport-princes-park
Southport Marine Parade,53.6523279,-3.0121469,UK,southport-marine-parade
Hoxton,51.5315917,-0.0756539,UK,hoxton
Edmonton Green,51.6244998,-0.0614019,UK,edmonton-green
Beaconsfield,51.6113607,-0.6436039,UK,beaconsfield
Bempton,54.1277914,-0.180715,UK,bempton
Y Copa,53.0684399,-4.0768387,UK,y-copa
Waterbeach,52.2622818,0.1967655,UK,waterbeach
Wallingford,51.5974066,-1.1354611,UK,wallingford
Polesworth,52.6258348,-1.6107049,UK,polesworth
Walker Gardens,53.5712017,-2.6032062,UK,walker-gardens
Peterborough,52.5746038,-0.2503162,UK,peterborough
Manuel,55.9776784,-3.6575248,UK,manuel
Bridgnorth,52.5305289,-2.4207582,UK,bridgnorth
Kidderminster Town,52.3835966,-2.2399754,UK,kidderminster-town
Ebbw Vale Town,51.7766167,-3.2024664,UK,ebbw-vale-town
Scalby Mills,54.3009398,-0.410949,UK,scalby-mills
Peasholm,54.2929426,-0.4113865,UK,peasholm
Cat Nab,54.5842019,-0.9668606,UK,cat-nab
Mossley,53.5150389,-2.041538,UK,mossley
Billericay,51.6288429,0.4181268,UK,billericay
Wickford,51.6148276,0.5194087,UK,wickford
Kelvedon,51.8409896,0.7026932,UK,kelvedon
Atherstone,52.5784071,-1.5522587,UK,atherstone
Curriehill,55.9006276,-3.3184177,UK,curriehill
West Calder,55.8537711,-3.566816,UK,west-calder
Cleland,55.8044297,-3.9107267,UK,cleland
Bellshill,55.8170602,-4.0243299,UK,bellshill
Merryton,55.7490077,-3.9775164,UK,merryton
Muncaster Mill,54.3667401,-3.3940413,UK,muncaster-mill
Carmyle,55.8342637,-4.1580726,UK,carmyle
Milliken Park,55.8248309,-4.5342076,UK,milliken-park
Kilwinning,55.6561839,-4.7095388,UK,kilwinning
Neath,51.6620303,-3.8073972,UK,neath
Skewen,51.6614691,-3.8467749,UK,skewen
Bishopbriggs,55.9039668,-4.2245231,UK,bishopbriggs
Shippea Hill,52.4302535,0.4127561,UK,shippea-hill
Easterhouse,55.8598473,-4.1068753,UK,easterhouse
Woodlesford,53.757064,-1.4435652,UK,woodlesford
Barbican,51.5201797,-0.0986342,UK,barbican
Barkingside,51.5858181,0.0886245,UK,barkingside
Buckhurst Hill,51.6259439,0.0468161,UK,buckhurst-hill
Chancery Lane,51.5181738,-0.1117642,UK,chancery-lane
Chigwell,51.6176444,0.0757204,UK,chigwell
Debden,51.6452814,0.083583,UK,debden
Fairlop,51.5959477,0.0911302,UK,fairlop
Gants Hill,51.576525,0.0648799,UK,gants-hill
Grange Hill,51.613134,0.0925025,UK,grange-hill
Hainault,51.6033138,0.0933827,UK,hainault
Mile End,51.5253378,-0.033435,UK,mile-end
Roding Valley,51.6170812,0.0437553,UK,roding-valley
Moor Road,53.7738227,-1.5389272,UK,moor-road
Ulceby,53.6193448,-0.3008051,UK,ulceby
Barton-on-Humber,53.6889957,-0.4430513,UK,barton-on-humber
Watford Junction,51.6639446,-0.3961114,UK,watford-junction
Gainsborough Central,53.3989869,-0.7695068,UK,gainsborough-central
Barrow Haven,53.6974548,-0.392889,UK,barrow-haven
Goxhill,53.6766712,-0.3374071,UK,goxhill
Great Coates,53.5757224,-0.1298327,UK,great-coates
Grimsby Docks,53.5741416,-0.0758325,UK,grimsby-docks
Habrough,53.6061,-0.2693542,UK,habrough
Healing,53.5818378,-0.1606176,UK,healing
New Clee,53.5743075,-0.0604648,UK,new-clee
New Holland,53.701985,-0.3601529,UK,new-holland
Stallingborough,53.5871667,-0.1834359,UK,stallingborough
Thornton Abbey,53.6543161,-0.3230242,UK,thornton-abbey
Collingham,53.1439832,-0.750266,UK,collingham
Hykeham,53.1950652,-0.6000753,UK,hykeham
Swinderby,53.1693479,-0.7026611,UK,swinderby
Gainsborough Lea Road,53.3860875,-0.7693785,UK,gainsborough-lea-road
Worksop,53.3115968,-1.1228579,UK,worksop
Shireoaks,53.3248638,-1.1683224,UK,shireoaks
Kiveton Bridge,53.3409362,-1.2670815,UK,kiveton-bridge
Woodhouse,53.3637962,-1.3573689,UK,woodhouse
Darnall,53.3845451,-1.4123572,UK,darnall
Bloxwich,52.6184226,-2.0116755,UK,bloxwich
Aslockton,52.9515525,-0.8984194,UK,aslockton
Bingham,52.9542194,-0.9512851,UK,bingham
Creswell,53.263919,-1.2164106,UK,creswell
Kirkby-in-Ashfield,53.1000196,-1.2532679,UK,kirkby-in-ashfield
Langwith-Whaley Thorns,53.2327375,-1.2092803,UK,langwith-whaley-thorns
Shirebrook,53.2041213,-1.2025927,UK,shirebrook
Sutton Parkway,53.1141408,-1.2455485,UK,sutton-parkway
Dalmeny,55.9862498,-3.3815031,UK,dalmeny
Markinch,56.2004129,-3.1308024,UK,markinch
North Queensferry,56.0124476,-3.3946556,UK,north-queensferry
Falkirk High,55.9917251,-3.7925335,UK,falkirk-high
Balmossie,56.4747329,-2.8383465,UK,balmossie
Barry Links,56.49311,-2.7461535,UK,barry-links
Broughty Ferry,56.4676434,-2.8739864,UK,broughty-ferry
Monifieth,56.479738,-2.8183561,UK,monifieth
Laurencekirk,56.8371013,-2.4647808,UK,laurencekirk
Portlethen,57.0613326,-2.1280803,UK,portlethen
Conisbrough,53.4895257,-1.23461,UK,conisbrough
Mexborough,53.4908309,-1.2885249,UK,mexborough
Swinton (South Yorkshire),53.4855977,-1.3056214,UK,swinton-south-yorkshire
Rotherham Central,53.4316986,-1.3610462,UK,rotherham-central
Northallerton West,54.3387164,-1.4502486,UK,northallerton-west
Finghall Lane,54.3058961,-1.7181744,UK,finghall-lane
Kirkby-in-Furness,54.2329033,-3.1872166,UK,kirkby-in-furness
Quorn & Woodhouse,52.7400619,-1.1877284,UK,quorn-&-woodhouse
Loughborough,52.7795757,-1.1965133,UK,loughborough
Fimber Halt,54.0348323,-0.6098115,UK,fimber-halt
Dalmally,56.4009781,-4.9825597,UK,dalmally
Farringdon,51.519964,-0.104555,UK,farringdon
Wivenhoe,51.8565976,0.9562415,UK,wivenhoe
Great Bentley,51.8517991,1.0654611,UK,great-bentley
Weeley,51.8529678,1.1151948,UK,weeley
Leek Brook,53.0801115,-2.0296455,UK,leek-brook
Leicester Square,51.5114642,-0.1282641,UK,leicester-square
Milton of Crathes,57.0563229,-2.4298868,UK,milton-of-crathes
Grange-over-Sands,54.195693,-2.9028039,UK,grange-over-sands
Dipwood Halt,54.8862872,-1.6645975,UK,dipwood-halt
Aylesbury Vale Parkway,51.8312778,-0.859831,UK,aylesbury-vale-parkway
Mountsorrel,52.7268895,-1.1540785,UK,mountsorrel
Amersham,51.6740875,-0.6073643,UK,amersham
Betws-y-Coed,53.092687,-3.800542,UK,betws-y-coed
Chalfont & Latimer,51.6681019,-0.5611671,UK,chalfont-&-latimer
Glengonnar,55.4021592,-3.7694255,UK,glengonnar
Tweedbank,55.6058578,-2.7589963,UK,tweedbank
Galashiels,55.6178479,-2.8057195,UK,galashiels
City Thameslink,51.515126,-0.103564,UK,city-thameslink
London Liverpool Street,51.5182105,-0.0814269,UK,london-liverpool-street
Cannon Street,51.5113812,-0.0903632,UK,cannon-street
London Cannon Street,51.5106685,-0.0906046,UK,london-cannon-street
Piccadilly Circus,51.5098192,-0.1345484,UK,piccadilly-circus
London Waterloo,51.5028379,-0.112801,UK,london-waterloo
Dundee,56.4571485,-2.9697488,UK,dundee
St Bees,54.4923531,-3.5912401,UK,st-bees
London St. Pancras International,51.5327196,-0.1270027,UK,london-st-pancras-international
London Euston,51.5288526,-0.1341909,UK,london-euston
Euston,51.5282865,-0.1338745,UK,euston
Stonehenge Works,51.9376021,-0.6327022,UK,stonehenge-works
West Shore Halt,53.3156622,-3.8417328,UK,west-shore-halt
Roby,53.4100591,-2.8555038,UK,roby
St Helens Junction,53.4337834,-2.7000869,UK,st-helens-junction
Darton,53.5880035,-1.5307942,UK,darton
Holborn,51.5171149,-0.1200657,UK,holborn
Seer Green and Jordans,51.6098353,-0.6077008,UK,seer-green-and-jordans
Ince and Elton,53.2766012,-2.8166827,UK,ince-and-elton
Stanlow and Thornton,53.2783095,-2.8411357,UK,stanlow-and-thornton
Cuckoos Nest,53.5949814,-1.6338558,UK,cuckoos-nest
Heighington,54.5971316,-1.5817711,UK,heighington
Seaham,54.839091,-1.346378,UK,seaham
Seaton Carew,54.6582066,-1.200477,UK,seaton-carew
Flowery Field,53.4613904,-2.0801143,UK,flowery-field
Bermuda Park,52.5033421,-1.472599,UK,bermuda-park
Wellington,52.7014362,-2.5167193,UK,wellington
Ben Rhydding,53.9257438,-1.7974707,UK,ben-rhydding
Burley-in-Wharfedale,53.9079756,-1.7531866,UK,burley-in-wharfedale
Guiseley,53.8760658,-1.7151179,UK,guiseley
Menston,53.8923633,-1.7354513,UK,menston
Frizinghall,53.8203108,-1.7689584,UK,frizinghall
Brighouse,53.6981649,-1.7793363,UK,brighouse
Shepley,53.5887533,-1.7048254,UK,shepley
Stocksmoor,53.5941495,-1.7232658,UK,stocksmoor
Bamber Bridge,53.7269093,-2.6614198,UK,bamber-bridge
Pleasington,53.7310487,-2.5440104,UK,pleasington
Runcorn East,53.3279397,-2.6654958,UK,runcorn-east
Redcar Central,54.6159857,-1.0703222,UK,redcar-central
South Bank,54.5840107,-1.1762715,UK,south-bank
Yarm,54.4937626,-1.3514668,UK,yarm
Arram,53.8843298,-0.4265454,UK,arram
Beverley,53.8421612,-0.4228986,UK,beverley
Bridlington,54.0840651,-0.2003693,UK,bridlington
Cottingham,53.781315,-0.406219,UK,cottingham
Driffield,54.0014506,-0.4345597,UK,driffield
Filey,54.2098083,-0.2938604,UK,filey
Hutton Cranswick,53.9561848,-0.4338384,UK,hutton-cranswick
Nafferton,54.0113429,-0.3856241,UK,nafferton
Seamer,54.2406582,-0.4169939,UK,seamer
Gilberdyke,53.7480234,-0.7316099,UK,gilberdyke
Saltmarshe,53.7220658,-0.8091658,UK,saltmarshe
Albrighton,52.6382346,-2.2692137,UK,albrighton
Bilbrook,52.6239645,-2.1873052,UK,bilbrook
Codsall,52.6274199,-2.2016755,UK,codsall
Cosford,52.6448458,-2.3006927,UK,cosford
Oakengates,52.6930906,-2.450188,UK,oakengates
Shifnal,52.6660075,-2.3716887,UK,shifnal
Telford Central,52.6811135,-2.441178,UK,telford-central
Church Stretton,52.5373034,-2.8036843,UK,church-stretton
Gobowen,52.8933219,-3.0368846,UK,gobowen
Knighton,52.3450164,-3.0423373,UK,knighton
Littleborough,53.6427541,-2.0950109,UK,littleborough
Moston,53.5232522,-2.1710273,UK,moston
Smithy Bridge,53.6328465,-2.1140606,UK,smithy-bridge
Walsden,53.6965305,-2.1047674,UK,walsden
Bescar Lane,53.6238457,-2.9145518,UK,bescar-lane
Burscough Bridge,53.6054245,-2.8416523,UK,burscough-bridge
New Lane,53.6116884,-2.8677436,UK,new-lane
Parbold,53.5908551,-2.7711373,UK,parbold
Hoscar,53.5977688,-2.8046076,UK,hoscar
Gathurst,53.5593822,-2.6938146,UK,gathurst
Appley Bridge,53.578708,-2.7195791,UK,appley-bridge
Bingley,53.8487153,-1.837164,UK,bingley
Crossflatts,53.858299,-1.844476,UK,crossflatts
Keighley,53.867932,-1.9013628,UK,keighley
Accrington,53.7527983,-2.3701201,UK,accrington
Bardon Mill,54.9745437,-2.3450711,UK,bardon-mill
Brinnington,53.4319627,-2.1341235,UK,brinnington
Burnley Manchester Road,53.7851712,-2.2493172,UK,burnley-manchester-road
Cattal,53.9974183,-1.3201962,UK,cattal
Church and Oswaldtwistle,53.7505427,-2.3908916,UK,church-and-oswaldtwistle
Corbridge,54.9662648,-2.0190286,UK,corbridge
Haltwhistle,54.9679903,-2.4627642,UK,haltwhistle
Hammerton,53.996331,-1.2840693,UK,hammerton
Hapton,53.7815747,-2.31732,UK,hapton
Haydon Bridge,54.9752903,-2.2472059,UK,haydon-bridge
Headingley,53.8180372,-1.5944828,UK,headingley
Hebden Bridge,53.7376399,-2.0088814,UK,hebden-bridge
Hornbeam Park,53.9803587,-1.5276765,UK,hornbeam-park
Horsforth,53.8477524,-1.6302169,UK,horsforth
Huncoat,53.7722434,-2.3470472,UK,huncoat
Knaresborough,54.0090258,-1.4703169,UK,knaresborough
Mytholmroyd,53.7290839,-1.9818234,UK,mytholmroyd
Pannal,53.9585105,-1.532787,UK,pannal
Poppleton,53.9759597,-1.1484069,UK,poppleton
Prudhoe,54.9658707,-1.8647367,UK,prudhoe
Reddish North,53.4497429,-2.1567562,UK,reddish-north
Riding Mill,54.9489331,-1.9719541,UK,riding-mill
Rishton,53.7638289,-2.4201859,UK,rishton
Saltaire,53.8385598,-1.7907973,UK,saltaire
Sowerby Bridge,53.7078483,-1.9072266,UK,sowerby-bridge
Starbeck,53.998881,-1.5004755,UK,starbeck
Steeton and Silsden,53.9000518,-1.9448075,UK,steeton-and-silsden
Stocksfield,54.946811,-1.9171893,UK,stocksfield
Weeton,53.923285,-1.5812986,UK,weeton
Wennington,54.1236926,-2.5874211,UK,wennington
Wetheral,54.883738,-2.8319918,UK,wetheral
Wylam,54.9748735,-1.8143684,UK,wylam
Motherwell,55.79189,-3.9946663,UK,motherwell
Whitby,54.4843244,-0.6145349,UK,whitby
Ruswarp,54.4699399,-0.6277753,UK,ruswarp
Kennett,52.2772508,0.4900933,UK,kennett
Lostock Gralam,53.2677491,-2.4647767,UK,lostock-gralam
Stoke Mandeville,51.7878849,-0.7843417,UK,stoke-mandeville
Great Chesterford,52.0599283,0.1932286,UK,great-chesterford
Kingussie,57.0777904,-4.0531809,UK,kingussie
Hednesford,52.7099433,-2.0019759,UK,hednesford
Kirknewton,55.8889332,-3.4335165,UK,kirknewton
Landywood,52.656769,-2.0207336,UK,landywood
Langley Mill,53.018474,-1.3311974,UK,langley-mill
Harling Road,52.4538578,0.9093112,UK,harling-road
Spooner Row,52.5349209,1.0859995,UK,spooner-row
Alexandra Parade,55.863615,-4.2106693,UK,alexandra-parade
Blairhill,55.8665156,-4.0427186,UK,blairhill
Carfin,55.8076817,-3.956036,UK,carfin
Coatbridge Sunnyside,55.8669052,-4.0279569,UK,coatbridge-sunnyside
Cumbernauld,55.941902,-3.9803047,UK,cumbernauld
Hamilton Central,55.7731462,-4.0388235,UK,hamilton-central
Hartwood,55.8111821,-3.8390233,UK,hartwood
Pollokshaws West,55.8238539,-4.3014144,UK,pollokshaws-west
High Street,55.8593458,-4.2399263,UK,high-street
Saundersfoot,51.7220045,-4.7180532,UK,saundersfoot
Shieldmuir,55.7774347,-3.9578507,UK,shieldmuir
Coatbridge Central,55.8626694,-4.0320785,UK,coatbridge-central
Croy,55.9556324,-4.0362565,UK,croy
Lenzie,55.9213422,-4.1539264,UK,lenzie
Alloa,56.1179388,-3.7883249,UK,alloa
Carstairs,55.6913659,-3.6693685,UK,carstairs
Cheshunt,51.7028638,-0.0237804,UK,cheshunt
Newark Northgate,53.0813745,-0.7994939,UK,newark-northgate
Alderley Edge,53.3038625,-2.2366228,UK,alderley-edge
Bentham,54.1154922,-2.5106193,UK,bentham
Clapham,54.105416,-2.4104509,UK,clapham
Cononley,53.9171608,-2.0118034,UK,cononley
Gargrave,53.9782539,-2.1050692,UK,gargrave
Goostrey,53.2225699,-2.3263394,UK,goostrey
Ryder Brow,53.4569538,-2.1739555,UK,ryder-brow
Blackfriars,51.5115854,-0.1037671,UK,blackfriars
Harrogate,53.9934045,-1.5374305,UK,harrogate
Bromborough Rake,53.3302771,-2.9902234,UK,bromborough-rake
Aughton Park,53.5541643,-2.8953003,UK,aughton-park
Old Roan,53.4869186,-2.9506755,UK,old-roan
Orrell Park,53.4617054,-2.9628816,UK,orrell-park
Town Green,53.5430207,-2.9044304,UK,town-green
Walton,53.4563903,-2.9660572,UK,walton
Rice Lane,53.4575059,-2.9630946,UK,rice-lane
Birkdale,53.6338886,-3.0146159,UK,birkdale
Freshfield,53.5662108,-3.0718907,UK,freshfield
Hall Road,53.4976204,-3.0497373,UK,hall-road
Hightown,53.5253852,-3.057184,UK,hightown
Hillside,53.6215448,-3.0254312,UK,hillside
Eccleston Park,53.4307355,-2.7803346,UK,eccleston-park
Prescot,53.4235274,-2.7989869,UK,prescot
Fazakerley,53.468984,-2.9369705,UK,fazakerley
Pugneys Central,53.6536471,-1.5091855,UK,pugneys-central
Pugneys Lakeside,53.6564954,-1.5116661,UK,pugneys-lakeside
Aldgate,51.5142477,-0.0757186,UK,aldgate
Bury St Edmunds,52.2536353,0.7125888,UK,bury-st-edmunds
Elmswell,52.2381501,0.912534,UK,elmswell
Thurston,52.249911,0.808691,UK,thurston
Needham Market,52.1526269,1.0555462,UK,needham-market
Stowmarket,52.1897991,1.000257,UK,stowmarket
Seven Sisters,51.5824738,-0.0749325,UK,seven-sisters
Bishop's Stortford,51.8664266,0.1654013,UK,bishop's-stortford
Fawdon,55.0135968,-1.6443016,UK,fawdon
Wansbeck Road,55.0142915,-1.6356886,UK,wansbeck-road
Manor Station,53.4472118,-1.9402265,UK,manor-station
Oxford Parkway,51.8037471,-1.275093,UK,oxford-parkway
Partick (Subway),55.8697641,-4.3087011,UK,partick-subway
Oxford Road,51.6175522,-1.2453816,UK,oxford-road
Apperley Bridge,53.8420442,-1.7070712,UK,apperley-bridge
Chelmsford,51.736512,0.4686521,UK,chelmsford
Cheddington,51.8582898,-0.6619813,UK,cheddington
Berkhamsted,51.763646,-0.5630828,UK,berkhamsted
Brookmans Park,51.7211572,-0.2048356,UK,brookmans-park
Flitwick,52.0037912,-0.4949825,UK,flitwick
Harlington,51.9614072,-0.4953396,UK,harlington
Hitchin,51.9531709,-0.263035,UK,hitchin
South Ealing,51.5008623,-0.3076815,UK,south-ealing
Knebworth,51.8670421,-0.187051,UK,knebworth
East Kilbride,55.7660974,-4.1797164,UK,east-kilbride
Hairmyres,55.7618249,-4.2298945,UK,hairmyres
Busby,55.7803927,-4.2622278,UK,busby
Torpantau,51.8403136,-3.3807981,UK,torpantau
Hammersmith,53.0629839,-1.4090029,UK,hammersmith
Dore and Totley,53.3275706,-1.5153161,UK,dore-and-totley
Brough,53.7269328,-0.5781491,UK,brough
Halifax,53.7208399,-1.8536277,UK,halifax
Stirling,56.1196512,-3.9342962,UK,stirling
Dalmuir,55.9120066,-4.4268526,UK,dalmuir
Leicester,52.6321088,-1.1236065,UK,leicester
Bedford,52.1361826,-0.4797291,UK,bedford
Beeston,52.9207938,-1.2075065,UK,beeston
Kilpatrick,55.9241104,-4.452836,UK,kilpatrick
Westerton,55.9048265,-4.3351335,UK,westerton
Drumchapel,55.9047342,-4.363032,UK,drumchapel
Dumbarton Central,55.9465247,-4.5676104,UK,dumbarton-central
Dalreoch,55.9472801,-4.577251,UK,dalreoch
Airdrie,55.8640839,-3.9822547,UK,airdrie
Hyndland,55.8796122,-4.3144853,UK,hyndland
Jordanhill,55.8826544,-4.3246367,UK,jordanhill
Anniesland,55.8899452,-4.3215698,UK,anniesland
Garscadden,55.8875152,-4.3644049,UK,garscadden
Yoker,55.8927552,-4.3868495,UK,yoker
Clydebank,55.9005667,-4.4041552,UK,clydebank
Scotstounhill,55.8850131,-4.3529546,UK,scotstounhill
Springburn,55.8818527,-4.2301653,UK,springburn
Greenfaulds,55.934965,-3.9935101,UK,greenfaulds
Lawley Village,52.6714844,-2.4799836,UK,lawley-village
Helensburgh Upper,56.0124414,-4.7307717,UK,helensburgh-upper
Cookham,51.5573685,-0.7222499,UK,cookham
Tulloch,56.8840987,-4.701135,UK,tulloch
Kingsknowe,55.9189091,-3.2648569,UK,kingsknowe
Slateford,55.9266156,-3.243746,UK,slateford
Wester Hailes,55.9143713,-3.2838201,UK,wester-hailes
Ashley,53.3557218,-2.341439,UK,ashley
Tring,51.800672,-0.6224578,UK,tring
Chinley,53.3401158,-1.9445158,UK,chinley
Upton Park,51.5351062,0.0339842,UK,upton-park
Tackley,51.8814551,-1.297508,UK,tackley
Chillingham Road,54.9829136,-1.5720557,UK,chillingham-road
Felling,54.9531464,-1.571771,UK,felling
Gateshead Stadium,54.9576691,-1.5881587,UK,gateshead-stadium
Ilford Road,55.0000112,-1.6108627,UK,ilford-road
Jesmond,54.9830644,-1.6055777,UK,jesmond
Millfield,54.9064665,-1.4010132,UK,millfield
Pallion,54.9127413,-1.4178547,UK,pallion
Regent Centre,55.0119539,-1.6216284,UK,regent-centre
South Gosforth,55.0057849,-1.6083021,UK,south-gosforth
South Hylton,54.9042829,-1.4476867,UK,south-hylton
St Peter's,54.9110683,-1.3837588,UK,st-peter's
Stadium of Light,54.9181372,-1.3829516,UK,stadium-of-light
Sunderland,54.9061115,-1.3824404,UK,sunderland
West Jesmond,54.993435,-1.6098034,UK,west-jesmond
White City,51.5119347,-0.2242361,UK,white-city
Pelaw,54.9526638,-1.542051,UK,pelaw
Gateshead,54.9617219,-1.6044065,UK,gateshead
Bank Foot,55.0139176,-1.6780732,UK,bank-foot
Callerton Parkway,55.0277062,-1.7034114,UK,callerton-parkway
Airport,55.0356373,-1.7110967,UK,airport
Benton,55.0139029,-1.5676297,UK,benton
East Boldon,54.946345,-1.4201545,UK,east-boldon
Four Lane Ends,55.010164,-1.5785049,UK,four-lane-ends
Bede,54.9742849,-1.4656764,UK,bede
Jarrow,54.9795929,-1.493592,UK,jarrow
Hebburn,54.9752922,-1.5212236,UK,hebburn
Brockley Whins,54.9595193,-1.460684,UK,brockley-whins
Seaburn,54.9295618,-1.3865039,UK,seaburn
St James,54.974347,-1.6210905,UK,st-james
Walkergate,54.9853512,-1.5594732,UK,walkergate
Byker,54.9760388,-1.580344,UK,byker
Wallsend,54.9895984,-1.5327361,UK,wallsend
Hadrian Road,54.9922694,-1.5159676,UK,hadrian-road
Howdon,54.9959066,-1.4941598,UK,howdon
Meadow Well,55.001562,-1.4656759,UK,meadow-well
Shiremoor,55.0369588,-1.5054224,UK,shiremoor
Northumberland Park (Metro),55.0332093,-1.5195618,UK,northumberland-park-metro
Longbenton,55.0089239,-1.5916006,UK,longbenton
Palmersville,55.0236937,-1.5411852,UK,palmersville
Kingston Park,55.0144242,-1.6658823,UK,kingston-park
Allens West,54.524557,-1.3616516,UK,allens-west
Paddington (Circle and Hammersmith & City lines),51.5185075,-0.1787546,UK,paddington-circle-and-hammersmith-&-city-lines
Low Moor,53.7501367,-1.7523839,UK,low-moor
Hunts Cross,53.3607333,-2.8554087,UK,hunts-cross
Blundellsands & Crosby,53.4877265,-3.0404348,UK,blundellsands-&-crosby
Frodingham,53.5864278,-0.6309736,UK,frodingham
Chesham,51.705012,-0.6110784,UK,chesham
South Woodford,51.5917798,0.0274276,UK,south-woodford
West Ruislip,51.5695047,-0.4370447,UK,west-ruislip
Hayles Abbey Halt,51.9753255,-1.9330953,UK,hayles-abbey-halt
Royden Park Minature Railway,53.3629104,-3.1330645,UK,royden-park-minature-railway
Rannoch,56.6861502,-4.5769511,UK,rannoch
Lincoln,53.2261066,-0.5398447,UK,lincoln
Todmorden,53.713858,-2.0997573,UK,todmorden
Blackburn,53.7465347,-2.4788573,UK,blackburn
Rose Grove,53.7862655,-2.2823158,UK,rose-grove
Lostock Hall,53.7243497,-2.6870008,UK,lostock-hall
Cherry Tree,53.7331819,-2.5186399,UK,cherry-tree
Mill Hill,53.735339,-2.5019404,UK,mill-hill
Castleton,53.5927444,-2.1777231,UK,castleton
Aldgate East,51.5156185,-0.070839,UK,aldgate-east
Dovebrook,52.2502347,1.1228264,UK,dovebrook
Wildmill,51.5198051,-3.5802725,UK,wildmill
Blaydon,54.9659633,-1.7128813,UK,blaydon
Chester,53.1967494,-2.8795296,UK,chester
Skipton,53.9584308,-2.0260314,UK,skipton
Kirkstall Forge,53.8253007,-1.627075,UK,kirkstall-forge
Ilkley,53.9247929,-1.8212877,UK,ilkley
Bradford Forster Square,53.7974731,-1.7532149,UK,bradford-forster-square
Colne,53.8549144,-2.181886,UK,colne
Clitheroe,53.8735624,-2.3944323,UK,clitheroe
Whalley,53.8244874,-2.4118943,UK,whalley
Manchester Piccadilly,53.4772197,-2.2301402,UK,manchester-piccadilly
Manchester Oxford Road,53.4737777,-2.2422762,UK,manchester-oxford-road
Deansgate,53.4740961,-2.251063,UK,deansgate
Salford Central,53.4828774,-2.2555159,UK,salford-central
Manchester Victoria,53.4879748,-2.2424846,UK,manchester-victoria
Barrow-in-Furness,54.1191205,-3.2260261,UK,barrow-in-furness
Chorley,53.6529842,-2.626934,UK,chorley
Ravenglass,54.3556605,-3.4088794,UK,ravenglass
Whitehaven,54.5532204,-3.5871793,UK,whitehaven
Shrewsbury,52.7118509,-2.7494043,UK,shrewsbury
Nunthorpe,54.5280386,-1.1697897,UK,nunthorpe
Tywyn,52.5853794,-4.0933648,UK,tywyn
Pwllheli,52.8881946,-4.4161558,UK,pwllheli
Barmouth,52.7224212,-4.0567929,UK,barmouth
Muggles Meet,56.4349395,-3.6483346,UK,muggles-meet
Geoff's Halt,56.4353156,-3.6490029,UK,geoff's-halt
London Fenchurch Street,51.5113281,-0.0774191,UK,london-fenchurch-street
Clarkston,55.7894597,-4.2757616,UK,clarkston
Forres,57.6111092,-3.6243246,UK,forres
Matlock Riverside,53.1411575,-1.5668186,UK,matlock-riverside
Plaistow,51.5311544,0.0166833,UK,plaistow
Bow Road,51.5268535,-0.024789,UK,bow-road
Stepney Green,51.5217026,-0.0467147,UK,stepney-green
Oakwood,51.6473302,-0.1312548,UK,oakwood
Knightsbridge,51.5015961,-0.160937,UK,knightsbridge
Mornington Crescent,51.5340608,-0.1380918,UK,mornington-crescent
Southgate,51.6323183,-0.1277858,UK,southgate
Cockfosters,51.651366,-0.1485149,UK,cockfosters
Burnt Oak,51.6028082,-0.2640125,UK,burnt-oak
Chorleywood,51.6542186,-0.5183913,UK,chorleywood
Hyde Park Corner,51.5027264,-0.1543249,UK,hyde-park-corner
Lancaster Gate,51.511824,-0.175387,UK,lancaster-gate
Newbury Park,51.5754985,0.0899693,UK,newbury-park
Moor Park,51.6297793,-0.4321576,UK,moor-park
Rickmansworth,51.6402275,-0.4736305,UK,rickmansworth
Ealing Common,51.5097107,-0.2881658,UK,ealing-common
Kingsbury,51.5843174,-0.2787137,UK,kingsbury
Queensbury,51.5941903,-0.286181,UK,queensbury
Northwick Park,51.578491,-0.3176997,UK,northwick-park
Preston Road,51.5722732,-0.2958081,UK,preston-road
Finchley Road,51.5472307,-0.1806964,UK,finchley-road
West Harrow,51.5795991,-0.3531364,UK,west-harrow
Eastcote,51.5766614,-0.3965092,UK,eastcote
Ickenham,51.5615698,-0.4423513,UK,ickenham
Pinner,51.5926589,-0.380635,UK,pinner
Northwood Hills,51.6001534,-0.4084575,UK,northwood-hills
Northwood,51.6107965,-0.4237072,UK,northwood
Croxley,51.6475825,-0.4410785,UK,croxley
Watford,51.6570048,-0.4183683,UK,watford
Leytonstone,51.5688027,0.0086166,UK,leytonstone
Harrow-on-the-Hill,51.5792702,-0.3366561,UK,harrow-on-the-hill
Acton Town,51.5027051,-0.2799643,UK,acton-town
Derbyshire Dales Narrow Gauge Railway,53.1758282,-1.610193,UK,derbyshire-dales-narrow-gauge-railway
Marylebone,51.5222363,-0.1635046,UK,marylebone
Embankment,51.5072143,-0.1222409,UK,embankment
Notting Hill Gate,51.5089252,-0.1961978,UK,notting-hill-gate
Brunstane,55.9419989,-3.1008704,UK,brunstane
West Ham,51.5280966,0.0045685,UK,west-ham
Stratford,51.541289,-0.0035472,UK,stratford
Langley,51.507818,-0.5409049,UK,langley
South Milford,53.7823824,-1.2511292,UK,south-milford
Mobberley,53.3295673,-2.3336005,UK,mobberley
Widnes,53.3786146,-2.7341997,UK,widnes
Rochdale,53.6105726,-2.1528351,UK,rochdale
Southwark,51.503925,-0.1049663,UK,southwark
Edinburgh Gateway,55.9409388,-3.3201335,UK,edinburgh-gateway
Edgware,51.6136623,-0.2749555,UK,edgware
Stockport,53.4054501,-2.1630435,UK,stockport
Wakefield Kirkgate,53.6786558,-1.4886398,UK,wakefield-kirkgate
Kentish Town,51.5501727,-0.1388654,UK,kentish-town
Discovery Station,52.7409495,-1.5432771,UK,discovery-station
Guide Bridge,53.4745643,-2.1132396,UK,guide-bridge
Newton for Hyde,53.4567001,-2.067531,UK,newton-for-hyde
New Pudsey,53.8046713,-1.6805365,UK,new-pudsey
Pontefract Baghill,53.6917363,-1.3034033,UK,pontefract-baghill
Broadway,52.043006,-1.8720529,UK,broadway
James Cook,54.5519996,-1.2085253,UK,james-cook
Miteside Halt,54.3711279,-3.3840418,UK,miteside-halt
Lostock,53.5727921,-2.494764,UK,lostock
Adlington,53.6130719,-2.6028597,UK,adlington
Burneside,54.3555182,-2.767351,UK,burneside
Hope,53.3459832,-1.7296279,UK,hope
Kents Bank,54.1728754,-2.9252051,UK,kents-bank
Burlescombe,51.6174907,-1.2459129,UK,burlescombe
Ulverston,54.1917155,-3.0979329,UK,ulverston
Warwick Avenue,51.5229834,-0.1833083,UK,warwick-avenue
West India Quay,51.5067417,-0.0204833,UK,west-india-quay
All Saints,51.5108398,-0.0130551,UK,all-saints
Abbey Road,51.5325414,0.0036092,UK,abbey-road
Stratford High Street,51.5376469,-0.0001288,UK,stratford-high-street
Bow Church,51.5274411,-0.0206424,UK,bow-church
Bounds Green,51.607376,-0.1249047,UK,bounds-green
St. Paul's,51.5149144,-0.0975883,UK,st-paul's
Hampstead,51.5565973,-0.1784251,UK,hampstead
Belsize Park,51.5503088,-0.1646146,UK,belsize-park
Holloway Road,51.5528674,-0.1130095,UK,holloway-road
Stratford International DLR,51.5457077,-0.009359,UK,stratford-international-dlr
Swiss Cottage,51.543722,-0.174982,UK,swiss-cottage
Park Royal,51.5264341,-0.2839348,UK,park-royal
Wood Lane,51.5101068,-0.2237557,UK,wood-lane
Turnpike Lane,51.5901482,-0.1027442,UK,turnpike-lane
Acklington,55.3072171,-1.6517687,UK,acklington
Ancaster,52.987708,-0.5353535,UK,ancaster
Apsley,51.732365,-0.4629888,UK,apsley
Ashchurch for Tewkesbury,51.9990255,-2.1087299,UK,ashchurch-for-tewkesbury
Hadley Wood,51.6686291,-0.1761376,UK,hadley-wood
Micklefield,53.7887921,-1.3261163,UK,micklefield
Welham Green,51.736419,-0.2105454,UK,welham-green
Thirsk,54.2286468,-1.3732622,UK,thirsk
Shiplake,51.5111653,-0.8824136,UK,shiplake
Cholsey,51.5704082,-1.1586983,UK,cholsey
Slaggyford,54.8653223,-2.5064919,UK,slaggyford
Kirkhaugh,54.8398986,-2.4746432,UK,kirkhaugh
Canning Town,51.5139887,0.0082987,UK,canning-town
Ealing Broadway,51.5149803,-0.3004067,UK,ealing-broadway
Russell Square,51.5230529,-0.1242529,UK,russell-square
Caledonian Road,51.548482,-0.1183585,UK,caledonian-road
Totteridge & Whetstone,51.6307163,-0.1791837,UK,totteridge-&-whetstone
Chalk Farm,51.5441141,-0.1534811,UK,chalk-farm
Melton Mowbray,52.7610228,-0.8857875,UK,melton-mowbray
Whitwell,53.2799663,-1.2002363,UK,whitwell
Hathersage,53.3259212,-1.6521354,UK,hathersage
Oxford Circus,51.5154418,-0.1419563,UK,oxford-circus
Heatherslaw,55.6390596,-2.1067251,UK,heatherslaw
Hexham,54.9735335,-2.0947934,UK,hexham
North Greenwich,51.500574,0.0043201,UK,north-greenwich
Maghull North,53.5167407,-2.9212339,UK,maghull-north
Moorgate,51.5182516,-0.0890625,UK,moorgate
Kintore,57.2433565,-2.3502092,UK,kintore
Long Buckby,52.2944142,-1.0860558,UK,long-buckby
York,53.9577037,-1.0937301,UK,york
London Marylebone,51.5243712,-0.163592,UK,london-marylebone
Little Kimble,51.7522425,-0.8085107,UK,little-kimble
Main Line Platform,51.6118363,-1.2419808,UK,main-line-platform
Didcot Halt,51.6143946,-1.2458686,UK,didcot-halt
Kidderminster,52.3843587,-2.2384792,UK,kidderminster
Sheffield,53.3783713,-1.4621381,UK,sheffield
Walls Lane,53.178399,0.335097,UK,walls-lane
North Road,54.5357302,-1.5539294,UK,north-road
Chepstow,51.6399688,-2.6710867,UK,chepstow
Main Terminal Building (Departures),51.8902434,0.2601274,UK,main-terminal-building-departures
Gates 1-19,51.8892206,0.2541483,UK,gates-1-19
Gates 20-39,51.8911228,0.2569959,UK,gates-20-39
Aston,52.5044196,-1.8720376,UK,aston
Darley Dale,53.1606459,-1.594606,UK,darley-dale
Newton-le-Willows,53.4531451,-2.6128853,UK,newton-le-willows
Earlestown,53.4512184,-2.6376153,UK,earlestown
Runcorn,53.3385599,-2.7393871,UK,runcorn
Crewe,53.0889629,-2.4326364,UK,crewe
East Garforth,53.7922376,-1.3715945,UK,east-garforth
Selby,53.7829146,-1.0634228,UK,selby
Wressle,53.7728263,-0.9236723,UK,wressle
Howden,53.7647567,-0.8606411,UK,howden
Broomfleet,53.7403673,-0.6730092,UK,broomfleet
Ferriby,53.7170509,-0.5077294,UK,ferriby
Hessle,53.7173688,-0.4421011,UK,hessle
Cross Gates,53.8050605,-1.450353,UK,cross-gates
Eastrington,53.755235,-0.7870775,UK,eastrington
Hull Paragon Interchange,53.7438351,-0.3475977,UK,hull-paragon-interchange
Stalybridge,53.4841386,-2.0642227,UK,stalybridge
Slaithwaite,53.6241585,-1.8806027,UK,slaithwaite
Huddersfield,53.64849,-1.7847509,UK,huddersfield
Dewsbury,53.692016,-1.6332735,UK,dewsbury
Batley,53.7102081,-1.6230114,UK,batley
Narberth,51.7994674,-4.7270443,UK,narberth
Askam,54.1891252,-3.2045609,UK,askam
Green Road,54.2444234,-3.2453885,UK,green-road
Millom,54.2110036,-3.2706093,UK,millom
Bootle,54.2911815,-3.3938356,UK,bootle
Sellafield,54.4166451,-3.5104538,UK,sellafield
Drigg,54.3768581,-3.4435811,UK,drigg
Braystones,54.4395084,-3.5419705,UK,braystones
Nairn,57.5802452,-3.8718304,UK,nairn
Titley Junction,52.2172391,-2.9854823,UK,titley-junction
Lichfield Trent Valley,52.6868262,-1.7998262,UK,lichfield-trent-valley
Kenilworth,52.3428168,-1.5724185,UK,kenilworth
Southend Airport,51.5699453,0.7053472,UK,southend-airport
Blackpool North,53.8229372,-3.048373,UK,blackpool-north
South Ruislip,51.5569909,-0.3990635,UK,south-ruislip
Pier Head,51.5164752,0.7213426,UK,pier-head
Glasgow Central,55.8583132,-4.2584361,UK,glasgow-central
Glasgow Queen Street,55.8625587,-4.2511172,UK,glasgow-queen-street
Retford,53.3139936,-0.9459845,UK,retford
Warwick Parkway,52.2860143,-1.6122733,UK,warwick-parkway
Brownhills West,52.66269,-1.9529961,UK,brownhills-west
Kings Norton,52.4142407,-1.932615,UK,kings-norton
White Hart Lane,51.6045335,-0.0709154,UK,white-hart-lane
Turkey Street,51.673233,-0.0469695,UK,turkey-street
Theobalds Grove,51.6922334,-0.0350092,UK,theobalds-grove
Stamford Hill,51.5748827,-0.0762789,UK,stamford-hill
Stoke Newington,51.5650387,-0.0725478,UK,stoke-newington
Bruce Grove,51.5937114,-0.0700054,UK,bruce-grove
Rectory Road,51.559112,-0.068617,UK,rectory-road
Clapton,51.5616517,-0.0568648,UK,clapton
Brimsdown,51.6555713,-0.0307915,UK,brimsdown
Enfield Lock,51.6706112,-0.0285689,UK,enfield-lock
Waltham Cross,51.6847637,-0.0264754,UK,waltham-cross
Broxbourne,51.7468257,-0.0106258,UK,broxbourne
Roydon,51.7754392,0.0365138,UK,roydon
Harlow Town,51.781293,0.0950574,UK,harlow-town
Harlow Mill,51.7904819,0.1323175,UK,harlow-mill
Sawbridgeworth,51.8146205,0.16054,UK,sawbridgeworth
Stansted Mountfitchet,51.9012646,0.199248,UK,stansted-mountfitchet
Elsenham,51.9206948,0.2277995,UK,elsenham
Audley End,52.0044551,0.2071507,UK,audley-end
Whittlesford Parkway,52.1035739,0.1657359,UK,whittlesford-parkway
Shelford,52.1494347,0.1398447,UK,shelford
Stansted Airport,51.8892596,0.2621537,UK,stansted-airport
Hertford East,51.7993962,-0.0717505,UK,hertford-east
Ware,51.8079808,-0.0287596,UK,ware
Rye House,51.7693606,0.0055221,UK,rye-house
South Quay,51.5000357,-0.0162525,UK,south-quay
King George V,51.502006,0.0623526,UK,king-george-v
Royal Victoria,51.5091026,0.0175953,UK,royal-victoria
Prince Regent,51.5094778,0.0331521,UK,prince-regent
Royal Albert,51.5083952,0.0458839,UK,royal-albert
Gallions Reach,51.5089622,0.0717937,UK,gallions-reach
Beckton,51.5143713,0.061373,UK,beckton
Blackwall,51.5079378,-0.0071843,UK,blackwall
East India,51.5093835,-0.0021873,UK,east-india
London City Airport,51.5035322,0.048542,UK,london-city-airport
West Silvertown,51.5028811,0.0223323,UK,west-silvertown
Pontoon Dock,51.5022501,0.0332232,UK,pontoon-dock
North Acton,51.5235769,-0.2597818,UK,north-acton
Westhoughton,53.5558849,-2.523221,UK,westhoughton
Horwich Parkway,53.5779831,-2.5397317,UK,horwich-parkway
Tower Hill,51.5098481,-0.0766986,UK,tower-hill
Witton-le-Wear,54.6763965,-1.7666786,UK,witton-le-wear
Moses Gate,53.5562667,-2.4015572,UK,moses-gate
Farnworth,53.5504599,-2.3885326,UK,farnworth
Bayford,51.7579011,-0.0957274,UK,bayford
Cuffley,51.7091464,-0.1097981,UK,cuffley
Crews Hill,51.6847476,-0.1072562,UK,crews-hill
Gordon Hill,51.6629506,-0.0942203,UK,gordon-hill
Grange Park,51.6433292,-0.0969391,UK,grange-park
Palmers Green,51.6186609,-0.1101687,UK,palmers-green
Hornsey,51.5863215,-0.1116832,UK,hornsey
Hertford North,51.7986797,-0.0922384,UK,hertford-north
Bowes Park,51.6071861,-0.1204848,UK,bowes-park
Colindale,51.5954091,-0.2499296,UK,colindale
Golders Green,51.5723003,-0.194027,UK,golders-green
Ruislip,51.5714026,-0.4213375,UK,ruislip
Rayners Lane,51.5752109,-0.3714658,UK,rayners-lane
Neasden,51.5543358,-0.250749,UK,neasden
The Valley Railway Adventure,52.1172969,-1.9372088,UK,the-valley-railway-adventure
Romiley,53.4140086,-2.0893199,UK,romiley
Bredbury,53.4230377,-2.1104918,UK,bredbury
Ashburys,53.4718438,-2.1952305,UK,ashburys
Belle Vue,53.4614732,-2.1800733,UK,belle-vue
Grindleford,53.3055623,-1.6260289,UK,grindleford
Bamford,53.3391287,-1.6894024,UK,bamford
Edale,53.3648176,-1.8172462,UK,edale
New Mills Central,53.3648638,-2.0055693,UK,new-mills-central
Strines,53.374569,-2.0333062,UK,strines
Marple,53.4006474,-2.0572003,UK,marple
Mouldsworth,53.2318152,-2.7322101,UK,mouldsworth
Delamere,53.2288345,-2.6665302,UK,delamere
Cuddington,53.2399223,-2.5995386,UK,cuddington
Greenbank,53.2514201,-2.5344589,UK,greenbank
Northwich,53.2613648,-2.4968484,UK,northwich
Plumley,53.2748823,-2.4196724,UK,plumley
Knutsford,53.3015965,-2.3721765,UK,knutsford
Altrincham,53.3876561,-2.3470824,UK,altrincham
Hale,53.3785218,-2.3474975,UK,hale
Becontree,51.5403111,0.1265241,UK,becontree
Ruislip Manor,51.5733973,-0.4117997,UK,ruislip-manor
Northolt,51.5484582,-0.3695247,UK,northolt
Perivale,51.5364952,-0.3225887,UK,perivale
Theydon Bois,51.6717759,0.1033213,UK,theydon-bois
Loughton,51.6412266,0.0553234,UK,loughton
Woodford,51.6068074,0.0340219,UK,woodford
Hanger Lane,51.5303098,-0.2936453,UK,hanger-lane
Upminster Bridge,51.5582655,0.2347689,UK,upminster-bridge
Hornchurch,51.5538747,0.2181092,UK,hornchurch
Dagenham East,51.544018,0.1649496,UK,dagenham-east
Dagenham Heathway,51.5415534,0.1456377,UK,dagenham-heathway
Stanmore,51.6188526,-0.3026271,UK,stanmore
Canons Park,51.6080065,-0.2947453,UK,canons-park
Elm Park,51.549579,0.1974303,UK,elm-park
Leyton,51.5568183,-0.0051322,UK,leyton
Marsden,53.6032403,-1.9302115,UK,marsden
Gorton,53.4689321,-2.1677485,UK,gorton
Fairfield,53.4713232,-2.1449235,UK,fairfield
Greenfield,53.5387491,-2.0142364,UK,greenfield
Walthamstow Central,51.582893,-0.0199941,UK,walthamstow-central
Chartley Halt,52.8486248,-2.0041243,UK,chartley-halt
Amerton Station,52.8478506,-2.0104669,UK,amerton-station
Alperton,51.5408036,-0.3000963,UK,alperton
Covent Garden,51.5130942,-0.1242695,UK,covent-garden
St. John's Wood,51.5353523,-0.1742097,UK,st-john's-wood
East Ham,51.5394005,0.0526042,UK,east-ham
Bromley-by-Bow,51.5246287,-0.0123189,UK,bromley-by-bow
Kensal Green,51.5306063,-0.2244449,UK,kensal-green
Harlesden,51.5363567,-0.257833,UK,harlesden
Green Park,51.5066244,-0.1429437,UK,green-park
Heaton Chapel,53.4259927,-2.1792895,UK,heaton-chapel
Congleton,53.1577982,-2.1924594,UK,congleton
Prestbury,53.2931107,-2.1453161,UK,prestbury
Adlington (Cheshire),53.3197238,-2.1336443,UK,adlington-cheshire
Uxbridge,51.546655,-0.4775114,UK,uxbridge
Hillingdon,51.5536028,-0.4504637,UK,hillingdon
Goldhawk Road,51.5017564,-0.2265662,UK,goldhawk-road
Latimer Road,51.5134749,-0.2177873,UK,latimer-road
Kilburn Park,51.5350704,-0.1943721,UK,kilburn-park
Royal Oak,51.5190222,-0.1874439,UK,royal-oak
Bayswater,51.5122764,-0.1883854,UK,bayswater
High Street Kensington,51.5002995,-0.1921096,UK,high-street-kensington
Marble Arch,51.513435,-0.1582531,UK,marble-arch
Great Portland Street,51.5238146,-0.1437048,UK,great-portland-street
Warren Street,51.5247178,-0.1385303,UK,warren-street
Goodge Street,51.5205978,-0.1343573,UK,goodge-street
Highbury & Islington,51.5463679,-0.1036544,UK,highbury-&-islington
Edge Hill,53.4024926,-2.9466548,UK,edge-hill
Mossley Hill,53.3785566,-2.914829,UK,mossley-hill
West Allerton,53.3693253,-2.9071937,UK,west-allerton
Halewood,53.364495,-2.830106,UK,halewood
Hough Green,53.3725786,-2.7752696,UK,hough-green
Warrington West,53.3937436,-2.6369293,UK,warrington-west
Sankey for Penketh,53.3923448,-2.6505871,UK,sankey-for-penketh
Trafford Park,53.4547767,-2.3116958,UK,trafford-park
Humphrey Park,53.4523337,-2.3272609,UK,humphrey-park
Flixton,53.4437085,-2.3839554,UK,flixton
Chassen Road,53.4461647,-2.3678327,UK,chassen-road
Urmston,53.4483208,-2.3536565,UK,urmston
Irlam,53.4342044,-2.4328454,UK,irlam
Birchwood,53.4127822,-2.5251395,UK,birchwood
Padgate,53.4056193,-2.5569297,UK,padgate
Warrington Central,53.3919402,-2.5924167,UK,warrington-central
Grantham,52.9065217,-0.6430066,UK,grantham
Netherfield,52.9614057,-1.0793598,UK,netherfield
Ely,52.3906885,0.2664989,UK,ely
Barrow-upon-Soar,52.7494311,-1.1454909,UK,barrow-upon-soar
Syston,52.6940888,-1.0825247,UK,syston
Rolleston,53.0651443,-0.9001231,UK,rolleston
Newark Castle,53.0802549,-0.8131753,UK,newark-castle
Fiskerton,53.0606002,-0.9118374,UK,fiskerton
Bleasby,53.0414796,-0.9435609,UK,bleasby
Thurgarton,53.0289716,-0.9622591,UK,thurgarton
Lowdham,53.0064332,-0.9982248,UK,lowdham
Carlton,52.9650524,-1.0787671,UK,carlton
Burton Joyce,52.9832944,-1.0412134,UK,burton-joyce
Attenborough,52.9064132,-1.2311523,UK,attenborough
Duffield,52.9882284,-1.4858584,UK,duffield
Belper,53.0242729,-1.4825631,UK,belper
Whatstandwell,53.0834695,-1.5042939,UK,whatstandwell
Cromford,53.1129115,-1.5490661,UK,cromford
Matlock,53.1381136,-1.5585511,UK,matlock
Matlock Bath,53.1225529,-1.5568716,UK,matlock-bath
Levenshulme,53.4449044,-2.1929575,UK,levenshulme
Handforth,53.346446,-2.2136737,UK,handforth
Chelford,53.2704221,-2.2804386,UK,chelford
Holmes Chapel,53.1992752,-2.3511004,UK,holmes-chapel
Sandbach,53.1502448,-2.3937143,UK,sandbach
Drayton Park,51.5531063,-0.1057696,UK,drayton-park
Main Terminal Building (Arrivals),51.8911955,0.2615497,UK,main-terminal-building-arrivals
Willesden Green,51.5493524,-0.222223,UK,willesden-green
Kilburn,51.5469889,-0.2053385,UK,kilburn
West Acton,51.5183524,-0.280413,UK,west-acton
Stonebridge Park,51.5441099,-0.2762285,UK,stonebridge-park
Willesden Junction,51.5321956,-0.2435041,UK,willesden-junction
Davenport,53.390734,-2.1521585,UK,davenport
Woodsmoor,53.3861409,-2.1412433,UK,woodsmoor
Hazel Grove,53.3774667,-2.1221506,UK,hazel-grove
Disley,53.3582435,-2.0426188,UK,disley
New Mills Newtown,53.3594641,-2.0082028,UK,new-mills-newtown
Furness Vale,53.348808,-1.9888665,UK,furness-vale
Chapel-en-le-Frith,53.3120572,-1.9183726,UK,chapel-en-le-frith
Dove Holes,53.3001375,-1.8897118,UK,dove-holes
Dollis Hill,51.5519333,-0.2390026,UK,dollis-hill
Westbourne Park,51.5209265,-0.2014098,UK,westbourne-park
Leyland,53.6985644,-2.686555,UK,leyland
Penrith (North Lakes),54.6619974,-2.7588031,UK,penrith-north-lakes
Lockerbie,55.1224062,-3.3537892,UK,lockerbie
Barking,51.5402677,0.0793235,UK,barking
Ladbroke Grove,51.5172639,-0.2111019,UK,ladbroke-grove
Upney,51.538266,0.099626,UK,upney
Cessnock,55.8523711,-4.2949612,UK,cessnock
Queen's Park,51.533873,-0.2054958,UK,queen's-park
Tottenham Hale,51.588123,-0.0599442,UK,tottenham-hale
Holland Park,51.507192,-0.2054639,UK,holland-park
Euston Square,51.5256866,-0.1355703,UK,euston-square
Camden Road,51.5419498,-0.1395276,UK,camden-road
Meridian Water,51.610003,-0.0500855,UK,meridian-water
Oxford,51.7534512,-1.2699542,UK,oxford
Wanstead,51.575646,0.0286373,UK,wanstead
Queensway,51.5104729,-0.1872329,UK,queensway
Witham,51.8059244,0.6394272,UK,witham
Shoeburyness,51.531446,0.7945675,UK,shoeburyness
Maryland,51.5460532,0.0059223,UK,maryland
Tower Gateway,51.5106288,-0.0739505,UK,tower-gateway
West Hampstead Thameslink,51.5484242,-0.192322,UK,west-hampstead-thameslink
Wood Street,51.587041,-0.0016791,UK,wood-street
Headstone Lane,51.6025533,-0.3569524,UK,headstone-lane
Hatch End,51.6095781,-0.3687836,UK,hatch-end
Daisy Hill,53.539359,-2.5151778,UK,daisy-hill
Moorside,53.5163626,-2.3527491,UK,moorside
Walkden,53.5197861,-2.395748,UK,walkden
Atherton,53.5290757,-2.4778339,UK,atherton
Manor Park,51.5521996,0.0450354,UK,manor-park
Forest Gate,51.549251,0.0232808,UK,forest-gate
Didcot Parkway,51.6112197,-1.2425171,UK,didcot-parkway
Bristol Parkway,51.5138815,-2.542979,UK,bristol-parkway
Colwall,52.0798427,-2.3567991,UK,colwall
Ledbury,52.0452528,-2.4256108,UK,ledbury
Pershore,52.1307399,-2.0723991,UK,pershore
Charlbury,51.8723271,-1.4897686,UK,charlbury
Great Malvern,52.1093038,-2.3181313,UK,great-malvern
Worcester Shrub Hill,52.1950309,-2.2093282,UK,worcester-shrub-hill
Moreton-in-Marsh,51.9921819,-1.7002657,UK,moreton-in-marsh
Evesham,52.0984969,-1.9472858,UK,evesham
Honeybourne,52.1016406,-1.8336821,UK,honeybourne
Kingham,51.9024116,-1.628532,UK,kingham
Hanborough,51.8247081,-1.3726319,UK,hanborough
Banbury,52.0605712,-1.3277563,UK,banbury
Leamington Spa,52.28461,-1.5358026,UK,leamington-spa
Wolverhampton,52.5879884,-2.120242,UK,wolverhampton
Coleshill Parkway,52.5165155,-1.7077717,UK,coleshill-parkway
Oakham,52.6722903,-0.7343447,UK,oakham
Willington,52.8533792,-1.5641036,UK,willington
Gloucester,51.8655109,-2.2382438,UK,gloucester
Burton-on-Trent,52.8058728,-1.6424988,UK,burton-on-trent
Middlesbrough,54.5791464,-1.2345092,UK,middlesbrough
Hartlepool,54.6868261,-1.207832,UK,hartlepool
Manchester Airport,53.365183,-2.2720385,UK,manchester-airport
Carpenders Park,51.6279135,-0.3855109,UK,carpenders-park
Leighton Buzzard,51.9161989,-0.6773449,UK,leighton-buzzard
Northfield,52.4082951,-1.9651246,UK,northfield
Coventry,52.400739,-1.5135474,UK,coventry
Preston,53.7552898,-2.7071573,UK,preston
Hartford,53.241569,-2.553519,UK,hartford
Vale of Rheidol,52.4114736,-4.0786681,UK,vale-of-rheidol
Hereford,52.0611986,-2.7081221,UK,hereford
Kirkby Stephen,54.4549076,-2.368703,UK,kirkby-stephen
Birmingham International,52.450776,-1.7253182,UK,birmingham-international
Brandon,52.4538785,0.624439,UK,brandon
Thetford,52.4191556,0.7452832,UK,thetford
Eccles Road,52.4712952,0.9699936,UK,eccles-road
Attleborough,52.5144296,1.0222067,UK,attleborough
Wymondham,52.5653515,1.1181355,UK,wymondham
Upper Holloway,51.563474,-0.1296473,UK,upper-holloway
Crouch Hill,51.571431,-0.1168739,UK,crouch-hill
Laindon,51.5675954,0.4237157,UK,laindon
Benfleet,51.5441005,0.5616239,UK,benfleet
Southend East,51.5389057,0.73149,UK,southend-east
Thorpe Bay,51.5376596,0.7619363,UK,thorpe-bay
Southend Central,51.5373587,0.7116503,UK,southend-central
Chalkwell,51.5386117,0.6698419,UK,chalkwell
Leigh-on-Sea,51.5412111,0.6394573,UK,leigh-on-sea
Pitsea,51.5602396,0.5079761,UK,pitsea
Stanford-le-Hope,51.5141935,0.4229093,UK,stanford-le-hope
Dagenham Dock,51.5261927,0.1454324,UK,dagenham-dock
Ockendon,51.5214457,0.2902394,UK,ockendon
Enfield Chase,51.6526384,-0.0908639,UK,enfield-chase
Pegswood,55.1783232,-1.6437205,UK,pegswood
Glenfinnan,56.872438,-5.4493089,UK,glenfinnan
Crianlarich,56.3903333,-4.6184447,UK,crianlarich
Taynuilt,56.4308516,-5.2398162,UK,taynuilt
Oban,56.4122069,-5.4745782,UK,oban
Upper Tyndrum,56.4348066,-4.7039393,UK,upper-tyndrum
Corrour,56.760277,-4.6907677,UK,corrour
Bridge of Orchy,56.5163947,-4.7643193,UK,bridge-of-orchy
Luton Airport Parkway,51.872845,-0.3961244,UK,luton-airport-parkway
St Albans City,51.7504966,-0.3276687,UK,st-albans-city
Welwyn North,51.8237723,-0.192134,UK,welwyn-north
Ardlui,56.3018438,-4.7216053,UK,ardlui
Garelochhead,56.0802337,-4.8253592,UK,garelochhead
Arrochar and Tarbet,56.2033029,-4.7231172,UK,arrochar-and-tarbet
Gospel Oak,51.5554865,-0.151577,UK,gospel-oak
Woodgrange Park,51.549168,0.0447283,UK,woodgrange-park
Regent's Park,51.5236277,-0.1466357,UK,regent's-park
Maida Vale,51.5298672,-0.1857447,UK,maida-vale
Rugeley Trent Valley,52.7696788,-1.9299278,UK,rugeley-trent-valley
Nuneaton,52.5267605,-1.4641837,UK,nuneaton
Stratford International,51.5447954,-0.0087494,UK,stratford-international
Northallerton,54.3324731,-1.441378,UK,northallerton
Wood Green,51.597416,-0.1097795,UK,wood-green
Manor House,51.5703208,-0.0963971,UK,manor-house
Birmingham New Street,52.4776459,-1.898694,UK,birmingham-new-street
Blair Atholl,56.7652712,-3.8497055,UK,blair-atholl
Dunkeld and Birnam,56.5565771,-3.5775146,UK,dunkeld-and-birnam
Dalwhinnie,56.9351529,-4.2462331,UK,dalwhinnie
Pitlochry,56.7023642,-3.73564,UK,pitlochry
Aviemore,57.188278,-3.8288803,UK,aviemore
Caernarfon,53.1375302,-4.2719629,UK,caernarfon
Borough,51.5011444,-0.0932926,UK,borough
Murton Park,53.9629636,-1.0097159,UK,murton-park
Harpenden,51.8148177,-0.3515572,UK,harpenden
Enfield Town,51.6517212,-0.0786732,UK,enfield-town
Finchley Road & Frognal,51.5501046,-0.1835754,UK,finchley-road-&-frognal
March,52.5600848,0.0913188,UK,march
Penzance,50.1224396,-5.5320276,UK,penzance
Swansea,51.6256789,-3.9403729,UK,swansea
Merthyr Tydfil,51.7444793,-3.3773565,UK,merthyr-tydfil
Pontypridd,51.5992956,-3.3418374,UK,pontypridd
Gidea Park,51.581785,0.2057283,UK,gidea-park
Emerson Park,51.5686007,0.2202375,UK,emerson-park
Pudding Mill Lane,51.5338301,-0.0135365,UK,pudding-mill-lane
Ffairfach,51.8730081,-3.9927793,UK,ffairfach
Llandybie,51.8209328,-4.0037378,UK,llandybie
Llandeilo,51.8851723,-3.9868387,UK,llandeilo
Llanwrda,51.9626513,-3.8721201,UK,llanwrda
Ammanford,51.7955509,-3.996828,UK,ammanford
Pantyffynnon,51.7786637,-3.997538,UK,pantyffynnon
Pontarddulais,51.7170446,-4.045435,UK,pontarddulais
Bynea,51.6722799,-4.0987158,UK,bynea
Llangammarch,52.1142069,-3.5551178,UK,llangammarch
Cilmeri,52.1504164,-3.4567317,UK,cilmeri
Llandrindod,52.242258,-3.3794358,UK,llandrindod
Dolau,52.2949972,-3.2633324,UK,dolau
Gowerton,51.6489264,-4.0356664,UK,gowerton
Broome,52.4231523,-2.8844821,UK,broome
Llangadog,51.9402678,-3.8931979,UK,llangadog
Garth,52.1333876,-3.5301867,UK,garth
Builth Road,52.1691098,-3.4271436,UK,builth-road
Pen-y-bont,52.2743417,-3.3215797,UK,pen-y-bont
Llangynllo,52.3501452,-3.1615439,UK,llangynllo
Hopton Heath,52.391361,-2.9120277,UK,hopton-heath
Llandovery,51.9953596,-3.8029237,UK,llandovery
Llanbister Road,52.3363191,-3.2131872,UK,llanbister-road
Bucknell,52.3572768,-2.947694,UK,bucknell
Craven Arms,52.4424204,-2.8376284,UK,craven-arms
Sugar Loaf,52.0820713,-3.685776,UK,sugar-loaf
Llangennech,51.6913467,-4.07874,UK,llangennech
Liverpool Lime Street,53.4076085,-2.9775854,UK,liverpool-lime-street
Perth,56.3914751,-3.4383963,UK,perth
Watlington,52.6728741,0.3831294,UK,watlington
King's Lynn,52.7537968,0.4040202,UK,king's-lynn
Hampstead Heath,51.5552396,-0.1653912,UK,hampstead-heath
Dalston Kingsland,51.5481908,-0.0760535,UK,dalston-kingsland
Shoreditch High Street,51.5232534,-0.0744674,UK,shoreditch-high-street
Kilburn High Road,51.5377475,-0.1913533,UK,kilburn-high-road
Harringay Green Lanes,51.5772398,-0.097888,UK,harringay-green-lanes
Kentish Town West,51.5469937,-0.1467554,UK,kentish-town-west
Silver Street,51.6152781,-0.0669005,UK,silver-street
Caledonian Road & Barnsbury,51.5435462,-0.1148864,UK,caledonian-road-&-barnsbury
Leyton Midland Road,51.5694492,-0.0070762,UK,leyton-midland-road
Chingford,51.6325345,0.009471,UK,chingford
Highams Park,51.6088927,-0.0001301,UK,highams-park
Cambridge Heath,51.5319544,-0.0574215,UK,cambridge-heath
Hackney Central,51.5470605,-0.0568749,UK,hackney-central
Radcliffe,52.9487898,-1.0369716,UK,radcliffe
Robroyston,55.886885,-4.1743912,UK,robroyston
Slough,51.512103,-0.591276,UK,slough
Outwood,53.7152957,-1.5104273,UK,outwood
Brentwood,51.6135231,0.3006105,UK,brentwood
Heron Quays,51.5029301,-0.0215033,UK,heron-quays
Harold Wood,51.5932171,0.2341995,UK,harold-wood
Westferry,51.5094025,-0.026644,UK,westferry
London Paddington,51.5170952,-0.177317,UK,london-paddington
Yorton,52.8090881,-2.7363694,UK,yorton
Bletchley,51.9954534,-0.7363,UK,bletchley
Stevenage,51.9018356,-0.207144,UK,stevenage
Liverpool South Parkway,53.3576179,-2.8892004,UK,liverpool-south-parkway
Stafford,52.8035815,-2.1226262,UK,stafford
Potters Bar,51.6975545,-0.193118,UK,potters-bar
Southend Victoria,51.5429361,0.7114814,UK,southend-victoria
Westcliff,51.5374449,0.6915156,UK,westcliff
Muirend,55.8101131,-4.2738113,UK,muirend
Liverpool James Street,53.4050028,-2.9922097,UK,liverpool-james-street
Mansfield,53.142079,-1.1985012,UK,mansfield
Alfreton,53.1010582,-1.3698401,UK,alfreton
Winchmore Hill,51.6340675,-0.1009414,UK,winchmore-hill
Chadwell Heath,51.5679857,0.127994,UK,chadwell-heath
West Ealing,51.5135365,-0.3206893,UK,west-ealing
Hayes and Harlington,51.5029246,-0.4191564,UK,hayes-and-harlington
Southall,51.5060205,-0.3775015,UK,southall
Hanwell,51.5118253,-0.3381509,UK,hanwell
Goodmayes,51.565803,0.1119305,UK,goodmayes
Acton Main Line,51.5169789,-0.2679825,UK,acton-main-line
Brondesbury,51.5450493,-0.2025961,UK,brondesbury
Star Lane,51.5205083,0.0043357,UK,star-lane
Kensal Rise,51.5344634,-0.2200978,UK,kensal-rise
Hackney Downs,51.5486455,-0.060686,UK,hackney-downs
Homerton,51.5470789,-0.043121,UK,homerton
Canonbury,51.5485632,-0.0930239,UK,canonbury
Southbury,51.6480314,-0.0526302,UK,southbury
Brondesbury Park,51.5405138,-0.2103359,UK,brondesbury-park
South Tottenham,51.5804433,-0.0717169,UK,south-tottenham
St James Street,51.5811716,-0.0322047,UK,st-james-street
Hackney Wick,51.5434383,-0.0241542,UK,hackney-wick
Bush Hill Park,51.641707,-0.0693944,UK,bush-hill-park
London Fields,51.5410518,-0.0577737,UK,london-fields
South Hampstead,51.5414337,-0.1788007,UK,south-hampstead
Devons Road,51.5222078,-0.0172729,UK,devons-road
Poplar,51.5077131,-0.0172859,UK,poplar
Langdon Park,51.5152051,-0.0141164,UK,langdon-park
Morar,56.9689555,-5.8220885,UK,morar
Singer,55.9074847,-4.4054997,UK,singer
Mallaig,57.0055416,-5.8302296,UK,mallaig
Bridgeton,55.8483262,-4.2248178,UK,bridgeton
Aberdeen,57.1426487,-2.0976346,UK,aberdeen
Drumry,55.904597,-4.3854827,UK,drumry
Darlington,54.5206617,-1.5466911,UK,darlington
Meadowhall Interchange,53.4171124,-1.4141302,UK,meadowhall-interchange
Ormskirk,53.5695845,-2.8809051,UK,ormskirk
Edinburgh Waverley,55.9519018,-3.1904199,UK,edinburgh-waverley
Moorfields,53.4085494,-2.9892356,UK,moorfields
Market Harborough,52.4802412,-0.9091337,UK,market-harborough
Kidsgrove,53.0864206,-2.244923,UK,kidsgrove
Tamworth,52.6374678,-1.6865886,UK,tamworth
Princes Risborough,51.7180454,-0.8440858,UK,princes-risborough
Aylesbury,51.8134286,-0.8143149,UK,aylesbury
Poynton,53.3505513,-2.134793,UK,poynton
Holyhead,53.3073739,-4.6312147,UK,holyhead
Stoke-on-Trent,53.0079887,-2.1810781,UK,stoke-on-trent
Abergavenny,51.8174352,-3.0090126,UK,abergavenny
Macclesfield,53.2593665,-2.1219368,UK,macclesfield
Cheltenham Spa,51.8969882,-2.1001222,UK,cheltenham-spa
Leominster,52.2258095,-2.7304447,UK,leominster
Wolverton,52.065978,-0.8047602,UK,wolverton
Port Sunlight,53.3484812,-2.9982505,UK,port-sunlight
Chesterfield,53.2382236,-1.4197283,UK,chesterfield
Glazebrook,53.4282913,-2.4599923,UK,glazebrook
Henley-on-Thames,51.5338451,-0.899422,UK,henley-on-thames
Wrexham Central,53.0463361,-2.9996254,UK,wrexham-central
Whaley Bridge,53.3302649,-1.9847378,UK,whaley-bridge
Liverpool Central,53.4042207,-2.9795092,UK,liverpool-central
Sandhills,53.4295369,-2.9920015,UK,sandhills
Corby,52.4888488,-0.6883829,UK,corby
Windermere,54.3794896,-2.9033054,UK,windermere
Swineshead,52.9697297,-0.1867064,UK,swineshead
Cleethorpes,53.562825,-0.0300969,UK,cleethorpes
Doncaster,53.5219538,-1.1399149,UK,doncaster
Grimsby Town,53.5634567,-0.0868507,UK,grimsby-town
Workington,54.6449643,-3.558903,UK,workington
Spalding,52.7887647,-0.1571731,UK,spalding
Market Rasen,53.3840114,-0.3368448,UK,market-rasen
Saxilby,53.267314,-0.6645836,UK,saxilby
Salford Crescent,53.4862309,-2.275711,UK,salford-crescent
Leeds,53.794414,-1.548621,UK,leeds
Scunthorpe,53.5861008,-0.6515681,UK,scunthorpe
Wakefield Westgate,53.6822118,-1.5055805,UK,wakefield-westgate
Norwich,52.626307,1.3076876,UK,norwich
High Wycombe,51.6293727,-0.7445773,UK,high-wycombe
Essex Road,51.5407328,-0.0961859,UK,essex-road
Ingatestone,51.6670001,0.3842646,UK,ingatestone
Cricklewood,51.5587554,-0.2129746,UK,cricklewood
Hemel Hempstead,51.7422715,-0.4911208,UK,hemel-hempstead
Waterloo East,51.5042171,-0.1082027,UK,waterloo-east
London King's Cross,51.5323954,-0.1230224,UK,london-king's-cross
Marlow,51.571086,-0.7664026,UK,marlow
Milton Keynes Central,52.0342006,-0.7748261,UK,milton-keynes-central
London Blackfriars,51.5104871,-0.1032417,UK,london-blackfriars
Ponders End,51.6428468,-0.0347864,UK,ponders-end
Lea Bridge,51.5667512,-0.0371218,UK,lea-bridge
Chester-le-Street,54.8545355,-1.5782541,UK,chester-le-street
Durham,54.7797488,-1.5815122,UK,durham
Kendal,54.3322466,-2.7401448,UK,kendal
Lancaster,54.0488361,-2.807799,UK,lancaster
St Annes-on-the-Sea,53.7531813,-3.02895,UK,st-annes-on-the-sea
Elstree & Borehamwood,51.652819,-0.2798815,UK,elstree-&-borehamwood
Kiveton Park,53.3367636,-1.2395678,UK,kiveton-park
Sileby,52.7311264,-1.1094383,UK,sileby
Thornaby,54.5591886,-1.3016958,UK,thornaby
Winsford,53.1904159,-2.4943089,UK,winsford
Oxenholme Lake District,54.3050597,-2.7217774,UK,oxenholme-lake-district
Berkswell,52.3960838,-1.6417904,UK,berkswell
Wembley Stadium,51.5542489,-0.2847664,UK,wembley-stadium
Sudbury & Harrow Road,51.5543352,-0.3160599,UK,sudbury-&-harrow-road
Ilkeston,52.9790983,-1.2950397,UK,ilkeston
Longbridge,52.3970107,-1.9807611,UK,longbridge
Arnside,54.202601,-2.8280672,UK,arnside
Llansamlet,51.6615072,-3.8854619,UK,llansamlet
Lanark,55.6735029,-3.7724229,UK,lanark
Bulwell,52.9993437,-1.1953957,UK,bulwell
Hellifield,54.0104821,-2.2269493,UK,hellifield
Wembley Central,51.5523278,-0.2966751,UK,wembley-central
Carnoustie,56.5006776,-2.7053474,UK,carnoustie
Kirkcaldy,56.1120419,-3.1670184,UK,kirkcaldy
Kinbrace,58.2585833,-3.9411518,UK,kinbrace
Duncraig,57.3369369,-5.6371138,UK,duncraig
Attadale,57.3944792,-5.455396,UK,attadale
Invershin,57.9248518,-4.3995831,UK,invershin
Kildonan,58.1707751,-3.8690934,UK,kildonan
Lochluichart,57.6218024,-4.8089907,UK,lochluichart
Culrain,57.9195944,-4.404528,UK,culrain
Scotscalder,58.4828499,-3.55207,UK,scotscalder
Achnashellach,57.482028,-5.3333224,UK,achnashellach
Rogart,57.9886311,-4.158287,UK,rogart
Achanalt,57.6096032,-4.9138447,UK,achanalt
Duirinish,57.3198325,-5.6916167,UK,duirinish
Tyndrum Lower,56.4336045,-4.7134443,UK,tyndrum-lower
Corpach,56.8427664,-5.1221182,UK,corpach
Connel Ferry,56.4524716,-5.3832916,UK,connel-ferry
Montrose,56.7128296,-2.4722165,UK,montrose
Loch Awe,56.4018224,-5.0416851,UK,loch-awe
Arisaig,56.9129624,-5.8396337,UK,arisaig
Falls of Cruachan,56.3940171,-5.1127256,UK,falls-of-cruachan
Renton,55.9703118,-4.5863543,UK,renton
Balloch,56.0023629,-4.5832835,UK,balloch
Barnhill,55.8777405,-4.2233317,UK,barnhill
Roy Bridge,56.8883373,-4.8371115,UK,roy-bridge
Ashwell & Morden,52.0306258,-0.1099212,UK,ashwell-&-morden
Marton,54.544225,-1.1983615,UK,marton
Carntyne,55.8548998,-4.1791751,UK,carntyne
Garrowhill,55.855046,-4.129839,UK,garrowhill
Larbert,56.0221353,-3.8297927,UK,larbert
Prestonpans,55.9527764,-2.9754522,UK,prestonpans
Poulton-le-Fylde,53.8482922,-2.9896795,UK,poulton-le-fylde
Drumgelloch,55.8676763,-3.9483149,UK,drumgelloch
Shettleston,55.8536445,-4.1595853,UK,shettleston
Malton,54.1318572,-0.7977286,UK,malton
Foxton,52.1193575,0.0569774,UK,foxton
Gartcosh,55.8856215,-4.0793828,UK,gartcosh
Livingston North,55.9015081,-3.5436081,UK,livingston-north
Harwich Town,51.9441577,1.2866273,UK,harwich-town
Coatdyke,55.864404,-4.0049999,UK,coatdyke
Burnham-on-Crouch,51.6336033,0.8136583,UK,burnham-on-crouch
Stepps,55.8901268,-4.1404382,UK,stepps
Warwick,52.28662,-1.5817112,UK,warwick
Southminster,51.6606424,0.8353716,UK,southminster
Shepreth,52.114457,0.0316482,UK,shepreth
Uphall,55.9190379,-3.5019033,UK,uphall
Musselburgh,55.933457,-3.0724862,UK,musselburgh
Kelvindale,55.8934819,-4.31008,UK,kelvindale
Battlesbridge,51.6249307,0.5656286,UK,battlesbridge
Bridge of Allan,56.1567462,-3.9572856,UK,bridge-of-allan
Newtonmore,57.0591332,-4.1189471,UK,newtonmore
Tile Hill,52.3951906,-1.5972825,UK,tile-hill
Beasdale,56.9000736,-5.7639221,UK,beasdale
Althorne,51.6477849,0.7517966,UK,althorne
Buckshaw Parkway,53.6729554,-2.6589846,UK,buckshaw-parkway
Gypsy Lane,54.5333293,-1.1803117,UK,gypsy-lane
Bathgate,55.8971052,-3.6362736,UK,bathgate
Camelon,56.0062328,-3.8183922,UK,camelon
North Berwick,56.0566405,-2.7309712,UK,north-berwick
Worcester Foregate Street,52.1953125,-2.2207771,UK,worcester-foregate-street
Hartlebury,52.3344413,-2.2210855,UK,hartlebury
Armadale,55.8865302,-3.6929618,UK,armadale
Caldercruix,55.8880483,-3.8887176,UK,caldercruix
Rufford,53.6343744,-2.8079516,UK,rufford
Sandy,52.1249106,-0.2809477,UK,sandy
Arbroath,56.5593376,-2.5892737,UK,arbroath
Morpeth,55.1623623,-1.6831484,UK,morpeth
Falkirk Grahamston,56.0023684,-3.7854737,UK,falkirk-grahamston
Stonehaven,56.9668616,-2.225283,UK,stonehaven
Inverkeithing,56.0352386,-3.3954171,UK,inverkeithing
Partick (Rail),55.8699211,-4.3094365,UK,partick-rail
Golf Street,56.4979456,-2.7201226,UK,golf-street
Bradford Interchange,53.790494,-1.7491251,UK,bradford-interchange
South Woodham Ferrers,51.6494076,0.6060545,UK,south-woodham-ferrers
Worcestershire Parkway,52.1561771,-2.1600339,UK,worcestershire-parkway
Apedale Road,53.0364237,-2.2658011,UK,apedale-road
Ludborough,53.4451119,-0.0311433,UK,ludborough
Smethwick Galton Bridge,52.5021195,-1.9804372,UK,smethwick-galton-bridge
Wombwell,53.5174468,-1.4163018,UK,wombwell
Selly Oak,52.4418625,-1.9355913,UK,selly-oak
Bournville,52.4273889,-1.9266683,UK,bournville
Five Ways,52.4710941,-1.9130708,UK,five-ways
Small Heath,52.4636809,-1.8593194,UK,small-heath
Tyseley,52.4539238,-1.8385604,UK,tyseley
Acocks Green,52.449547,-1.8192198,UK,acocks-green
Hamstead,52.5309945,-1.9288687,UK,hamstead
Ashfield,55.8888403,-4.2484588,UK,ashfield
Possilpark and Parkhouse,55.890141,-4.2583527,UK,possilpark-and-parkhouse
Cowcaddens,55.8680751,-4.2598625,UK,cowcaddens
Blackpool South,53.7984415,-3.04882,UK,blackpool-south
Duddeston,52.4884888,-1.8712807,UK,duddeston
Whitley Bay,55.0397265,-1.442273,UK,whitley-bay
Tynemouth,55.0170464,-1.4288662,UK,tynemouth
Cullercoats,55.034999,-1.4363669,UK,cullercoats
Monkseaton,55.042298,-1.4584698,UK,monkseaton
West Monkseaton,55.0405469,-1.4759796,UK,west-monkseaton
North Shields,55.0081382,-1.4489628,UK,north-shields
South Shields,54.9973681,-1.4329872,UK,south-shields
Tyne Dock,54.9761432,-1.4416187,UK,tyne-dock
Simonside,54.971707,-1.4554849,UK,simonside
Aberystwyth Cliff Railway Upper Station,52.4243334,-4.0827684,UK,aberystwyth-cliff-railway-upper-station
Aberystwyth Cliff Railway Lower Station,52.4223809,-4.0839049,UK,aberystwyth-cliff-railway-lower-station
Henllan,52.040521,-4.3949566,UK,henllan
Hebron,53.1045444,-4.1180163,UK,hebron
Clyde Valley Station,55.6940364,-3.8610189,UK,clyde-valley-station
Preston Riverside,53.7587057,-2.754002,UK,preston-riverside
Pier,54.5861853,-0.9707674,UK,pier
Clogwyn,53.0841378,-4.0803839,UK,clogwyn
Halfway,53.0955784,-4.0960793,UK,halfway
Butterley,53.0633087,-1.401268,UK,butterley
Kingsway Station,53.550671,-0.0168191,UK,kingsway-station
Lakeside Central,53.5436891,-0.0095815,UK,lakeside-central
Rowsley South,53.1745377,-1.6096489,UK,rowsley-south
Diss,52.3736162,1.1235411,UK,diss
Danzey,52.3247544,-1.8208401,UK,danzey
Bolton-upon-Dearne,53.5188149,-1.3114857,UK,bolton-upon-dearne
Goldthorpe,53.5338284,-1.3128969,UK,goldthorpe
Thurnscoe,53.5455375,-1.3083856,UK,thurnscoe
Moorthorpe,53.5948943,-1.3048115,UK,moorthorpe
Normanton,53.7004001,-1.4235073,UK,normanton
Snaith,53.6931673,-1.0279398,UK,snaith
Whitley Bridge,53.6991292,-1.1588897,UK,whitley-bridge
Knottingley,53.7064452,-1.2592535,UK,knottingley
Glasshoughton,53.7090568,-1.3420479,UK,glasshoughton
Pontefract Monkhill,53.6988004,-1.3041376,UK,pontefract-monkhill
Castleford,53.7240751,-1.3551009,UK,castleford
Goole,53.7049682,-0.874258,UK,goole
Thorne North,53.6161857,-0.9724456,UK,thorne-north
Horden,54.7637874,-1.3071992,UK,horden
Bow Street,52.4399137,-4.0303603,UK,bow-street
Sutton Hall Railway Station,51.5693654,0.7243279,UK,sutton-hall-railway-station
Livingston Mill,55.8852617,-3.5485017,UK,livingston-mill
Almondhaugh Halt,55.8847771,-3.5553551,UK,almondhaugh-halt
Lionheart,55.4025681,-1.6866887,UK,lionheart
Pontprenshitw,52.0415956,-4.4069336,UK,pontprenshitw
Hall Drive,53.5689612,-2.6047757,UK,hall-drive
Caldecotte Miniature Railway,52.0106337,-0.7084561,UK,caldecotte-miniature-railway
Dumbarton East,55.9423477,-4.5540413,UK,dumbarton-east
Northampton,52.2373719,-0.9069697,UK,northampton
Hawarden,53.1848468,-3.0320721,UK,hawarden
Cannock,52.6860971,-2.0223507,UK,cannock
Perrygrove,51.7825235,-2.6111685,UK,perrygrove
Oakiron,51.7824969,-2.6102566,UK,oakiron
Leyburn,54.308109,-1.8222392,UK,leyburn
Shakespeare Line Warwick Road,52.4544518,-1.843698,UK,shakespeare-line-warwick-road
California Crossing,51.985948,-1.9292816,UK,california-crossing
Witton,52.512194,-1.8839327,UK,witton
The Lakes,52.3590972,-1.8446544,UK,the-lakes
Inverness Airport,57.5333636,-4.055475,UK,inverness-airport
Wickham Market,52.1510336,1.3986272,UK,wickham-market
Alexandra Palace,51.5982024,-0.1206625,UK,alexandra-palace
New Southgate,51.613804,-0.1428091,UK,new-southgate
Oakleigh Park,51.6376675,-0.1662251,UK,oakleigh-park
New Barnet,51.6482779,-0.1726236,UK,new-barnet
South Greenford,51.5332032,-0.3364379,UK,south-greenford
Castle Bar Park,51.5228669,-0.3315024,UK,castle-bar-park
Drayton Green,51.5163854,-0.3301943,UK,drayton-green
Blake Street,52.6043776,-1.8446597,UK,blake-street
Depot Approach,51.5042491,-0.2807018,UK,depot-approach
Ealing End,51.5054114,-0.2817182,UK,ealing-end
Wrexham General,53.0505698,-3.0015161,UK,wrexham-general
Colchester,51.9005793,0.8924554,UK,colchester
Cramlington,55.0877627,-1.5986832,UK,cramlington
Woodbridge,52.0902961,1.3178856,UK,woodbridge
Knowsley Safari Park Train Station,53.4369651,-2.8151829,UK,knowsley-safari-park-train-station
Luton DART Parkway,51.8726445,-0.3951825,UK,luton-dart-parkway
Central Terminal,51.8785942,-0.3737972,UK,central-terminal
Kumali,54.2111863,-0.8068088,UK,kumali
Plaza,54.2094998,-0.8078347,UK,plaza
Old Hill,52.4707939,-2.0561814,UK,old-hill
Coseley,52.5453191,-2.0858098,UK,coseley
Spring Road,52.444262,-1.8362585,UK,spring-road
Thompson Green station (MR2),51.9250992,0.7609321,UK,thompson-green-station-mr2
Hag Fold,53.5335276,-2.4938302,UK,hag-fold
Golding Spring Central,51.8625389,-0.9228506,UK,golding-spring-central
Snaefell Summit,54.2621154,-4.4630083,IM,snaefell-summit
Henllan High Level,52.0400325,-4.3952567,UK,henllan-high-level
Adderley Park,52.4830636,-1.8554151,UK,adderley-park
Foxfield Colliery,52.9984067,-2.0369415,UK,foxfield-colliery
Wootton Wawen,52.2658372,-1.7845997,UK,wootton-wawen
Hall Green,52.4369843,-1.8455704,UK,hall-green
Olton,52.4384167,-1.804385,UK,olton
Birmingham Moor Street,52.4789357,-1.8919518,UK,birmingham-moor-street
Marston Green,52.4668809,-1.7550948,UK,marston-green
Luton,51.8825271,-0.4140848,UK,luton
Weston Wharf,52.8415842,-3.0428622,UK,weston-wharf
Four Oaks,52.5795454,-1.8280314,UK,four-oaks
Gilshochill,55.8972879,-4.2824637,UK,gilshochill
Strathcarron,57.4227498,-5.4285637,UK,strathcarron
Roose,54.1150592,-3.1943835,UK,roose
Meols Cop,53.6460698,-2.9753812,UK,meols-cop
Shirley,52.4035742,-1.8451962,UK,shirley
Pye Corner,51.5813041,-3.0412227,UK,pye-corner
Kingfisher Halt,54.7260089,-1.9243093,UK,kingfisher-halt
Rookwood,51.7850193,-2.6127976,UK,rookwood
Whitrope Siding,55.2938104,-2.7482498,UK,whitrope-siding
Headbolt Lane,53.4915834,-2.8837132,UK,headbolt-lane
Waterside Station,52.7388088,-1.5432862,UK,waterside-station
Greenrigg Halt,55.396437,-1.6603872,UK,greenrigg-halt
Berwyn,52.979942,-3.1950487,UK,berwyn
Deeside Halt,52.9727965,-3.2301065,UK,deeside-halt
Glyndyfrdwy,52.9766183,-3.2674053,UK,glyndyfrdwy
Carrog,52.981703,-3.314922,UK,carrog
Cedarbarn,54.2379744,-0.7504915,UK,cedarbarn
Brent Cross West,51.5688188,-0.2265437,UK,brent-cross-west
Whitehead Lane,53.4945115,-2.4435015,UK,whitehead-lane
Trencherbone Platform,53.4954145,-2.4458362,UK,trencherbone-platform
Wilmcote,52.2225644,-1.7557915,UK,wilmcote
Barking Riverside,51.5195582,0.1160126,UK,barking-riverside
Alvechurch,52.3468326,-1.9679677,UK,alvechurch
Threlkeld Quarry,54.6085896,-3.0439443,UK,threlkeld-quarry
Threlkeld Quarry Station,54.6110501,-3.0440881,UK,threlkeld-quarry-station
Aspatria,54.7589539,-3.3318813,UK,aspatria
Corkickle,54.5416692,-3.5821304,UK,corkickle
Parton,54.5704232,-3.5807799,UK,parton
Cynghordy,52.0514771,-3.7484924,UK,cynghordy
Crosskeys,51.6207575,-3.1258367,UK,crosskeys
Yardley Wood,52.421023,-1.8545598,UK,yardley-wood
Reston,55.849914,-2.1926024,UK,reston
Gresford (WDSME),53.0738888,-2.9784405,UK,gresford-wdsme
Whipsnade Central,51.8461109,-0.5415762,UK,whipsnade-central
Ince,53.539096,-2.6127432,UK,ince
Hindley,53.5424521,-2.574565,UK,hindley
Patricroft,53.4848233,-2.3573446,UK,patricroft
Heald Green,53.3694132,-2.2366797,UK,heald-green
Mauldeth Road,53.4336613,-2.208947,UK,mauldeth-road
North Thoresby,53.4675548,-0.040372,UK,north-thoresby
Powdermill Cut,51.6995763,-0.013182,UK,powdermill-cut
Royal Gunpowder Mills Railway,51.6941835,-0.0121029,UK,royal-gunpowder-mills-railway
Hamilton Square,53.3943237,-3.0140763,UK,hamilton-square
Conway Park,53.3935254,-3.0230881,UK,conway-park
Birkenhead Park,53.3975951,-3.0398169,UK,birkenhead-park
Birkenhead North,53.404707,-3.0579268,UK,birkenhead-north
Bidston,53.4093577,-3.078782,UK,bidston
Meols,53.3994382,-3.1539246,UK,meols
Manor Road,53.3949574,-3.1700493,UK,manor-road
Hoylake,53.3899025,-3.1788231,UK,hoylake
West Kirby,53.3734193,-3.1837893,UK,west-kirby
Wallasey Village,53.4229804,-3.0691606,UK,wallasey-village
Wallasey Grove Road,53.4284435,-3.0697346,UK,wallasey-grove-road
Rock Ferry,53.3728002,-3.0108212,UK,rock-ferry
Bebington,53.3576614,-3.0030663,UK,bebington
Spital,53.3400511,-2.9940923,UK,spital
Bromborough,53.3218579,-2.9868878,UK,bromborough
Eastham Rake,53.3075725,-2.981272,UK,eastham-rake
Hooton,53.2969936,-2.9773177,UK,hooton
Little Sutton,53.2853509,-2.9431269,UK,little-sutton
Overpool,53.2840873,-2.9249263,UK,overpool
Capenhurst,53.260233,-2.9426005,UK,capenhurst
Bache,53.2082623,-2.8913945,UK,bache
Copsewood Miniature Railway,52.4000212,-1.4624777,UK,copsewood-miniature-railway
Murthwaite Halt,54.3806285,-3.3619494,UK,murthwaite-halt
Drumshoreland,55.9165363,-3.4657229,UK,drumshoreland
Laird's Halt,55.9169306,-3.4689062,UK,laird's-halt
Memorial Halt,55.9164981,-3.4689167,UK,memorial-halt
Broomy Hill,52.0491983,-2.7351338,UK,broomy-hill
Barrhead,55.8039857,-4.3971091,UK,barrhead
Kirkhill,55.8141497,-4.1679698,UK,kirkhill
Swanwick Junction,53.0639519,-1.3838589,UK,swanwick-junction
St Helens Central,53.4526608,-2.7299776,UK,st-helens-central
Grotto Halt,52.3739177,-1.5063236,UK,grotto-halt
Statfold Junction,52.65534,-1.6457952,UK,statfold-junction
Oak Tree Halt,52.6515328,-1.6422322,UK,oak-tree-halt
Cogan Halt,52.6528103,-1.6362501,UK,cogan-halt
Mallard Halt,52.6497777,-1.645068,UK,mallard-halt
Corwen,52.9818258,-3.3711545,UK,corwen
Barassie,55.5616026,-4.6514551,UK,barassie
Ayr,55.4582668,-4.6258275,UK,ayr
Little Ruddington,52.885603,-1.1487445,UK,little-ruddington
Pleasurewood Hills,52.5071639,1.744004,UK,pleasurewood-hills
Leven,56.19246,-3.0022502,UK,leven
Midgeway,52.374288,-1.5054448,UK,midgeway
Willenhall,52.5819449,-2.0551823,UK,willenhall
Darlaston,52.5757578,-2.0204169,UK,darlaston
Quarry Siding Halt,52.6265065,-3.988765,UK,quarry-siding-halt
East Linton,55.9871488,-2.6628247,UK,east-linton
Weybourne,52.932799,1.1501325,UK,weybourne
Middle Engine Lane,55.0154743,-1.4958574,UK,middle-engine-lane
Turf Moor Halt,53.6205255,-0.8616583,UK,turf-moor-halt
Runaway Mine Train,52.98951,-1.8856422,UK,runaway-mine-train
Beaulieu Park,51.757694,0.5194956,UK,beaulieu-park
Mutford Thorpe,52.4508709,1.6837499,UK,mutford-thorpe
St Pancras International,51.5322106,-0.1276185,UK,st-pancras-international
Llanhilleth,51.7000382,-3.1342108,UK,llanhilleth
Chapel Road,52.4528926,1.6865812,UK,chapel-road
Newsham,55.1027544,-1.5239825,UK,newsham
Ashington,55.1821205,-1.5725975,UK,ashington
Blyth Bebside,55.1250993,-1.557111,UK,blyth-bebside
Park Gate,52.8845973,-1.145723,UK,park-gate
Quainton Road,51.8644264,-0.9289896,UK,quainton-road
Barking Park,51.5425092,0.0848302,UK,barking-park
Leek (Churnet Valley),53.0935165,-2.0291474,UK,leek-churnet-valley
Richard Jefferies Halt,51.5442704,-1.7429472,UK,richard-jefferies-halt
Woodside Station,53.2283002,-2.602197,UK,woodside-station
